Année;Code département;Libellé département;Code région;Libellé région;Consommation industrie (MWh)
2012.0;9.0;Ariège;76.0;Occitanie;255085.68
2012.0;10.0;Aube;44.0;Grand Est;3075179.2600000002
2012.0;38.0;Isère;84.0;Auvergne-Rhône-Alpes;10160342.25
2012.0;84.0;Vaucluse;93.0;Provence-Alpes-Côte d'Azur;1971774.19
2012.0;88.0;Vosges;44.0;Grand Est;4272027.67
2013.0;36.0;Indre;24.0;Centre-Val de Loire;1053818.2
2013.0;68.0;Haut-Rhin;44.0;Grand Est;12700214.84
2014.0;11.0;Aude;76.0;Occitanie;792272.15
2014.0;21.0;Côte-d'Or;27.0;Bourgogne-Franche-Comté;2148092.05
2014.0;29.0;Finistère;53.0;Bretagne;2969190.31
2014.0;36.0;Indre;24.0;Centre-Val de Loire;966392.72
2015.0;29.0;Finistère;53.0;Bretagne;3066487.54
2015.0;2B;Haute-Corse;94.0;Corse;0.0
2015.0;75.0;Paris;11.0;Île-de-France;496166.73
2016.0;3.0;Allier;84.0;Auvergne-Rhône-Alpes;4270337.35
2016.0;42.0;Loire;84.0;Auvergne-Rhône-Alpes;3181982.86
2016.0;57.0;Moselle;44.0;Grand Est;15018473.61
2016.0;72.0;Sarthe;52.0;Pays de la Loire;2405671.3899999997
2016.0;973.0;Guyane;3.0;Guyane;0.0
2017.0;3.0;Allier;84.0;Auvergne-Rhône-Alpes;4289626.54
2017.0;4.0;Alpes-de-Haute-Provence;93.0;Provence-Alpes-Côte d'Azur;435412.72
2017.0;8.0;Ardennes;44.0;Grand Est;2026875.75
2017.0;11.0;Aude;76.0;Occitanie;757897.72
2017.0;18.0;Cher;24.0;Centre-Val de Loire;612605.53
2017.0;41.0;Loir-et-Cher;24.0;Centre-Val de Loire;1386850.34
2017.0;46.0;Lot;76.0;Occitanie;225197.51
2017.0;48.0;Lozère;76.0;Occitanie;117426.17
2017.0;49.0;Maine-et-Loire;52.0;Pays de la Loire;2028678.65
2012.0;35.0;Ille-et-Vilaine;53.0;Bretagne;2917652.51
2012.0;45.0;Loiret;24.0;Centre-Val de Loire;4510671.1
2012.0;47.0;Lot-et-Garonne;75.0;Nouvelle-Aquitaine;832793.46
2012.0;971.0;Guadeloupe;1.0;Guadeloupe;0.0
2013.0;6.0;Alpes-Maritimes;93.0;Provence-Alpes-Côte d'Azur;437852.88
2013.0;8.0;Ardennes;44.0;Grand Est;1003087.26
2013.0;33.0;Gironde;75.0;Nouvelle-Aquitaine;3225103.95
2013.0;50.0;Manche;28.0;Normandie;1929390.69
2013.0;52.0;Haute-Marne;44.0;Grand Est;964390.56
2013.0;59.0;Nord;32.0;Hauts-de-France;27137212.89
2013.0;83.0;Var;93.0;Provence-Alpes-Côte d'Azur;652309.24
2014.0;28.0;Eure-et-Loir;24.0;Centre-Val de Loire;1230621.1600000001
2014.0;56.0;Morbihan;53.0;Bretagne;2532742.7
2015.0;2.0;Aisne;32.0;Hauts-de-France;4426590.55
2015.0;28.0;Eure-et-Loir;24.0;Centre-Val de Loire;1558699.54
2015.0;38.0;Isère;84.0;Auvergne-Rhône-Alpes;9973499.77
2015.0;64.0;Pyrénées-Atlantiques;75.0;Nouvelle-Aquitaine;2501421.75
2015.0;974.0;La Réunion;4.0;La Réunion;0.0
2016.0;4.0;Alpes-de-Haute-Provence;93.0;Provence-Alpes-Côte d'Azur;371042.47
2016.0;43.0;Haute-Loire;84.0;Auvergne-Rhône-Alpes;1074068.49
2016.0;47.0;Lot-et-Garonne;75.0;Nouvelle-Aquitaine;748898.8400000001
2016.0;55.0;Meuse;44.0;Grand Est;1600968.3599999999
2016.0;61.0;Orne;28.0;Normandie;1486068.0
2017.0;1.0;Ain;84.0;Auvergne-Rhône-Alpes;3207847.6399999997
2017.0;14.0;Calvados;28.0;Normandie;2000403.08
2017.0;29.0;Finistère;53.0;Bretagne;3324165.34
2017.0;51.0;Marne;44.0;Grand Est;5536966.06
2017.0;68.0;Haut-Rhin;44.0;Grand Est;13749129.280000001
2012.0;86.0;Vienne;75.0;Nouvelle-Aquitaine;753494.8400000001
2013.0;65.0;Hautes-Pyrénées;76.0;Occitanie;960974.39
2013.0;974.0;La Réunion;4.0;La Réunion;0.0
2014.0;31.0;Haute-Garonne;76.0;Occitanie;2226613.07
2015.0;89.0;Yonne;27.0;Bourgogne-Franche-Comté;993385.54
2016.0;36.0;Indre;24.0;Centre-Val de Loire;999075.6799999999
2017.0;25.0;Doubs;27.0;Bourgogne-Franche-Comté;2182731.2
2017.0;39.0;Jura;27.0;Bourgogne-Franche-Comté;3771144.1
2017.0;78.0;Yvelines;11.0;Île-de-France;3789682.61
2012.0;7.0;Ardèche;84.0;Auvergne-Rhône-Alpes;523681.01
2012.0;51.0;Marne;44.0;Grand Est;4964065.67
2012.0;63.0;Puy-de-Dôme;84.0;Auvergne-Rhône-Alpes;3314428.94
2013.0;49.0;Maine-et-Loire;52.0;Pays de la Loire;2029193.49
2014.0;17.0;Charente-Maritime;75.0;Nouvelle-Aquitaine;813381.4299999999
2014.0;37.0;Indre-et-Loire;24.0;Centre-Val de Loire;1668325.94
2014.0;67.0;Bas-Rhin;44.0;Grand Est;7581523.1
2015.0;19.0;Corrèze;75.0;Nouvelle-Aquitaine;467860.89999999997
2015.0;43.0;Haute-Loire;84.0;Auvergne-Rhône-Alpes;1066865.04
2013.0;28.0;Eure-et-Loir;24.0;Centre-Val de Loire;1334738.24
2013.0;53.0;Mayenne;52.0;Pays de la Loire;1935035.22
2013.0;87.0;Haute-Vienne;75.0;Nouvelle-Aquitaine;1710223.01
2014.0;49.0;Maine-et-Loire;52.0;Pays de la Loire;1903068.12
2014.0;973.0;Guyane;3.0;Guyane;0.0
2015.0;4.0;Alpes-de-Haute-Provence;93.0;Provence-Alpes-Côte d'Azur;407422.12
2015.0;27.0;Eure;28.0;Normandie;2746157.74
2015.0;79.0;Deux-Sèvres;75.0;Nouvelle-Aquitaine;1119584.95
2015.0;80.0;Somme;32.0;Hauts-de-France;6059387.2299999995
2016.0;24.0;Dordogne;75.0;Nouvelle-Aquitaine;2416872.74
2016.0;64.0;Pyrénées-Atlantiques;75.0;Nouvelle-Aquitaine;2106374.77
2016.0;73.0;Savoie;84.0;Auvergne-Rhône-Alpes;6013147.65
2016.0;86.0;Vienne;75.0;Nouvelle-Aquitaine;715712.37
2016.0;93.0;Seine-Saint-Denis;11.0;Île-de-France;3264420.33
2017.0;21.0;Côte-d'Or;27.0;Bourgogne-Franche-Comté;1353046.2999999998
2017.0;2B;Haute-Corse;94.0;Corse;57845.0
2017.0;50.0;Manche;28.0;Normandie;1884899.92
2017.0;73.0;Savoie;84.0;Auvergne-Rhône-Alpes;6095276.77
2012.0;39.0;Jura;27.0;Bourgogne-Franche-Comté;3462923.02
2012.0;59.0;Nord;32.0;Hauts-de-France;28763563.13
2012.0;93.0;Seine-Saint-Denis;11.0;Île-de-France;4661459.59
2013.0;13.0;Bouches-du-Rhône;93.0;Provence-Alpes-Côte d'Azur;24898979.54
2013.0;58.0;Nièvre;27.0;Bourgogne-Franche-Comté;721989.1699999999
2013.0;89.0;Yonne;27.0;Bourgogne-Franche-Comté;1018512.72
2013.0;972.0;Martinique;2.0;Martinique;0.0
2014.0;58.0;Nièvre;27.0;Bourgogne-Franche-Comté;677715.77
2014.0;72.0;Sarthe;52.0;Pays de la Loire;2588342.96
2014.0;84.0;Vaucluse;93.0;Provence-Alpes-Côte d'Azur;1802021.4
2014.0;974.0;La Réunion;4.0;La Réunion;0.0
2015.0;37.0;Indre-et-Loire;24.0;Centre-Val de Loire;1664017.06
2015.0;58.0;Nièvre;27.0;Bourgogne-Franche-Comté;685070.63
2015.0;971.0;Guadeloupe;1.0;Guadeloupe;0.0
2016.0;8.0;Ardennes;44.0;Grand Est;2022001.15
2016.0;11.0;Aude;76.0;Occitanie;759195.97
2016.0;13.0;Bouches-du-Rhône;93.0;Provence-Alpes-Côte d'Azur;36588498.300000004
2016.0;17.0;Charente-Maritime;75.0;Nouvelle-Aquitaine;826391.48
2016.0;50.0;Manche;28.0;Normandie;1940563.29
2016.0;58.0;Nièvre;27.0;Bourgogne-Franche-Comté;668276.63
2016.0;71.0;Saône-et-Loire;27.0;Bourgogne-Franche-Comté;3516654.09
2017.0;5.0;Hautes-Alpes;93.0;Provence-Alpes-Côte d'Azur;67474.51000000001
2017.0;9.0;Ariège;76.0;Occitanie;469249.11
2017.0;23.0;Creuse;75.0;Nouvelle-Aquitaine;171504.93
2017.0;34.0;Hérault;76.0;Occitanie;929295.6599999999
2017.0;61.0;Orne;28.0;Normandie;1449707.14
2017.0;77.0;Seine-et-Marne;11.0;Île-de-France;8006865.869999999
2017.0;95.0;Val-d'Oise;11.0;Île-de-France;1423059.4300000002
2013.0;41.0;Loir-et-Cher;24.0;Centre-Val de Loire;1491520.48
2014.0;63.0;Puy-de-Dôme;84.0;Auvergne-Rhône-Alpes;3313218.71
2014.0;79.0;Deux-Sèvres;75.0;Nouvelle-Aquitaine;520501.87
2014.0;85.0;Vendée;52.0;Pays de la Loire;2143723.71
2015.0;6.0;Alpes-Maritimes;93.0;Provence-Alpes-Côte d'Azur;755069.9299999999
2015.0;36.0;Indre;24.0;Centre-Val de Loire;990078.5700000001
2015.0;41.0;Loir-et-Cher;24.0;Centre-Val de Loire;1402551.6
2015.0;94.0;Val-de-Marne;11.0;Île-de-France;3438313.34
2016.0;41.0;Loir-et-Cher;24.0;Centre-Val de Loire;1418357.32
2016.0;65.0;Hautes-Pyrénées;76.0;Occitanie;957829.72
2016.0;81.0;Tarn;76.0;Occitanie;1169790.0699999998
2017.0;973.0;Guyane;3.0;Guyane;48357.0
2012.0;4.0;Alpes-de-Haute-Provence;93.0;Provence-Alpes-Côte d'Azur;211085.84
2012.0;34.0;Hérault;76.0;Occitanie;1259633.57
2012.0;46.0;Lot;76.0;Occitanie;216637.73
2012.0;49.0;Maine-et-Loire;52.0;Pays de la Loire;2119173.21
2013.0;4.0;Alpes-de-Haute-Provence;93.0;Provence-Alpes-Côte d'Azur;203617.15
2013.0;46.0;Lot;76.0;Occitanie;224526.1
2013.0;56.0;Morbihan;53.0;Bretagne;2491668.54
2013.0;67.0;Bas-Rhin;44.0;Grand Est;7254952.18
2013.0;88.0;Vosges;44.0;Grand Est;4292559.710000001
2013.0;93.0;Seine-Saint-Denis;11.0;Île-de-France;3974431.61
2014.0;2.0;Aisne;32.0;Hauts-de-France;1085493.52
2014.0;23.0;Creuse;75.0;Nouvelle-Aquitaine;168016.14
2014.0;2A;Corse-du-Sud;94.0;Corse;0.0
2014.0;68.0;Haut-Rhin;44.0;Grand Est;12648596.84
2014.0;89.0;Yonne;27.0;Bourgogne-Franche-Comté;966071.97
2015.0;62.0;Pas-de-Calais;32.0;Hauts-de-France;10317073.3
2015.0;65.0;Hautes-Pyrénées;76.0;Occitanie;968998.73
2015.0;76.0;Seine-Maritime;28.0;Normandie;34209087.79
2015.0;92.0;Hauts-de-Seine;11.0;Île-de-France;2044194.67
2016.0;22.0;Côtes-d'Armor;53.0;Bretagne;1795576.37
2016.0;23.0;Creuse;75.0;Nouvelle-Aquitaine;175434.49
2016.0;68.0;Haut-Rhin;44.0;Grand Est;12942720.469999999
2016.0;95.0;Val-d'Oise;11.0;Île-de-France;1520405.53
2017.0;2A;Corse-du-Sud;94.0;Corse;67964.0
2017.0;65.0;Hautes-Pyrénées;76.0;Occitanie;1002298.0900000001
2017.0;85.0;Vendée;52.0;Pays de la Loire;2189602.89
2012.0;3.0;Allier;84.0;Auvergne-Rhône-Alpes;607741.56
2012.0;15.0;Cantal;84.0;Auvergne-Rhône-Alpes;168861.26
2012.0;17.0;Charente-Maritime;75.0;Nouvelle-Aquitaine;831240.12
2012.0;25.0;Doubs;27.0;Bourgogne-Franche-Comté;2515021.39
2012.0;73.0;Savoie;84.0;Auvergne-Rhône-Alpes;4806680.867000001
2012.0;92.0;Hauts-de-Seine;11.0;Île-de-France;2268261.06
2013.0;25.0;Doubs;27.0;Bourgogne-Franche-Comté;2380447.92
2013.0;2B;Haute-Corse;94.0;Corse;0.0
2013.0;71.0;Saône-et-Loire;27.0;Bourgogne-Franche-Comté;3841647.87
2013.0;72.0;Sarthe;52.0;Pays de la Loire;2831094.17
2013.0;92.0;Hauts-de-Seine;11.0;Île-de-France;2368516.9299999997
2014.0;5.0;Hautes-Alpes;93.0;Provence-Alpes-Côte d'Azur;42475.5
2014.0;15.0;Cantal;84.0;Auvergne-Rhône-Alpes;156035.82
2014.0;30.0;Gard;76.0;Occitanie;2941060.77
2014.0;35.0;Ille-et-Vilaine;53.0;Bretagne;2873141.12
2014.0;43.0;Haute-Loire;84.0;Auvergne-Rhône-Alpes;1043130.96
2014.0;65.0;Hautes-Pyrénées;76.0;Occitanie;969215.7000000001
2015.0;1.0;Ain;84.0;Auvergne-Rhône-Alpes;3231315.31
2015.0;45.0;Loiret;24.0;Centre-Val de Loire;4241496.54
2015.0;59.0;Nord;32.0;Hauts-de-France;27571500.7
2015.0;78.0;Yvelines;11.0;Île-de-France;3794107.0700000003
2015.0;86.0;Vienne;75.0;Nouvelle-Aquitaine;652448.11
2016.0;26.0;Drôme;84.0;Auvergne-Rhône-Alpes;2801976.5100000002
2016.0;51.0;Marne;44.0;Grand Est;5147707.99
2016.0;79.0;Deux-Sèvres;75.0;Nouvelle-Aquitaine;1089952.95
2017.0;31.0;Haute-Garonne;76.0;Occitanie;2389110.2
2017.0;40.0;Landes;75.0;Nouvelle-Aquitaine;1852705.51
2017.0;64.0;Pyrénées-Atlantiques;75.0;Nouvelle-Aquitaine;1967090.8399999999
2012.0;62.0;Pas-de-Calais;32.0;Hauts-de-France;11857338.02
2012.0;76.0;Seine-Maritime;28.0;Normandie;30276355.71
2012.0;87.0;Haute-Vienne;75.0;Nouvelle-Aquitaine;1866939.4200000002
2013.0;1.0;Ain;84.0;Auvergne-Rhône-Alpes;1959306.83
2013.0;54.0;Meurthe-et-Moselle;44.0;Grand Est;7482207.22
2013.0;66.0;Pyrénées-Orientales;76.0;Occitanie;496686.89
2013.0;971.0;Guadeloupe;1.0;Guadeloupe;0.0
2015.0;82.0;Tarn-et-Garonne;76.0;Occitanie;361742.07999999996
2016.0;9.0;Ariège;76.0;Occitanie;490548.98
2016.0;28.0;Eure-et-Loir;24.0;Centre-Val de Loire;1565844.87
2016.0;2B;Haute-Corse;94.0;Corse;0.0
2016.0;62.0;Pas-de-Calais;32.0;Hauts-de-France;9940400.489999998
2016.0;67.0;Bas-Rhin;44.0;Grand Est;7836932.07
2016.0;76.0;Seine-Maritime;28.0;Normandie;33257850.2
2016.0;78.0;Yvelines;11.0;Île-de-France;3835927.66
2017.0;53.0;Mayenne;52.0;Pays de la Loire;1853336.5
2017.0;87.0;Haute-Vienne;75.0;Nouvelle-Aquitaine;1683463.37
2017.0;90.0;Territoire de Belfort;27.0;Bourgogne-Franche-Comté;480232.8
2017.0;972.0;Martinique;2.0;Martinique;144919.0
2012.0;16.0;Charente;75.0;Nouvelle-Aquitaine;2540574.87
2012.0;26.0;Drôme;84.0;Auvergne-Rhône-Alpes;4920072.21
2012.0;30.0;Gard;76.0;Occitanie;3583145.54
2012.0;41.0;Loir-et-Cher;24.0;Centre-Val de Loire;1645307.2000000002
2012.0;48.0;Lozère;76.0;Occitanie;83132.66
2012.0;66.0;Pyrénées-Orientales;76.0;Occitanie;499871.25
2012.0;80.0;Somme;32.0;Hauts-de-France;7446292.38
2012.0;91.0;Essonne;11.0;Île-de-France;2669143.5300000003
2013.0;24.0;Dordogne;75.0;Nouvelle-Aquitaine;2738790.4699999997
2013.0;27.0;Eure;28.0;Normandie;2844014.44
2013.0;45.0;Loiret;24.0;Centre-Val de Loire;4393950.26
2013.0;90.0;Territoire de Belfort;27.0;Bourgogne-Franche-Comté;513993.45999999996
2014.0;2B;Haute-Corse;94.0;Corse;0.0
2014.0;71.0;Saône-et-Loire;27.0;Bourgogne-Franche-Comté;3814594.76
2014.0;80.0;Somme;32.0;Hauts-de-France;6241795.450000001
2014.0;94.0;Val-de-Marne;11.0;Île-de-France;2880290.31
2015.0;21.0;Côte-d'Or;27.0;Bourgogne-Franche-Comté;1371697.75
2015.0;46.0;Lot;76.0;Occitanie;229132.91999999998
2015.0;972.0;Martinique;2.0;Martinique;0.0
2016.0;14.0;Calvados;28.0;Normandie;1909242.75
2016.0;39.0;Jura;27.0;Bourgogne-Franche-Comté;3709477.49
2016.0;69.0;Rhône;84.0;Auvergne-Rhône-Alpes;7581522.050000001
2016.0;976.0;Mayotte;6.0;Mayotte;70891.99
2017.0;36.0;Indre;24.0;Centre-Val de Loire;967353.1499999999
2017.0;38.0;Isère;84.0;Auvergne-Rhône-Alpes;8918455.34
2017.0;84.0;Vaucluse;93.0;Provence-Alpes-Côte d'Azur;1671095.17
2012.0;56.0;Morbihan;53.0;Bretagne;2473188.6500000004
2012.0;61.0;Orne;28.0;Normandie;1496536.24
2012.0;65.0;Hautes-Pyrénées;76.0;Occitanie;986090.0299999999
2012.0;85.0;Vendée;52.0;Pays de la Loire;2176959.0999999996
2013.0;12.0;Aveyron;76.0;Occitanie;913771.6499999999
2017.0;81.0;Tarn;76.0;Occitanie;1131204.72
2012.0;78.0;Yvelines;11.0;Île-de-France;4529750.68
2012.0;79.0;Deux-Sèvres;75.0;Nouvelle-Aquitaine;563274.16
2012.0;95.0;Val-d'Oise;11.0;Île-de-France;1968727.08
2013.0;29.0;Finistère;53.0;Bretagne;2926986.74
2013.0;63.0;Puy-de-Dôme;84.0;Auvergne-Rhône-Alpes;3389249.77
2013.0;74.0;Haute-Savoie;84.0;Auvergne-Rhône-Alpes;2029146.68
2014.0;19.0;Corrèze;75.0;Nouvelle-Aquitaine;456065.19
2014.0;27.0;Eure;28.0;Normandie;2754188.06
2014.0;69.0;Rhône;84.0;Auvergne-Rhône-Alpes;7200228.17
2014.0;93.0;Seine-Saint-Denis;11.0;Île-de-France;2577900.6300000004
2015.0;39.0;Jura;27.0;Bourgogne-Franche-Comté;3263605.2699999996
2015.0;40.0;Landes;75.0;Nouvelle-Aquitaine;2026350.5499999998
2015.0;66.0;Pyrénées-Orientales;76.0;Occitanie;362654.57999999996
2015.0;95.0;Val-d'Oise;11.0;Île-de-France;1439414.04
2016.0;6.0;Alpes-Maritimes;93.0;Provence-Alpes-Côte d'Azur;761318.69
2016.0;75.0;Paris;11.0;Île-de-France;514795.63
2016.0;94.0;Val-de-Marne;11.0;Île-de-France;3654331.2199999997
2017.0;2.0;Aisne;32.0;Hauts-de-France;4322320.33
2017.0;10.0;Aube;44.0;Grand Est;2416370.08
2017.0;12.0;Aveyron;76.0;Occitanie;583352.75
2017.0;19.0;Corrèze;75.0;Nouvelle-Aquitaine;489618.43
2017.0;55.0;Meuse;44.0;Grand Est;1605562.0699999998
2013.0;2A;Corse-du-Sud;94.0;Corse;0.0
2013.0;61.0;Orne;28.0;Normandie;1491805.6600000001
2013.0;76.0;Seine-Maritime;28.0;Normandie;33626155.12
2013.0;86.0;Vienne;75.0;Nouvelle-Aquitaine;750814.75
2014.0;12.0;Aveyron;76.0;Occitanie;958692.34
2014.0;64.0;Pyrénées-Atlantiques;75.0;Nouvelle-Aquitaine;2517672.91
2015.0;8.0;Ardennes;44.0;Grand Est;1966055.76
2015.0;16.0;Charente;75.0;Nouvelle-Aquitaine;2425051.85
2015.0;42.0;Loire;84.0;Auvergne-Rhône-Alpes;3261227.0300000003
2015.0;84.0;Vaucluse;93.0;Provence-Alpes-Côte d'Azur;1594900.52
2016.0;31.0;Haute-Garonne;76.0;Occitanie;2265523.81
2016.0;38.0;Isère;84.0;Auvergne-Rhône-Alpes;9208948.45
2012.0;19.0;Corrèze;75.0;Nouvelle-Aquitaine;472043.31999999995
2012.0;55.0;Meuse;44.0;Grand Est;1738409.5499999998
2012.0;60.0;Oise;32.0;Hauts-de-France;5108150.0
2012.0;82.0;Tarn-et-Garonne;76.0;Occitanie;395262.05000000005
2013.0;39.0;Jura;27.0;Bourgogne-Franche-Comté;3225864.7800000003
2014.0;57.0;Moselle;44.0;Grand Est;9877199.84
2014.0;95.0;Val-d'Oise;11.0;Île-de-France;1407390.0699999998
2016.0;12.0;Aveyron;76.0;Occitanie;629927.0800000001
2016.0;56.0;Morbihan;53.0;Bretagne;2472885.17
2016.0;84.0;Vaucluse;93.0;Provence-Alpes-Côte d'Azur;1615962.25
2012.0;8.0;Ardennes;44.0;Grand Est;1023558.54
2012.0;68.0;Haut-Rhin;44.0;Grand Est;12788057.67
2012.0;77.0;Seine-et-Marne;11.0;Île-de-France;8901401.41
2013.0;5.0;Hautes-Alpes;93.0;Provence-Alpes-Côte d'Azur;40102.34
2012.0;14.0;Calvados;28.0;Normandie;2152050.95
2012.0;64.0;Pyrénées-Atlantiques;75.0;Nouvelle-Aquitaine;1876999.0499999998
2013.0;48.0;Lozère;76.0;Occitanie;89496.53
2013.0;64.0;Pyrénées-Atlantiques;75.0;Nouvelle-Aquitaine;2099518.9699999997
2013.0;84.0;Vaucluse;93.0;Provence-Alpes-Côte d'Azur;1916161.6800000002
2013.0;95.0;Val-d'Oise;11.0;Île-de-France;1793727.19
2014.0;14.0;Calvados;28.0;Normandie;1986298.08
2014.0;16.0;Charente;75.0;Nouvelle-Aquitaine;2422151.8200000003
2014.0;46.0;Lot;76.0;Occitanie;219573.5
2014.0;88.0;Vosges;44.0;Grand Est;3902002.74
2015.0;11.0;Aude;76.0;Occitanie;741158.89
2015.0;14.0;Calvados;28.0;Normandie;1957772.42
2012.0;81.0;Tarn;76.0;Occitanie;1286489.1
2013.0;40.0;Landes;75.0;Nouvelle-Aquitaine;2101594.6
2013.0;60.0;Oise;32.0;Hauts-de-France;5061051.220000001
2013.0;973.0;Guyane;3.0;Guyane;0.0
2015.0;52.0;Haute-Marne;44.0;Grand Est;933810.62
2015.0;61.0;Orne;28.0;Normandie;1493122.67
2015.0;90.0;Territoire de Belfort;27.0;Bourgogne-Franche-Comté;476430.36
2016.0;48.0;Lozère;76.0;Occitanie;97627.49
2017.0;54.0;Meurthe-et-Moselle;44.0;Grand Est;12417700.57
2017.0;71.0;Saône-et-Loire;27.0;Bourgogne-Franche-Comté;3469023.15
2012.0;50.0;Manche;28.0;Normandie;1896706.7399999998
2012.0;57.0;Moselle;44.0;Grand Est;12913111.65
2014.0;55.0;Meuse;44.0;Grand Est;1681351.0000000002
2014.0;90.0;Territoire de Belfort;27.0;Bourgogne-Franche-Comté;454868.47000000003
2016.0;83.0;Var;93.0;Provence-Alpes-Côte d'Azur;532282.36
2017.0;22.0;Côtes-d'Armor;53.0;Bretagne;1817354.94
2012.0;12.0;Aveyron;76.0;Occitanie;844230.33
2012.0;54.0;Meurthe-et-Moselle;44.0;Grand Est;6729998.4799999995
2012.0;75.0;Paris;11.0;Île-de-France;446976.11
2013.0;2.0;Aisne;32.0;Hauts-de-France;1145310.17
2013.0;10.0;Aube;44.0;Grand Est;2802619.33
2013.0;15.0;Cantal;84.0;Auvergne-Rhône-Alpes;163388.12
2016.0;971.0;Guadeloupe;1.0;Guadeloupe;0.0
2016.0;974.0;La Réunion;4.0;La Réunion;0.0
2017.0;42.0;Loire;84.0;Auvergne-Rhône-Alpes;3281861.9
2017.0;57.0;Moselle;44.0;Grand Est;17296609.529999997
2017.0;94.0;Val-de-Marne;11.0;Île-de-France;3548862.34
2017.0;974.0;La Réunion;4.0;La Réunion;457261.0
2017.0;976.0;Mayotte;6.0;Mayotte;71252.9
2013.0;35.0;Ille-et-Vilaine;53.0;Bretagne;2912103.52
2013.0;75.0;Paris;11.0;Île-de-France;464659.92000000004
2013.0;82.0;Tarn-et-Garonne;76.0;Occitanie;382185.89
2014.0;33.0;Gironde;75.0;Nouvelle-Aquitaine;3249581.96
2014.0;86.0;Vienne;75.0;Nouvelle-Aquitaine;651219.82
2015.0;5.0;Hautes-Alpes;93.0;Provence-Alpes-Côte d'Azur;46841.78
2015.0;9.0;Ariège;76.0;Occitanie;503260.70999999996
2015.0;22.0;Côtes-d'Armor;53.0;Bretagne;1843818.35
2015.0;2A;Corse-du-Sud;94.0;Corse;0.0
2015.0;32.0;Gers;76.0;Occitanie;197505.03
2015.0;71.0;Saône-et-Loire;27.0;Bourgogne-Franche-Comté;3565491.1399999997
2016.0;1.0;Ain;84.0;Auvergne-Rhône-Alpes;3354170.41
2016.0;46.0;Lot;76.0;Occitanie;226814.01
2016.0;60.0;Oise;32.0;Hauts-de-France;4536807.13
2016.0;87.0;Haute-Vienne;75.0;Nouvelle-Aquitaine;1635096.28
2016.0;92.0;Hauts-de-Seine;11.0;Île-de-France;2508360.42
2017.0;33.0;Gironde;75.0;Nouvelle-Aquitaine;3580693.0999999996
2017.0;74.0;Haute-Savoie;84.0;Auvergne-Rhône-Alpes;2125432.03
2017.0;82.0;Tarn-et-Garonne;76.0;Occitanie;363413.93000000005
2017.0;83.0;Var;93.0;Provence-Alpes-Côte d'Azur;551388.27
2013.0;94.0;Val-de-Marne;11.0;Île-de-France;3845463.87
2014.0;1.0;Ain;84.0;Auvergne-Rhône-Alpes;1947632.54
2014.0;22.0;Côtes-d'Armor;53.0;Bretagne;1798593.2000000002
2014.0;40.0;Landes;75.0;Nouvelle-Aquitaine;2107158.2199999997
2014.0;52.0;Haute-Marne;44.0;Grand Est;967528.36
2014.0;74.0;Haute-Savoie;84.0;Auvergne-Rhône-Alpes;1960620.1
2014.0;76.0;Seine-Maritime;28.0;Normandie;32609893.98
2015.0;12.0;Aveyron;76.0;Occitanie;654430.49
2015.0;44.0;Loire-Atlantique;52.0;Pays de la Loire;7885751.62
2016.0;16.0;Charente;75.0;Nouvelle-Aquitaine;2379273.73
2016.0;44.0;Loire-Atlantique;52.0;Pays de la Loire;9362639.0
2016.0;59.0;Nord;32.0;Hauts-de-France;33784062.050000004
2016.0;63.0;Puy-de-Dôme;84.0;Auvergne-Rhône-Alpes;3389351.3899999997
2017.0;43.0;Haute-Loire;84.0;Auvergne-Rhône-Alpes;1056491.2
2012.0;5.0;Hautes-Alpes;93.0;Provence-Alpes-Côte d'Azur;44941.67
2012.0;58.0;Nièvre;27.0;Bourgogne-Franche-Comté;700767.12
2013.0;11.0;Aude;76.0;Occitanie;813417.73
2013.0;23.0;Creuse;75.0;Nouvelle-Aquitaine;173948.82
2013.0;31.0;Haute-Garonne;76.0;Occitanie;2444180.26
2013.0;51.0;Marne;44.0;Grand Est;4917451.63
2013.0;70.0;Haute-Saône;27.0;Bourgogne-Franche-Comté;943738.87
2014.0;26.0;Drôme;84.0;Auvergne-Rhône-Alpes;2854558.18
2014.0;54.0;Meurthe-et-Moselle;44.0;Grand Est;5798258.7700000005
2014.0;61.0;Orne;28.0;Normandie;1465488.72
2014.0;77.0;Seine-et-Marne;11.0;Île-de-France;7899357.13
2014.0;81.0;Tarn;76.0;Occitanie;1273706.4
2015.0;30.0;Gard;76.0;Occitanie;2497837.9000000004
2015.0;31.0;Haute-Garonne;76.0;Occitanie;2233973.61
2015.0;35.0;Ille-et-Vilaine;53.0;Bretagne;2959020.5700000003
2015.0;63.0;Puy-de-Dôme;84.0;Auvergne-Rhône-Alpes;3290828.5999999996
2015.0;85.0;Vendée;52.0;Pays de la Loire;2213284.4
2016.0;27.0;Eure;28.0;Normandie;2741858.24
2016.0;35.0;Ille-et-Vilaine;53.0;Bretagne;2975506.83
2016.0;66.0;Pyrénées-Orientales;76.0;Occitanie;349614.06999999995
2016.0;77.0;Seine-et-Marne;11.0;Île-de-France;9279218.780000001
2016.0;91.0;Essonne;11.0;Île-de-France;2230058.42
2017.0;6.0;Alpes-Maritimes;93.0;Provence-Alpes-Côte d'Azur;755916.76
2017.0;28.0;Eure-et-Loir;24.0;Centre-Val de Loire;1519074.56
2017.0;44.0;Loire-Atlantique;52.0;Pays de la Loire;9842226.809999999
2017.0;45.0;Loiret;24.0;Centre-Val de Loire;4524311.57
2017.0;89.0;Yonne;27.0;Bourgogne-Franche-Comté;996632.41
2017.0;93.0;Seine-Saint-Denis;11.0;Île-de-France;3148757.6300000004
2013.0;44.0;Loire-Atlantique;52.0;Pays de la Loire;7518675.9799999995
2014.0;7.0;Ardèche;84.0;Auvergne-Rhône-Alpes;541924.35
2014.0;10.0;Aube;44.0;Grand Est;2692830.85
2014.0;18.0;Cher;24.0;Centre-Val de Loire;582351.58
2014.0;24.0;Dordogne;75.0;Nouvelle-Aquitaine;2392377.83
2014.0;34.0;Hérault;76.0;Occitanie;1174697.6400000001
2014.0;47.0;Lot-et-Garonne;75.0;Nouvelle-Aquitaine;769941.1200000001
2014.0;53.0;Mayenne;52.0;Pays de la Loire;1837066.0299999998
2015.0;13.0;Bouches-du-Rhône;93.0;Provence-Alpes-Côte d'Azur;27209489.43
2015.0;49.0;Maine-et-Loire;52.0;Pays de la Loire;1980864.0899999999
2015.0;69.0;Rhône;84.0;Auvergne-Rhône-Alpes;7421719.62
2016.0;5.0;Hautes-Alpes;93.0;Provence-Alpes-Côte d'Azur;49666.02
2016.0;10.0;Aube;44.0;Grand Est;2439163.01
2016.0;15.0;Cantal;84.0;Auvergne-Rhône-Alpes;157769.22
2017.0;35.0;Ille-et-Vilaine;53.0;Bretagne;3070455.06
2017.0;59.0;Nord;32.0;Hauts-de-France;38556253.58
2017.0;60.0;Oise;32.0;Hauts-de-France;4646487.19
2017.0;91.0;Essonne;11.0;Île-de-France;2238895.64
2012.0;13.0;Bouches-du-Rhône;93.0;Provence-Alpes-Côte d'Azur;25923092.040000003
2012.0;2A;Corse-du-Sud;94.0;Corse;0.0
2012.0;32.0;Gers;76.0;Occitanie;222307.7
2012.0;44.0;Loire-Atlantique;52.0;Pays de la Loire;7494889.99
2012.0;53.0;Mayenne;52.0;Pays de la Loire;1797518.53
2012.0;69.0;Rhône;84.0;Auvergne-Rhône-Alpes;7842283.16
2012.0;972.0;Martinique;2.0;Martinique;0.0
2013.0;17.0;Charente-Maritime;75.0;Nouvelle-Aquitaine;837236.51
2013.0;57.0;Moselle;44.0;Grand Est;12088014.469999999
2013.0;78.0;Yvelines;11.0;Île-de-France;4365307.08
2013.0;91.0;Essonne;11.0;Île-de-France;2611328.48
2014.0;13.0;Bouches-du-Rhône;93.0;Provence-Alpes-Côte d'Azur;22859995.59
2014.0;39.0;Jura;27.0;Bourgogne-Franche-Comté;2973420.5999999996
2014.0;50.0;Manche;28.0;Normandie;1929747.5899999999
2014.0;51.0;Marne;44.0;Grand Est;5004479.34
2014.0;82.0;Tarn-et-Garonne;76.0;Occitanie;374706.78
2015.0;3.0;Allier;84.0;Auvergne-Rhône-Alpes;3468798.1
2015.0;26.0;Drôme;84.0;Auvergne-Rhône-Alpes;2860321.49
2015.0;47.0;Lot-et-Garonne;75.0;Nouvelle-Aquitaine;759043.8
2015.0;57.0;Moselle;44.0;Grand Est;12214488.77
2016.0;29.0;Finistère;53.0;Bretagne;3306454.65
2016.0;82.0;Tarn-et-Garonne;76.0;Occitanie;366167.78
2017.0;16.0;Charente;75.0;Nouvelle-Aquitaine;2478751.51
2017.0;24.0;Dordogne;75.0;Nouvelle-Aquitaine;2473884.5700000003
2017.0;30.0;Gard;76.0;Occitanie;2624484.3899999997
2017.0;37.0;Indre-et-Loire;24.0;Centre-Val de Loire;1600235.0
2012.0;29.0;Finistère;53.0;Bretagne;2935838.34
2013.0;37.0;Indre-et-Loire;24.0;Centre-Val de Loire;1796186.5699999998
2013.0;47.0;Lot-et-Garonne;75.0;Nouvelle-Aquitaine;805182.3200000001
2014.0;6.0;Alpes-Maritimes;93.0;Provence-Alpes-Côte d'Azur;454654.76
2014.0;41.0;Loir-et-Cher;24.0;Centre-Val de Loire;1428871.42
2014.0;42.0;Loire;84.0;Auvergne-Rhône-Alpes;3428010.24
2015.0;50.0;Manche;28.0;Normandie;1941328.17
2015.0;73.0;Savoie;84.0;Auvergne-Rhône-Alpes;5715982.276000001
2015.0;93.0;Seine-Saint-Denis;11.0;Île-de-France;3194651.71
2017.0;56.0;Morbihan;53.0;Bretagne;2462022.0
2017.0;70.0;Haute-Saône;27.0;Bourgogne-Franche-Comté;729300.39
2017.0;75.0;Paris;11.0;Île-de-France;514882.16
2012.0;22.0;Côtes-d'Armor;53.0;Bretagne;1753105.7
2012.0;28.0;Eure-et-Loir;24.0;Centre-Val de Loire;1339748.78
2013.0;7.0;Ardèche;84.0;Auvergne-Rhône-Alpes;554219.98
2013.0;16.0;Charente;75.0;Nouvelle-Aquitaine;2474828.26
2013.0;18.0;Cher;24.0;Centre-Val de Loire;624552.48
2013.0;69.0;Rhône;84.0;Auvergne-Rhône-Alpes;7678990.71
2013.0;73.0;Savoie;84.0;Auvergne-Rhône-Alpes;4964330.804
2014.0;3.0;Allier;84.0;Auvergne-Rhône-Alpes;548701.87
2014.0;8.0;Ardennes;44.0;Grand Est;979274.52
2014.0;25.0;Doubs;27.0;Bourgogne-Franche-Comté;2285982.36
2014.0;78.0;Yvelines;11.0;Île-de-France;3670848.7
2014.0;91.0;Essonne;11.0;Île-de-France;2031292.39
2014.0;971.0;Guadeloupe;1.0;Guadeloupe;0.0
2015.0;7.0;Ardèche;84.0;Auvergne-Rhône-Alpes;1095678.48
2016.0;33.0;Gironde;75.0;Nouvelle-Aquitaine;3657688.3200000003
2016.0;37.0;Indre-et-Loire;24.0;Centre-Val de Loire;1628591.53
2016.0;90.0;Territoire de Belfort;27.0;Bourgogne-Franche-Comté;499894.56999999995
2017.0;67.0;Bas-Rhin;44.0;Grand Est;6392688.5600000005
2012.0;6.0;Alpes-Maritimes;93.0;Provence-Alpes-Côte d'Azur;473935.95
2012.0;21.0;Côte-d'Or;27.0;Bourgogne-Franche-Comté;2225059.66
2012.0;37.0;Indre-et-Loire;24.0;Centre-Val de Loire;1800380.86
2012.0;70.0;Haute-Saône;27.0;Bourgogne-Franche-Comté;964741.8300000001
2012.0;71.0;Saône-et-Loire;27.0;Bourgogne-Franche-Comté;3813543.49
2012.0;90.0;Territoire de Belfort;27.0;Bourgogne-Franche-Comté;570743.45
2012.0;973.0;Guyane;3.0;Guyane;0.0
2013.0;9.0;Ariège;76.0;Occitanie;264832.28
2013.0;22.0;Côtes-d'Armor;53.0;Bretagne;1764965.12
2014.0;9.0;Ariège;76.0;Occitanie;260671.52000000002
2014.0;48.0;Lozère;76.0;Occitanie;99713.03
2014.0;60.0;Oise;32.0;Hauts-de-France;4821096.02
2014.0;972.0;Martinique;2.0;Martinique;0.0
2015.0;34.0;Hérault;76.0;Occitanie;1131949.17
2015.0;51.0;Marne;44.0;Grand Est;4955951.5600000005
2015.0;55.0;Meuse;44.0;Grand Est;1692346.7
2015.0;72.0;Sarthe;52.0;Pays de la Loire;2385264.2800000003
2016.0;7.0;Ardèche;84.0;Auvergne-Rhône-Alpes;1136754.75
2016.0;32.0;Gers;76.0;Occitanie;192083.72
2016.0;52.0;Haute-Marne;44.0;Grand Est;914780.3300000001
2016.0;74.0;Haute-Savoie;84.0;Auvergne-Rhône-Alpes;2052399.31
2016.0;85.0;Vendée;52.0;Pays de la Loire;2229100.69
2016.0;972.0;Martinique;2.0;Martinique;0.0
2017.0;62.0;Pas-de-Calais;32.0;Hauts-de-France;10458098.14
2017.0;72.0;Sarthe;52.0;Pays de la Loire;2428030.99
2017.0;76.0;Seine-Maritime;28.0;Normandie;34216665.68
2017.0;86.0;Vienne;75.0;Nouvelle-Aquitaine;828151.66
2017.0;971.0;Guadeloupe;1.0;Guadeloupe;125833.0
2012.0;67.0;Bas-Rhin;44.0;Grand Est;4842392.68
2012.0;74.0;Haute-Savoie;84.0;Auvergne-Rhône-Alpes;1948735.04
2012.0;83.0;Var;93.0;Provence-Alpes-Côte d'Azur;644944.3999999999
2012.0;94.0;Val-de-Marne;11.0;Île-de-France;3923423.0199999996
2013.0;3.0;Allier;84.0;Auvergne-Rhône-Alpes;586391.15
2013.0;30.0;Gard;76.0;Occitanie;2831826.84
2013.0;38.0;Isère;84.0;Auvergne-Rhône-Alpes;10074489.75
2013.0;81.0;Tarn;76.0;Occitanie;1276220.5999999999
2014.0;32.0;Gers;76.0;Occitanie;197156.41
2014.0;87.0;Haute-Vienne;75.0;Nouvelle-Aquitaine;1496136.42
2015.0;67.0;Bas-Rhin;44.0;Grand Est;7656963.26
2015.0;81.0;Tarn;76.0;Occitanie;1202518.71
2015.0;973.0;Guyane;3.0;Guyane;0.0
2016.0;2A;Corse-du-Sud;94.0;Corse;0.0
2016.0;54.0;Meurthe-et-Moselle;44.0;Grand Est;11818122.719999999
2017.0;13.0;Bouches-du-Rhône;93.0;Provence-Alpes-Côte d'Azur;36493280.19
2017.0;17.0;Charente-Maritime;75.0;Nouvelle-Aquitaine;823879.8
2012.0;1.0;Ain;84.0;Auvergne-Rhône-Alpes;1960069.91
2012.0;18.0;Cher;24.0;Centre-Val de Loire;628690.28
2012.0;40.0;Landes;75.0;Nouvelle-Aquitaine;2251365.04
2012.0;43.0;Haute-Loire;84.0;Auvergne-Rhône-Alpes;1051393.34
2012.0;72.0;Sarthe;52.0;Pays de la Loire;2910240.74
2013.0;21.0;Côte-d'Or;27.0;Bourgogne-Franche-Comté;2192133.83
2013.0;42.0;Loire;84.0;Auvergne-Rhône-Alpes;3543576.9699999997
2013.0;62.0;Pas-de-Calais;32.0;Hauts-de-France;11709936.24
2013.0;77.0;Seine-et-Marne;11.0;Île-de-France;8482081.9
2014.0;70.0;Haute-Saône;27.0;Bourgogne-Franche-Comté;869037.61
2015.0;24.0;Dordogne;75.0;Nouvelle-Aquitaine;2394181.84
2015.0;53.0;Mayenne;52.0;Pays de la Loire;1827421.48
2015.0;68.0;Haut-Rhin;44.0;Grand Est;12506391.98
2015.0;91.0;Essonne;11.0;Île-de-France;2151737.46
2016.0;19.0;Corrèze;75.0;Nouvelle-Aquitaine;494437.66000000003
2016.0;30.0;Gard;76.0;Occitanie;2574287.11
2016.0;40.0;Landes;75.0;Nouvelle-Aquitaine;1999270.17
2016.0;49.0;Maine-et-Loire;52.0;Pays de la Loire;2004982.3900000001
2017.0;7.0;Ardèche;84.0;Auvergne-Rhône-Alpes;1192098.77
2017.0;32.0;Gers;76.0;Occitanie;185717.32
2017.0;52.0;Haute-Marne;44.0;Grand Est;887611.6
2017.0;63.0;Puy-de-Dôme;84.0;Auvergne-Rhône-Alpes;3358183.7600000002
2017.0;79.0;Deux-Sèvres;75.0;Nouvelle-Aquitaine;1110471.25
2017.0;80.0;Somme;32.0;Hauts-de-France;5469183.55
2017.0;92.0;Hauts-de-Seine;11.0;Île-de-France;2428997.68
2012.0;11.0;Aude;76.0;Occitanie;845672.84
2012.0;24.0;Dordogne;75.0;Nouvelle-Aquitaine;3064868.13
2012.0;2B;Haute-Corse;94.0;Corse;0.0
2012.0;31.0;Haute-Garonne;76.0;Occitanie;2418726.61
2013.0;32.0;Gers;76.0;Occitanie;220498.2
2014.0;38.0;Isère;84.0;Auvergne-Rhône-Alpes;9830630.02
2014.0;45.0;Loiret;24.0;Centre-Val de Loire;4355889.08
2014.0;62.0;Pas-de-Calais;32.0;Hauts-de-France;10875186.5
2014.0;73.0;Savoie;84.0;Auvergne-Rhône-Alpes;5234464.91
2014.0;75.0;Paris;11.0;Île-de-France;444280.59
2015.0;10.0;Aube;44.0;Grand Est;2402328.61
2015.0;17.0;Charente-Maritime;75.0;Nouvelle-Aquitaine;821220.48
2015.0;23.0;Creuse;75.0;Nouvelle-Aquitaine;173019.11
2015.0;48.0;Lozère;76.0;Occitanie;114516.18
2015.0;77.0;Seine-et-Marne;11.0;Île-de-France;7229862.06
2015.0;83.0;Var;93.0;Provence-Alpes-Côte d'Azur;523049.33
2015.0;87.0;Haute-Vienne;75.0;Nouvelle-Aquitaine;1540504.72
2015.0;976.0;Mayotte;6.0;Mayotte;67702.46
2016.0;25.0;Doubs;27.0;Bourgogne-Franche-Comté;2150312.51
2016.0;45.0;Loiret;24.0;Centre-Val de Loire;4320077.52
2016.0;80.0;Somme;32.0;Hauts-de-France;5821556.049999999
2016.0;89.0;Yonne;27.0;Bourgogne-Franche-Comté;1017828.73
2017.0;26.0;Drôme;84.0;Auvergne-Rhône-Alpes;2695799.12
2017.0;27.0;Eure;28.0;Normandie;2608558.83
2017.0;58.0;Nièvre;27.0;Bourgogne-Franche-Comté;655906.04
2017.0;88.0;Vosges;44.0;Grand Est;3823091.6799999997
2012.0;2.0;Aisne;32.0;Hauts-de-France;1149343.94
2012.0;23.0;Creuse;75.0;Nouvelle-Aquitaine;171839.88
2012.0;27.0;Eure;28.0;Normandie;2879619.6799999997
2012.0;42.0;Loire;84.0;Auvergne-Rhône-Alpes;3605482.2
2012.0;974.0;La Réunion;4.0;La Réunion;0.0
2013.0;19.0;Corrèze;75.0;Nouvelle-Aquitaine;476005.07
2013.0;34.0;Hérault;76.0;Occitanie;1244956.93
2013.0;43.0;Haute-Loire;84.0;Auvergne-Rhône-Alpes;1054807.8
2013.0;55.0;Meuse;44.0;Grand Est;1739488.8299999998
2013.0;80.0;Somme;32.0;Hauts-de-France;7249175.84
2013.0;85.0;Vendée;52.0;Pays de la Loire;2184369.94
2014.0;4.0;Alpes-de-Haute-Provence;93.0;Provence-Alpes-Côte d'Azur;202418.34
2014.0;44.0;Loire-Atlantique;52.0;Pays de la Loire;6377254.22
2015.0;25.0;Doubs;27.0;Bourgogne-Franche-Comté;2041201.58
2015.0;33.0;Gironde;75.0;Nouvelle-Aquitaine;3517096.4000000004
2015.0;56.0;Morbihan;53.0;Bretagne;2525420.4000000004
2015.0;88.0;Vosges;44.0;Grand Est;3785779.36
2016.0;34.0;Hérault;76.0;Occitanie;918029.6000000001
2016.0;70.0;Haute-Saône;27.0;Bourgogne-Franche-Comté;763109.31
2016.0;88.0;Vosges;44.0;Grand Est;3968279.7800000003
2017.0;15.0;Cantal;84.0;Auvergne-Rhône-Alpes;163219.04
2017.0;47.0;Lot-et-Garonne;75.0;Nouvelle-Aquitaine;802511.3300000001
2017.0;69.0;Rhône;84.0;Auvergne-Rhône-Alpes;7289942.470000001
2012.0;33.0;Gironde;75.0;Nouvelle-Aquitaine;3254867.62
2012.0;36.0;Indre;24.0;Centre-Val de Loire;1112225.6600000001
2014.0;59.0;Nord;32.0;Hauts-de-France;24926892.22
2014.0;66.0;Pyrénées-Orientales;76.0;Occitanie;845399.8200000001
2014.0;83.0;Var;93.0;Provence-Alpes-Côte d'Azur;635406.76
2014.0;92.0;Hauts-de-Seine;11.0;Île-de-France;2033130.3599999999
2015.0;60.0;Oise;32.0;Hauts-de-France;4528539.49
2015.0;70.0;Haute-Saône;27.0;Bourgogne-Franche-Comté;756500.39
2015.0;74.0;Haute-Savoie;84.0;Auvergne-Rhône-Alpes;1967177.39
2012.0;52.0;Haute-Marne;44.0;Grand Est;941850.03
2012.0;89.0;Yonne;27.0;Bourgogne-Franche-Comté;1032674.1499999999
2013.0;14.0;Calvados;28.0;Normandie;2042125.49
2013.0;26.0;Drôme;84.0;Auvergne-Rhône-Alpes;2806915.93
2013.0;79.0;Deux-Sèvres;75.0;Nouvelle-Aquitaine;556795.77
2015.0;15.0;Cantal;84.0;Auvergne-Rhône-Alpes;157187.1
2015.0;18.0;Cher;24.0;Centre-Val de Loire;599018.12
2015.0;54.0;Meurthe-et-Moselle;44.0;Grand Est;7864705.66
2016.0;2.0;Aisne;32.0;Hauts-de-France;4265923.32
2016.0;18.0;Cher;24.0;Centre-Val de Loire;629311.96
2016.0;21.0;Côte-d'Or;27.0;Bourgogne-Franche-Comté;1356070.72
2016.0;53.0;Mayenne;52.0;Pays de la Loire;1863294.9300000002
2017.0;66.0;Pyrénées-Orientales;76.0;Occitanie;350720.68
2024.0;976.0;Mayotte;6.0;Mayotte;0.0
2020.0;63.0;Puy-de-Dôme;84.0;Auvergne-Rhône-Alpes;2823688.76989
2024.0;28.0;Eure-et-Loir;24.0;Centre-Val de Loire;1046843.79399
2019.0;29.0;Finistère;53.0;Bretagne;2467334.62971
2018.0;31.0;Haute-Garonne;76.0;Occitanie;2771131.38855
2024.0;42.0;Loire;84.0;Auvergne-Rhône-Alpes;3260226.22497
2021.0;37.0;Indre-et-Loire;24.0;Centre-Val de Loire;1910812.6504
2023.0;74.0;Haute-Savoie;84.0;Auvergne-Rhône-Alpes;2080772.40855
2022.0;95.0;Val-d'Oise;11.0;Île-de-France;1723178.85423
2020.0;93.0;Seine-Saint-Denis;11.0;Île-de-France;3124131.09685
2024.0;1.0;Ain;84.0;Auvergne-Rhône-Alpes;3116588.18032
2020.0;974.0;La Réunion;4.0;La Réunion;276253.362
2019.0;10.0;Aube;44.0;Grand Est;2487401.1551
2023.0;976.0;Mayotte;6.0;Mayotte;20219.527
2018.0;39.0;Jura;27.0;Bourgogne-Franche-Comté;2793322.76224
2020.0;52.0;Haute-Marne;44.0;Grand Est;852969.58102
2019.0;28.0;Eure-et-Loir;24.0;Centre-Val de Loire;1483155.04316
2020.0;43.0;Haute-Loire;84.0;Auvergne-Rhône-Alpes;1053037.17761
2018.0;53.0;Mayenne;52.0;Pays de la Loire;1733804.15733
2023.0;30.0;Gard;76.0;Occitanie;2238727.04831
2021.0;73.0;Savoie;84.0;Auvergne-Rhône-Alpes;5387371.5751
2021.0;8.0;Ardennes;44.0;Grand Est;1896600.94328
2021.0;26.0;Drôme;84.0;Auvergne-Rhône-Alpes;2983621.54571
2024.0;17.0;Charente-Maritime;75.0;Nouvelle-Aquitaine;702864.18109
2019.0;91.0;Essonne;11.0;Île-de-France;2347994.29268
2019.0;86.0;Vienne;75.0;Nouvelle-Aquitaine;801925.73174
2024.0;50.0;Manche;28.0;Normandie;2297042.90135
2024.0;53.0;Mayenne;52.0;Pays de la Loire;1725337.15467
2021.0;42.0;Loire;84.0;Auvergne-Rhône-Alpes;4192943.40003
2023.0;55.0;Meuse;44.0;Grand Est;1483599.78634
2022.0;974.0;La Réunion;4.0;La Réunion;292132.126
2018.0;47.0;Lot-et-Garonne;75.0;Nouvelle-Aquitaine;906701.80066
2022.0;56.0;Morbihan;53.0;Bretagne;2547871.63424
2021.0;18.0;Cher;24.0;Centre-Val de Loire;656307.32524
2022.0;18.0;Cher;24.0;Centre-Val de Loire;596810.95937
2021.0;2A;Corse-du-Sud;94.0;Corse;60555.979
2021.0;81.0;Tarn;76.0;Occitanie;1281286.40258
2021.0;3.0;Allier;84.0;Auvergne-Rhône-Alpes;3781202.54978
2019.0;32.0;Gers;76.0;Occitanie;198406.4833
2022.0;57.0;Moselle;44.0;Grand Est;15735250.74679
2022.0;42.0;Loire;84.0;Auvergne-Rhône-Alpes;3839708.89107
2022.0;90.0;Territoire de Belfort;27.0;Bourgogne-Franche-Comté;477322.28858
2022.0;43.0;Haute-Loire;84.0;Auvergne-Rhône-Alpes;1006768.86159
2021.0;9.0;Ariège;76.0;Occitanie;363877.87868
2018.0;85.0;Vendée;52.0;Pays de la Loire;2262725.82013
2018.0;48.0;Lozère;76.0;Occitanie;107692.02487
2020.0;15.0;Cantal;84.0;Auvergne-Rhône-Alpes;200143.27377
2023.0;59.0;Nord;32.0;Hauts-de-France;27380969.75669
2018.0;59.0;Nord;32.0;Hauts-de-France;35270221.92324
2022.0;81.0;Tarn;76.0;Occitanie;1351579.31289
2019.0;14.0;Calvados;28.0;Normandie;2331439.90721
2020.0;72.0;Sarthe;52.0;Pays de la Loire;2055489.75262
2019.0;71.0;Saône-et-Loire;27.0;Bourgogne-Franche-Comté;3593188.37797
2024.0;15.0;Cantal;84.0;Auvergne-Rhône-Alpes;194310.78497
2022.0;88.0;Vosges;44.0;Grand Est;3801693.52578
2020.0;69.0;Rhône;84.0;Auvergne-Rhône-Alpes;7929389.28123
2023.0;4.0;Alpes-de-Haute-Provence;93.0;Provence-Alpes-Côte d'Azur;403034.62292
2022.0;7.0;Ardèche;84.0;Auvergne-Rhône-Alpes;1070321.76578
2022.0;1.0;Ain;84.0;Auvergne-Rhône-Alpes;3449827.52454
2020.0;16.0;Charente;75.0;Nouvelle-Aquitaine;2496112.59548
2023.0;75.0;Paris;11.0;Île-de-France;1284043.28924
2018.0;41.0;Loir-et-Cher;24.0;Centre-Val de Loire;1470357.72018
2020.0;53.0;Mayenne;52.0;Pays de la Loire;1843961.99016
2020.0;91.0;Essonne;11.0;Île-de-France;2269888.99571
2020.0;77.0;Seine-et-Marne;11.0;Île-de-France;8748388.98142
2018.0;93.0;Seine-Saint-Denis;11.0;Île-de-France;2941161.85613
2019.0;973.0;Guyane;3.0;Guyane;30924.587
2019.0;93.0;Seine-Saint-Denis;11.0;Île-de-France;3152263.20814
2020.0;81.0;Tarn;76.0;Occitanie;1208558.81159
2021.0;60.0;Oise;32.0;Hauts-de-France;5272694.86472
2022.0;51.0;Marne;44.0;Grand Est;5294910.05985
2023.0;34.0;Hérault;76.0;Occitanie;1188427.75181
2023.0;29.0;Finistère;53.0;Bretagne;6520991.52073
2022.0;64.0;Pyrénées-Atlantiques;75.0;Nouvelle-Aquitaine;2035609.60631
2019.0;19.0;Corrèze;75.0;Nouvelle-Aquitaine;578013.95935
2018.0;80.0;Somme;32.0;Hauts-de-France;5431380.02464
2022.0;49.0;Maine-et-Loire;52.0;Pays de la Loire;2225260.49333
2018.0;22.0;Côtes-d'Armor;53.0;Bretagne;1982297.04043
2022.0;76.0;Seine-Maritime;28.0;Normandie;21514689.98862
2023.0;32.0;Gers;76.0;Occitanie;188628.30956
2019.0;72.0;Sarthe;52.0;Pays de la Loire;2136949.71073
2023.0;22.0;Côtes-d'Armor;53.0;Bretagne;2223395.41407
2024.0;73.0;Savoie;84.0;Auvergne-Rhône-Alpes;4792666.02708
2022.0;4.0;Alpes-de-Haute-Provence;93.0;Provence-Alpes-Côte d'Azur;408194.49622
2019.0;65.0;Hautes-Pyrénées;76.0;Occitanie;905195.96914
2022.0;77.0;Seine-et-Marne;11.0;Île-de-France;5805963.57652
2022.0;35.0;Ille-et-Vilaine;53.0;Bretagne;3334573.26908
2020.0;76.0;Seine-Maritime;28.0;Normandie;26677852.15569
2023.0;44.0;Loire-Atlantique;52.0;Pays de la Loire;7410404.73548
2023.0;27.0;Eure;28.0;Normandie;2584868.60304
2024.0;83.0;Var;93.0;Provence-Alpes-Côte d'Azur;548673.36554
2019.0;22.0;Côtes-d'Armor;53.0;Bretagne;1968286.7301
2022.0;87.0;Haute-Vienne;75.0;Nouvelle-Aquitaine;1593129.59668
2024.0;48.0;Lozère;76.0;Occitanie;57566.191
2019.0;69.0;Rhône;84.0;Auvergne-Rhône-Alpes;8746872.96182
2023.0;51.0;Marne;44.0;Grand Est;4958385.26722
2020.0;87.0;Haute-Vienne;75.0;Nouvelle-Aquitaine;1611489.15405
2023.0;49.0;Maine-et-Loire;52.0;Pays de la Loire;2280869.53757
2019.0;85.0;Vendée;52.0;Pays de la Loire;2307056.75201
2020.0;89.0;Yonne;27.0;Bourgogne-Franche-Comté;1010850.38711
2019.0;56.0;Morbihan;53.0;Bretagne;2395874.2058
2023.0;73.0;Savoie;84.0;Auvergne-Rhône-Alpes;4605896.10419
2019.0;33.0;Gironde;75.0;Nouvelle-Aquitaine;3674503.64429
2021.0;62.0;Pas-de-Calais;32.0;Hauts-de-France;11729330.67337
2018.0;55.0;Meuse;44.0;Grand Est;1649249.65303
2021.0;83.0;Var;93.0;Provence-Alpes-Côte d'Azur;803913.27847
2022.0;17.0;Charente-Maritime;75.0;Nouvelle-Aquitaine;847909.26102
2020.0;50.0;Manche;28.0;Normandie;2120965.54192
2023.0;38.0;Isère;84.0;Auvergne-Rhône-Alpes;7798708.35077
2022.0;83.0;Var;93.0;Provence-Alpes-Côte d'Azur;786343.59537
2018.0;2B;Haute-Corse;94.0;Corse;56575.533
2019.0;37.0;Indre-et-Loire;24.0;Centre-Val de Loire;1869817.55435
2020.0;67.0;Bas-Rhin;44.0;Grand Est;6875103.61122
2020.0;47.0;Lot-et-Garonne;75.0;Nouvelle-Aquitaine;899825.92318
2019.0;38.0;Isère;84.0;Auvergne-Rhône-Alpes;8302590.93695
2019.0;46.0;Lot;76.0;Occitanie;258010.61016
2018.0;9.0;Ariège;76.0;Occitanie;407822.45931
2023.0;40.0;Landes;75.0;Nouvelle-Aquitaine;1949450.03865
2020.0;41.0;Loir-et-Cher;24.0;Centre-Val de Loire;772257.07907
2023.0;39.0;Jura;27.0;Bourgogne-Franche-Comté;3582141.29599
2020.0;57.0;Moselle;44.0;Grand Est;10243492.01136
2022.0;94.0;Val-de-Marne;11.0;Île-de-France;2522280.84657
2021.0;80.0;Somme;32.0;Hauts-de-France;5028768.35231
2023.0;26.0;Drôme;84.0;Auvergne-Rhône-Alpes;2418867.10109
2020.0;59.0;Nord;32.0;Hauts-de-France;36132894.4602
2022.0;73.0;Savoie;84.0;Auvergne-Rhône-Alpes;22284390.26903
2024.0;29.0;Finistère;53.0;Bretagne;4717835.10028
2024.0;55.0;Meuse;44.0;Grand Est;1509406.50944
2024.0;51.0;Marne;44.0;Grand Est;5150478.44658
2021.0;46.0;Lot;76.0;Occitanie;251854.51738
2018.0;67.0;Bas-Rhin;44.0;Grand Est;7198672.00167
2023.0;92.0;Hauts-de-Seine;11.0;Île-de-France;2708905.20866
2024.0;62.0;Pas-de-Calais;32.0;Hauts-de-France;12547679.92459
2022.0;13.0;Bouches-du-Rhône;93.0;Provence-Alpes-Côte d'Azur;32215868.01975
2018.0;2.0;Aisne;32.0;Hauts-de-France;4103116.50093
2019.0;90.0;Territoire de Belfort;27.0;Bourgogne-Franche-Comté;558633.50802
2021.0;48.0;Lozère;76.0;Occitanie;118818.87557
2024.0;5.0;Hautes-Alpes;93.0;Provence-Alpes-Côte d'Azur;83573.13204
2020.0;2A;Corse-du-Sud;94.0;Corse;55376.02
2019.0;34.0;Hérault;76.0;Occitanie;1009576.31357
2024.0;14.0;Calvados;28.0;Normandie;1900772.18141
2022.0;22.0;Côtes-d'Armor;53.0;Bretagne;2397309.02874
2024.0;89.0;Yonne;27.0;Bourgogne-Franche-Comté;971983.49292
2018.0;974.0;La Réunion;4.0;La Réunion;300506.509
2024.0;84.0;Vaucluse;93.0;Provence-Alpes-Côte d'Azur;1499451.82091
2022.0;61.0;Orne;28.0;Normandie;1420772.62323
2021.0;61.0;Orne;28.0;Normandie;1445966.34371
2024.0;57.0;Moselle;44.0;Grand Est;9165834.21608
2018.0;46.0;Lot;76.0;Occitanie;253981.80316
2018.0;3.0;Allier;84.0;Auvergne-Rhône-Alpes;2742469.11185
2019.0;55.0;Meuse;44.0;Grand Est;1794490.54665
2019.0;49.0;Maine-et-Loire;52.0;Pays de la Loire;2388735.45498
2022.0;11.0;Aude;76.0;Occitanie;757752.04367
2021.0;47.0;Lot-et-Garonne;75.0;Nouvelle-Aquitaine;1034313.12536
2019.0;61.0;Orne;28.0;Normandie;1435703.28631
2021.0;75.0;Paris;11.0;Île-de-France;1384178.15604
2022.0;30.0;Gard;76.0;Occitanie;2174646.54484
2022.0;14.0;Calvados;28.0;Normandie;2145643.81645
2019.0;2.0;Aisne;32.0;Hauts-de-France;3851547.52478
2020.0;94.0;Val-de-Marne;11.0;Île-de-France;3761919.81285
2022.0;34.0;Hérault;76.0;Occitanie;1214996.38444
2024.0;52.0;Haute-Marne;44.0;Grand Est;815916.07339
2024.0;76.0;Seine-Maritime;28.0;Normandie;30436550.07004
2020.0;42.0;Loire;84.0;Auvergne-Rhône-Alpes;3703636.24108
2024.0;971.0;Guadeloupe;1.0;Guadeloupe;111533.574
2019.0;50.0;Manche;28.0;Normandie;2284086.46003
2023.0;50.0;Manche;28.0;Normandie;2258117.01711
2024.0;94.0;Val-de-Marne;11.0;Île-de-France;3770043.47751
2021.0;28.0;Eure-et-Loir;24.0;Centre-Val de Loire;1147076.78357
2019.0;52.0;Haute-Marne;44.0;Grand Est;931614.0138
2024.0;27.0;Eure;28.0;Normandie;2642539.80858
2021.0;68.0;Haut-Rhin;44.0;Grand Est;13502154.50296
2024.0;23.0;Creuse;75.0;Nouvelle-Aquitaine;174530.80627
2021.0;23.0;Creuse;75.0;Nouvelle-Aquitaine;211175.85699
2022.0;89.0;Yonne;27.0;Bourgogne-Franche-Comté;1102243.9365
2018.0;27.0;Eure;28.0;Normandie;3175752.75486
2020.0;44.0;Loire-Atlantique;52.0;Pays de la Loire;10421559.44928
2023.0;87.0;Haute-Vienne;75.0;Nouvelle-Aquitaine;1546227.80424
2020.0;54.0;Meurthe-et-Moselle;44.0;Grand Est;11987442.01205
2019.0;23.0;Creuse;75.0;Nouvelle-Aquitaine;196469.62404
2022.0;5.0;Hautes-Alpes;93.0;Provence-Alpes-Côte d'Azur;88212.87088
2023.0;54.0;Meurthe-et-Moselle;44.0;Grand Est;11152156.08338
2023.0;66.0;Pyrénées-Orientales;76.0;Occitanie;389175.47167
2024.0;11.0;Aude;76.0;Occitanie;616986.77269
2018.0;42.0;Loire;84.0;Auvergne-Rhône-Alpes;3911394.94381
2019.0;31.0;Haute-Garonne;76.0;Occitanie;2636675.64621
2020.0;90.0;Territoire de Belfort;27.0;Bourgogne-Franche-Comté;500217.79617
2024.0;71.0;Saône-et-Loire;27.0;Bourgogne-Franche-Comté;2678891.01229
2023.0;17.0;Charente-Maritime;75.0;Nouvelle-Aquitaine;759466.74144
2022.0;52.0;Haute-Marne;44.0;Grand Est;916906.20978
2018.0;70.0;Haute-Saône;27.0;Bourgogne-Franche-Comté;757566.18015
2020.0;95.0;Val-d'Oise;11.0;Île-de-France;1760854.54466
2021.0;63.0;Puy-de-Dôme;84.0;Auvergne-Rhône-Alpes;3056303.01702
2024.0;2B;Haute-Corse;94.0;Corse;55287.41
2021.0;16.0;Charente;75.0;Nouvelle-Aquitaine;2527940.1176
2019.0;95.0;Val-d'Oise;11.0;Île-de-France;1668570.32604
2024.0;4.0;Alpes-de-Haute-Provence;93.0;Provence-Alpes-Côte d'Azur;332105.41342
2023.0;8.0;Ardennes;44.0;Grand Est;1780530.01391
2018.0;17.0;Charente-Maritime;75.0;Nouvelle-Aquitaine;941177.15739
2021.0;82.0;Tarn-et-Garonne;76.0;Occitanie;299911.5547
2019.0;47.0;Lot-et-Garonne;75.0;Nouvelle-Aquitaine;920932.43308
2021.0;93.0;Seine-Saint-Denis;11.0;Île-de-France;4201243.01792
2021.0;29.0;Finistère;53.0;Bretagne;3698429.91278
2021.0;14.0;Calvados;28.0;Normandie;2245857.39617
2018.0;2A;Corse-du-Sud;94.0;Corse;62350.015
2018.0;4.0;Alpes-de-Haute-Provence;93.0;Provence-Alpes-Côte d'Azur;422236.10023
2019.0;13.0;Bouches-du-Rhône;93.0;Provence-Alpes-Côte d'Azur;36224726.66929
2022.0;70.0;Haute-Saône;27.0;Bourgogne-Franche-Comté;790228.63017
2020.0;10.0;Aube;44.0;Grand Est;2432629.71877
2024.0;26.0;Drôme;84.0;Auvergne-Rhône-Alpes;2238278.44527
2021.0;15.0;Cantal;84.0;Auvergne-Rhône-Alpes;213475.06623
2020.0;58.0;Nièvre;27.0;Bourgogne-Franche-Comté;670113.37587
2019.0;94.0;Val-de-Marne;11.0;Île-de-France;3821328.53313
2023.0;89.0;Yonne;27.0;Bourgogne-Franche-Comté;974151.34362
2022.0;12.0;Aveyron;76.0;Occitanie;575473.14614
2022.0;15.0;Cantal;84.0;Auvergne-Rhône-Alpes;207073.09432
2024.0;75.0;Paris;11.0;Île-de-France;1195873.13016
2020.0;73.0;Savoie;84.0;Auvergne-Rhône-Alpes;5032915.78489
2020.0;35.0;Ille-et-Vilaine;53.0;Bretagne;3357225.69373
2023.0;69.0;Rhône;84.0;Auvergne-Rhône-Alpes;7037997.43024
2023.0;973.0;Guyane;3.0;Guyane;44401.288
2022.0;72.0;Sarthe;52.0;Pays de la Loire;2189441.29891
2018.0;36.0;Indre;24.0;Centre-Val de Loire;1065727.42893
2021.0;71.0;Saône-et-Loire;27.0;Bourgogne-Franche-Comté;3536173.03351
2018.0;92.0;Hauts-de-Seine;11.0;Île-de-France;2759779.5986
2019.0;4.0;Alpes-de-Haute-Provence;93.0;Provence-Alpes-Côte d'Azur;382187.18218
2024.0;35.0;Ille-et-Vilaine;53.0;Bretagne;3183816.57247
2021.0;92.0;Hauts-de-Seine;11.0;Île-de-France;3214967.71203
2024.0;63.0;Puy-de-Dôme;84.0;Auvergne-Rhône-Alpes;2882135.06971
2022.0;66.0;Pyrénées-Orientales;76.0;Occitanie;422097.21215
2022.0;84.0;Vaucluse;93.0;Provence-Alpes-Côte d'Azur;1569928.66579
2018.0;45.0;Loiret;24.0;Centre-Val de Loire;4658698.46186
2019.0;35.0;Ille-et-Vilaine;53.0;Bretagne;3272961.56549
2020.0;5.0;Hautes-Alpes;93.0;Provence-Alpes-Côte d'Azur;81672.55568
2023.0;80.0;Somme;32.0;Hauts-de-France;4455390.17699
2023.0;971.0;Guadeloupe;1.0;Guadeloupe;110565.454
2019.0;976.0;Mayotte;6.0;Mayotte;84469.195
2022.0;32.0;Gers;76.0;Occitanie;204658.69187
2018.0;63.0;Puy-de-Dôme;84.0;Auvergne-Rhône-Alpes;3284363.41473
2022.0;41.0;Loir-et-Cher;24.0;Centre-Val de Loire;955234.33733
2020.0;49.0;Maine-et-Loire;52.0;Pays de la Loire;2346163.03975
2024.0;6.0;Alpes-Maritimes;93.0;Provence-Alpes-Côte d'Azur;875843.75333
2019.0;92.0;Hauts-de-Seine;11.0;Île-de-France;2669802.05377
2023.0;76.0;Seine-Maritime;28.0;Normandie;22539859.92981
2019.0;60.0;Oise;32.0;Hauts-de-France;5275394.029
2019.0;88.0;Vosges;44.0;Grand Est;3639104.47911
2022.0;2.0;Aisne;32.0;Hauts-de-France;4146406.84115
2020.0;65.0;Hautes-Pyrénées;76.0;Occitanie;867426.64261
2022.0;46.0;Lot;76.0;Occitanie;248269.92514
2023.0;68.0;Haut-Rhin;44.0;Grand Est;8493150.93895
2023.0;2B;Haute-Corse;94.0;Corse;55007.363
2018.0;79.0;Deux-Sèvres;75.0;Nouvelle-Aquitaine;1302485.43502
2020.0;71.0;Saône-et-Loire;27.0;Bourgogne-Franche-Comté;3269322.76908
2019.0;79.0;Deux-Sèvres;75.0;Nouvelle-Aquitaine;1327150.0849
2022.0;33.0;Gironde;75.0;Nouvelle-Aquitaine;3188061.07889
2022.0;86.0;Vienne;75.0;Nouvelle-Aquitaine;736452.06397
2021.0;43.0;Haute-Loire;84.0;Auvergne-Rhône-Alpes;1070465.98127
2020.0;56.0;Morbihan;53.0;Bretagne;2462581.28116
2023.0;86.0;Vienne;75.0;Nouvelle-Aquitaine;661752.52822
2024.0;31.0;Haute-Garonne;76.0;Occitanie;2152069.37534
2022.0;39.0;Jura;27.0;Bourgogne-Franche-Comté;2989772.06418
2018.0;84.0;Vaucluse;93.0;Provence-Alpes-Côte d'Azur;1799619.55467
2020.0;66.0;Pyrénées-Orientales;76.0;Occitanie;375138.08449
2024.0;69.0;Rhône;84.0;Auvergne-Rhône-Alpes;6972729.36137
2022.0;3.0;Allier;84.0;Auvergne-Rhône-Alpes;5017073.80945
2024.0;68.0;Haut-Rhin;44.0;Grand Est;10329390.27918
2018.0;973.0;Guyane;3.0;Guyane;36509.204
2022.0;93.0;Seine-Saint-Denis;11.0;Île-de-France;3961747.00604
2019.0;89.0;Yonne;27.0;Bourgogne-Franche-Comté;1087110.02517
2022.0;9.0;Ariège;76.0;Occitanie;433905.38402
2018.0;65.0;Hautes-Pyrénées;76.0;Occitanie;949351.1792
2019.0;51.0;Marne;44.0;Grand Est;5550809.34549
2022.0;48.0;Lozère;76.0;Occitanie;204529.40981
2024.0;7.0;Ardèche;84.0;Auvergne-Rhône-Alpes;1137073.04735
2021.0;21.0;Côte-d'Or;27.0;Bourgogne-Franche-Comté;1812752.6411
2021.0;72.0;Sarthe;52.0;Pays de la Loire;2285726.08301
2023.0;62.0;Pas-de-Calais;32.0;Hauts-de-France;12354562.84966
2021.0;53.0;Mayenne;52.0;Pays de la Loire;2012230.65385
2020.0;55.0;Meuse;44.0;Grand Est;1769718.61536
2023.0;91.0;Essonne;11.0;Île-de-France;2538010.92944
2022.0;63.0;Puy-de-Dôme;84.0;Auvergne-Rhône-Alpes;2895316.18852
2022.0;74.0;Haute-Savoie;84.0;Auvergne-Rhône-Alpes;2255810.82518
2020.0;32.0;Gers;76.0;Occitanie;193214.84874
2019.0;75.0;Paris;11.0;Île-de-France;1193723.91557
2023.0;31.0;Haute-Garonne;76.0;Occitanie;2380938.85875
2023.0;33.0;Gironde;75.0;Nouvelle-Aquitaine;2945251.24321
2022.0;44.0;Loire-Atlantique;52.0;Pays de la Loire;7907357.30063
2018.0;77.0;Seine-et-Marne;11.0;Île-de-France;8270207.46601
2018.0;43.0;Haute-Loire;84.0;Auvergne-Rhône-Alpes;1069403.30887
2021.0;2B;Haute-Corse;94.0;Corse;56966.138
2019.0;68.0;Haut-Rhin;44.0;Grand Est;12540858.89382
2023.0;35.0;Ille-et-Vilaine;53.0;Bretagne;3255541.77367
2018.0;971.0;Guadeloupe;1.0;Guadeloupe;113868.481
2018.0;81.0;Tarn;76.0;Occitanie;1186258.50314
2021.0;85.0;Vendée;52.0;Pays de la Loire;2569984.99527
2020.0;971.0;Guadeloupe;1.0;Guadeloupe;109166.145
2018.0;66.0;Pyrénées-Orientales;76.0;Occitanie;402049.79467
2022.0;26.0;Drôme;84.0;Auvergne-Rhône-Alpes;2841030.85992
2023.0;71.0;Saône-et-Loire;27.0;Bourgogne-Franche-Comté;2983829.87964
2023.0;56.0;Morbihan;53.0;Bretagne;2454144.65152
2018.0;25.0;Doubs;27.0;Bourgogne-Franche-Comté;2283193.69054
2021.0;32.0;Gers;76.0;Occitanie;211808.07527
2019.0;21.0;Côte-d'Or;27.0;Bourgogne-Franche-Comté;1608525.75685
2019.0;25.0;Doubs;27.0;Bourgogne-Franche-Comté;2141870.88062
2022.0;6.0;Alpes-Maritimes;93.0;Provence-Alpes-Côte d'Azur;1032669.75518
2024.0;37.0;Indre-et-Loire;24.0;Centre-Val de Loire;1341031.16484
2019.0;74.0;Haute-Savoie;84.0;Auvergne-Rhône-Alpes;2561148.57689
2022.0;27.0;Eure;28.0;Normandie;2942240.31929
2020.0;14.0;Calvados;28.0;Normandie;2071099.65989
2024.0;9.0;Ariège;76.0;Occitanie;348888.48846
2022.0;24.0;Dordogne;75.0;Nouvelle-Aquitaine;2257115.70294
2018.0;52.0;Haute-Marne;44.0;Grand Est;976492.22795
2023.0;84.0;Vaucluse;93.0;Provence-Alpes-Côte d'Azur;1619852.51557
2024.0;972.0;Martinique;2.0;Martinique;134144.595
2022.0;31.0;Haute-Garonne;76.0;Occitanie;2514245.52939
2022.0;62.0;Pas-de-Calais;32.0;Hauts-de-France;14063314.42181
2022.0;82.0;Tarn-et-Garonne;76.0;Occitanie;396489.05167
2023.0;93.0;Seine-Saint-Denis;11.0;Île-de-France;3968235.82714
2021.0;24.0;Dordogne;75.0;Nouvelle-Aquitaine;2117658.03713
2023.0;53.0;Mayenne;52.0;Pays de la Loire;1637633.98937
2020.0;40.0;Landes;75.0;Nouvelle-Aquitaine;1869012.08618
2020.0;60.0;Oise;32.0;Hauts-de-France;4812401.42941
2023.0;23.0;Creuse;75.0;Nouvelle-Aquitaine;189184.09421
2019.0;971.0;Guadeloupe;1.0;Guadeloupe;108631.058
2018.0;7.0;Ardèche;84.0;Auvergne-Rhône-Alpes;1215093.10064
2024.0;33.0;Gironde;75.0;Nouvelle-Aquitaine;2829710.83324
2021.0;74.0;Haute-Savoie;84.0;Auvergne-Rhône-Alpes;2515981.07685
2021.0;11.0;Aude;76.0;Occitanie;895499.78326
2020.0;61.0;Orne;28.0;Normandie;1377618.6122
2019.0;81.0;Tarn;76.0;Occitanie;1216925.72767
2019.0;83.0;Var;93.0;Provence-Alpes-Côte d'Azur;706743.76765
2023.0;7.0;Ardèche;84.0;Auvergne-Rhône-Alpes;1044143.37272
2020.0;79.0;Deux-Sèvres;75.0;Nouvelle-Aquitaine;1184208.82034
2021.0;4.0;Alpes-de-Haute-Provence;93.0;Provence-Alpes-Côte d'Azur;435171.33753
2018.0;56.0;Morbihan;53.0;Bretagne;2411445.54711
2021.0;971.0;Guadeloupe;1.0;Guadeloupe;115537.916
2018.0;34.0;Hérault;76.0;Occitanie;1011084.3902
2019.0;26.0;Drôme;84.0;Auvergne-Rhône-Alpes;2591195.1441
2024.0;40.0;Landes;75.0;Nouvelle-Aquitaine;1837287.43618
2020.0;39.0;Jura;27.0;Bourgogne-Franche-Comté;3137372.52755
2022.0;21.0;Côte-d'Or;27.0;Bourgogne-Franche-Comté;1652308.12242
2021.0;974.0;La Réunion;4.0;La Réunion;284990.689
2020.0;38.0;Isère;84.0;Auvergne-Rhône-Alpes;7805796.27482
2019.0;17.0;Charente-Maritime;75.0;Nouvelle-Aquitaine;939543.55128
2024.0;66.0;Pyrénées-Orientales;76.0;Occitanie;400197.06214
2023.0;77.0;Seine-et-Marne;11.0;Île-de-France;3836602.17808
2019.0;84.0;Vaucluse;93.0;Provence-Alpes-Côte d'Azur;1836093.78008
2023.0;11.0;Aude;76.0;Occitanie;713386.96605
2021.0;58.0;Nièvre;27.0;Bourgogne-Franche-Comté;780516.48275
2021.0;10.0;Aube;44.0;Grand Est;2541213.39758
2022.0;36.0;Indre;24.0;Centre-Val de Loire;891910.11547
2018.0;68.0;Haut-Rhin;44.0;Grand Est;13529990.06929
2019.0;40.0;Landes;75.0;Nouvelle-Aquitaine;1993063.20871
2021.0;45.0;Loiret;24.0;Centre-Val de Loire;4543743.33987
2024.0;74.0;Haute-Savoie;84.0;Auvergne-Rhône-Alpes;2055731.76528
2021.0;36.0;Indre;24.0;Centre-Val de Loire;1074060.79926
2019.0;9.0;Ariège;76.0;Occitanie;415326.85208
2020.0;82.0;Tarn-et-Garonne;76.0;Occitanie;283329.52104
2020.0;976.0;Mayotte;6.0;Mayotte;80741.848
2020.0;2.0;Aisne;32.0;Hauts-de-France;3704513.27821
2018.0;6.0;Alpes-Maritimes;93.0;Provence-Alpes-Côte d'Azur;1070197.5064
2019.0;42.0;Loire;84.0;Auvergne-Rhône-Alpes;3923818.20395
2021.0;35.0;Ille-et-Vilaine;53.0;Bretagne;3781069.21879
2019.0;15.0;Cantal;84.0;Auvergne-Rhône-Alpes;208588.21817
2021.0;5.0;Hautes-Alpes;93.0;Provence-Alpes-Côte d'Azur;88818.75257
2018.0;57.0;Moselle;44.0;Grand Est;12887604.17579
2022.0;75.0;Paris;11.0;Île-de-France;2811211.6396
2023.0;65.0;Hautes-Pyrénées;76.0;Occitanie;785761.41291
2018.0;86.0;Vienne;75.0;Nouvelle-Aquitaine;887944.72594
2020.0;74.0;Haute-Savoie;84.0;Auvergne-Rhône-Alpes;2240846.3882
2021.0;973.0;Guyane;3.0;Guyane;36855.057
2024.0;64.0;Pyrénées-Atlantiques;75.0;Nouvelle-Aquitaine;2214882.80262
2023.0;47.0;Lot-et-Garonne;75.0;Nouvelle-Aquitaine;1082302.74897
2018.0;49.0;Maine-et-Loire;52.0;Pays de la Loire;2345974.43613
2020.0;28.0;Eure-et-Loir;24.0;Centre-Val de Loire;1173454.28272
2024.0;46.0;Lot;76.0;Occitanie;236967.10472
2024.0;82.0;Tarn-et-Garonne;76.0;Occitanie;349516.8772
2022.0;71.0;Saône-et-Loire;27.0;Bourgogne-Franche-Comté;3200528.0133
2024.0;58.0;Nièvre;27.0;Bourgogne-Franche-Comté;538564.40412
2019.0;44.0;Loire-Atlantique;52.0;Pays de la Loire;10682310.25507
2024.0;36.0;Indre;24.0;Centre-Val de Loire;888700.42636
2023.0;972.0;Martinique;2.0;Martinique;136752.52
2024.0;85.0;Vendée;52.0;Pays de la Loire;2323730.26075
2024.0;44.0;Loire-Atlantique;52.0;Pays de la Loire;7665852.67033
2024.0;88.0;Vosges;44.0;Grand Est;3123477.0064
2021.0;38.0;Isère;84.0;Auvergne-Rhône-Alpes;8191227.19971
2023.0;37.0;Indre-et-Loire;24.0;Centre-Val de Loire;1545757.19227
2023.0;28.0;Eure-et-Loir;24.0;Centre-Val de Loire;1029007.57873
2024.0;59.0;Nord;32.0;Hauts-de-France;21323268.38868
2022.0;79.0;Deux-Sèvres;75.0;Nouvelle-Aquitaine;1206242.14298
2018.0;11.0;Aude;76.0;Occitanie;754336.53571
2019.0;82.0;Tarn-et-Garonne;76.0;Occitanie;374175.99168
2024.0;38.0;Isère;84.0;Auvergne-Rhône-Alpes;6903200.01853
2022.0;92.0;Hauts-de-Seine;11.0;Île-de-France;3132497.58051
2023.0;974.0;La Réunion;4.0;La Réunion;277236.822
2021.0;79.0;Deux-Sèvres;75.0;Nouvelle-Aquitaine;1266015.14016
2024.0;54.0;Meurthe-et-Moselle;44.0;Grand Est;6400629.14232
2018.0;61.0;Orne;28.0;Normandie;1446524.04373
2018.0;40.0;Landes;75.0;Nouvelle-Aquitaine;1922767.1956
2018.0;18.0;Cher;24.0;Centre-Val de Loire;645259.08755
2018.0;29.0;Finistère;53.0;Bretagne;2470609.63444
2024.0;39.0;Jura;27.0;Bourgogne-Franche-Comté;3578828.55269
2021.0;40.0;Landes;75.0;Nouvelle-Aquitaine;1991909.91685
2024.0;24.0;Dordogne;75.0;Nouvelle-Aquitaine;1512480.17712
2023.0;10.0;Aube;44.0;Grand Est;2235344.61422
2019.0;62.0;Pas-de-Calais;32.0;Hauts-de-France;11242895.69436
2024.0;2A;Corse-du-Sud;94.0;Corse;51571.894
2018.0;15.0;Cantal;84.0;Auvergne-Rhône-Alpes;205406.4431
2018.0;14.0;Calvados;28.0;Normandie;2563904.66126
2018.0;91.0;Essonne;11.0;Île-de-France;2340745.4784
2023.0;2A;Corse-du-Sud;94.0;Corse;54659.145
2021.0;7.0;Ardèche;84.0;Auvergne-Rhône-Alpes;1199141.81137
2019.0;3.0;Allier;84.0;Auvergne-Rhône-Alpes;3643555.07647
2024.0;93.0;Seine-Saint-Denis;11.0;Île-de-France;3453764.37762
2023.0;78.0;Yvelines;11.0;Île-de-France;3349711.23797
2020.0;2B;Haute-Corse;94.0;Corse;50184.885
2024.0;61.0;Orne;28.0;Normandie;1270952.69146
2018.0;12.0;Aveyron;76.0;Occitanie;598624.70975
2021.0;27.0;Eure;28.0;Normandie;3030050.40455
2021.0;77.0;Seine-et-Marne;11.0;Île-de-France;7883516.79805
2022.0;65.0;Hautes-Pyrénées;76.0;Occitanie;953885.94616
2024.0;92.0;Hauts-de-Seine;11.0;Île-de-France;2539809.3066
2018.0;71.0;Saône-et-Loire;27.0;Bourgogne-Franche-Comté;3655728.51394
2023.0;61.0;Orne;28.0;Normandie;1328443.79883
2020.0;8.0;Ardennes;44.0;Grand Est;1771720.89688
2021.0;12.0;Aveyron;76.0;Occitanie;624891.30027
2021.0;30.0;Gard;76.0;Occitanie;2323038.64905
2024.0;77.0;Seine-et-Marne;11.0;Île-de-France;3676854.16945
2024.0;22.0;Côtes-d'Armor;53.0;Bretagne;2264236.24561
2024.0;70.0;Haute-Saône;27.0;Bourgogne-Franche-Comté;676061.48498
2022.0;40.0;Landes;75.0;Nouvelle-Aquitaine;1846851.22023
2019.0;12.0;Aveyron;76.0;Occitanie;608952.838
2024.0;13.0;Bouches-du-Rhône;93.0;Provence-Alpes-Côte d'Azur;18724342.05224
2023.0;90.0;Territoire de Belfort;27.0;Bourgogne-Franche-Comté;453412.11644
2019.0;59.0;Nord;32.0;Hauts-de-France;37384443.6055
2022.0;85.0;Vendée;52.0;Pays de la Loire;2540732.77662
2022.0;60.0;Oise;32.0;Hauts-de-France;4745883.72817
2023.0;25.0;Doubs;27.0;Bourgogne-Franche-Comté;1876086.49344
2019.0;6.0;Alpes-Maritimes;93.0;Provence-Alpes-Côte d'Azur;1036184.01343
2021.0;6.0;Alpes-Maritimes;93.0;Provence-Alpes-Côte d'Azur;1116618.2013
2021.0;52.0;Haute-Marne;44.0;Grand Est;973384.6327
2023.0;24.0;Dordogne;75.0;Nouvelle-Aquitaine;1550037.30001
2024.0;60.0;Oise;32.0;Hauts-de-France;3860214.78197
2021.0;13.0;Bouches-du-Rhône;93.0;Provence-Alpes-Côte d'Azur;31409172.36816
2024.0;3.0;Allier;84.0;Auvergne-Rhône-Alpes;2109172.24144
2024.0;45.0;Loiret;24.0;Centre-Val de Loire;4002035.37404
2023.0;41.0;Loir-et-Cher;24.0;Centre-Val de Loire;730318.81971
2018.0;87.0;Haute-Vienne;75.0;Nouvelle-Aquitaine;1736368.48326
2019.0;2A;Corse-du-Sud;94.0;Corse;57401.002
2021.0;25.0;Doubs;27.0;Bourgogne-Franche-Comté;2108576.52136
2018.0;50.0;Manche;28.0;Normandie;2098921.40512
2018.0;75.0;Paris;11.0;Île-de-France;1240421.3267
2022.0;971.0;Guadeloupe;1.0;Guadeloupe;123592.278
2018.0;28.0;Eure-et-Loir;24.0;Centre-Val de Loire;1512499.34671
2024.0;25.0;Doubs;27.0;Bourgogne-Franche-Comté;1780667.89636
2019.0;16.0;Charente;75.0;Nouvelle-Aquitaine;2639961.91817
2018.0;38.0;Isère;84.0;Auvergne-Rhône-Alpes;7991070.94069
2018.0;83.0;Var;93.0;Provence-Alpes-Côte d'Azur;725626.85705
2023.0;16.0;Charente;75.0;Nouvelle-Aquitaine;2208086.35904
2022.0;28.0;Eure-et-Loir;24.0;Centre-Val de Loire;1119574.35233
2020.0;21.0;Côte-d'Or;27.0;Bourgogne-Franche-Comté;1733385.94159
2020.0;37.0;Indre-et-Loire;24.0;Centre-Val de Loire;1809014.38565
2020.0;70.0;Haute-Saône;27.0;Bourgogne-Franche-Comté;744922.13482
2020.0;68.0;Haut-Rhin;44.0;Grand Est;11711633.15651
2020.0;27.0;Eure;28.0;Normandie;3104006.77773
2023.0;85.0;Vendée;52.0;Pays de la Loire;2423885.20869
2019.0;53.0;Mayenne;52.0;Pays de la Loire;1758319.56344
2023.0;6.0;Alpes-Maritimes;93.0;Provence-Alpes-Côte d'Azur;911321.57656
2022.0;23.0;Creuse;75.0;Nouvelle-Aquitaine;206068.63255
2018.0;32.0;Gers;76.0;Occitanie;205008.09772
2024.0;19.0;Corrèze;75.0;Nouvelle-Aquitaine;468830.75148
2020.0;3.0;Allier;84.0;Auvergne-Rhône-Alpes;4528654.80324
2023.0;42.0;Loire;84.0;Auvergne-Rhône-Alpes;3500165.66741
2020.0;31.0;Haute-Garonne;76.0;Occitanie;2479572.98498
2019.0;78.0;Yvelines;11.0;Île-de-France;3706619.48484
2018.0;33.0;Gironde;75.0;Nouvelle-Aquitaine;3609143.34396
2021.0;41.0;Loir-et-Cher;24.0;Centre-Val de Loire;824329.1358
2023.0;52.0;Haute-Marne;44.0;Grand Est;849434.67563
2024.0;78.0;Yvelines;11.0;Île-de-France;3297282.75648
2019.0;58.0;Nièvre;27.0;Bourgogne-Franche-Comté;739552.35596
2020.0;22.0;Côtes-d'Armor;53.0;Bretagne;1902401.80321
2022.0;59.0;Nord;32.0;Hauts-de-France;35426448.28016
2022.0;58.0;Nièvre;27.0;Bourgogne-Franche-Comté;707290.31133
2021.0;39.0;Jura;27.0;Bourgogne-Franche-Comté;3361875.1335
2019.0;1.0;Ain;84.0;Auvergne-Rhône-Alpes;3597357.89404
2020.0;26.0;Drôme;84.0;Auvergne-Rhône-Alpes;2536124.51994
2019.0;2B;Haute-Corse;94.0;Corse;45727.009
2021.0;64.0;Pyrénées-Atlantiques;75.0;Nouvelle-Aquitaine;1941626.09444
2021.0;56.0;Morbihan;53.0;Bretagne;2608076.6686
2021.0;87.0;Haute-Vienne;75.0;Nouvelle-Aquitaine;1780402.76022
2023.0;18.0;Cher;24.0;Centre-Val de Loire;626592.0989
2020.0;13.0;Bouches-du-Rhône;93.0;Provence-Alpes-Côte d'Azur;34870045.74551
2018.0;64.0;Pyrénées-Atlantiques;75.0;Nouvelle-Aquitaine;2051133.10158
2018.0;35.0;Ille-et-Vilaine;53.0;Bretagne;3225493.10348
2020.0;92.0;Hauts-de-Seine;11.0;Île-de-France;2925442.54277
2018.0;62.0;Pas-de-Calais;32.0;Hauts-de-France;11245792.47846
2018.0;89.0;Yonne;27.0;Bourgogne-Franche-Comté;1020112.66189
2020.0;83.0;Var;93.0;Provence-Alpes-Côte d'Azur;717998.28001
2020.0;9.0;Ariège;76.0;Occitanie;345804.18136
2022.0;45.0;Loiret;24.0;Centre-Val de Loire;4324973.25779
2023.0;21.0;Côte-d'Or;27.0;Bourgogne-Franche-Comté;1564006.4584
2019.0;41.0;Loir-et-Cher;24.0;Centre-Val de Loire;891975.63434
2018.0;37.0;Indre-et-Loire;24.0;Centre-Val de Loire;1973397.64997
2018.0;74.0;Haute-Savoie;84.0;Auvergne-Rhône-Alpes;2502059.78784
2024.0;47.0;Lot-et-Garonne;75.0;Nouvelle-Aquitaine;1093922.89771
2019.0;45.0;Loiret;24.0;Centre-Val de Loire;4553074.44939
2021.0;19.0;Corrèze;75.0;Nouvelle-Aquitaine;600245.03085
2020.0;85.0;Vendée;52.0;Pays de la Loire;2437764.26229
2023.0;15.0;Cantal;84.0;Auvergne-Rhône-Alpes;197625.9055
2020.0;34.0;Hérault;76.0;Occitanie;1064252.41272
2024.0;8.0;Ardennes;44.0;Grand Est;1803755.95239
2021.0;31.0;Haute-Garonne;76.0;Occitanie;2617016.08623
2019.0;36.0;Indre;24.0;Centre-Val de Loire;1076427.41524
2019.0;76.0;Seine-Maritime;28.0;Normandie;27807327.97962
2024.0;86.0;Vienne;75.0;Nouvelle-Aquitaine;669787.94173
2018.0;72.0;Sarthe;52.0;Pays de la Loire;2560827.21649
2024.0;43.0;Haute-Loire;84.0;Auvergne-Rhône-Alpes;948518.21562
2021.0;57.0;Moselle;44.0;Grand Est;12122706.79837
2023.0;46.0;Lot;76.0;Occitanie;237039.32474
2020.0;30.0;Gard;76.0;Occitanie;2148718.44805
2020.0;19.0;Corrèze;75.0;Nouvelle-Aquitaine;559184.7252
2022.0;973.0;Guyane;3.0;Guyane;41102.197
2020.0;973.0;Guyane;3.0;Guyane;31299.31
2019.0;63.0;Puy-de-Dôme;84.0;Auvergne-Rhône-Alpes;3238918.77434
2023.0;36.0;Indre;24.0;Centre-Val de Loire;865887.62828
2018.0;21.0;Côte-d'Or;27.0;Bourgogne-Franche-Comté;1600854.67801
2023.0;43.0;Haute-Loire;84.0;Auvergne-Rhône-Alpes;946443.34451
2021.0;90.0;Territoire de Belfort;27.0;Bourgogne-Franche-Comté;547519.89378
2021.0;95.0;Val-d'Oise;11.0;Île-de-France;2026051.73058
2019.0;974.0;La Réunion;4.0;La Réunion;292879.342
2018.0;60.0;Oise;32.0;Hauts-de-France;5408448.1947
2021.0;70.0;Haute-Saône;27.0;Bourgogne-Franche-Comté;840519.51429
2023.0;19.0;Corrèze;75.0;Nouvelle-Aquitaine;499581.08828
2019.0;67.0;Bas-Rhin;44.0;Grand Est;7178012.75003
2024.0;21.0;Côte-d'Or;27.0;Bourgogne-Franche-Comté;1520849.82709
2018.0;24.0;Dordogne;75.0;Nouvelle-Aquitaine;2504464.2417
2021.0;2.0;Aisne;32.0;Hauts-de-France;3785471.17775
2018.0;54.0;Meurthe-et-Moselle;44.0;Grand Est;11240660.1108
2020.0;972.0;Martinique;2.0;Martinique;112170.18
2022.0;37.0;Indre-et-Loire;24.0;Centre-Val de Loire;1752841.84804
2024.0;973.0;Guyane;3.0;Guyane;45118.82
2021.0;1.0;Ain;84.0;Auvergne-Rhône-Alpes;3736661.78411
2020.0;48.0;Lozère;76.0;Occitanie;107981.17397
2018.0;1.0;Ain;84.0;Auvergne-Rhône-Alpes;3586965.90411
2020.0;51.0;Marne;44.0;Grand Est;5528711.49781
2018.0;23.0;Creuse;75.0;Nouvelle-Aquitaine;198017.28497
2019.0;27.0;Eure;28.0;Normandie;3280661.38923
2024.0;32.0;Gers;76.0;Occitanie;205000.13826
2020.0;80.0;Somme;32.0;Hauts-de-France;4897905.17539
2019.0;18.0;Cher;24.0;Centre-Val de Loire;645531.93162
2020.0;7.0;Ardèche;84.0;Auvergne-Rhône-Alpes;1172668.32939
2023.0;12.0;Aveyron;76.0;Occitanie;543024.15514
2023.0;60.0;Oise;32.0;Hauts-de-France;4348114.21764
2023.0;72.0;Sarthe;52.0;Pays de la Loire;2026992.69127
2022.0;47.0;Lot-et-Garonne;75.0;Nouvelle-Aquitaine;1218345.10283
2023.0;58.0;Nièvre;27.0;Bourgogne-Franche-Comté;674720.96449
2019.0;43.0;Haute-Loire;84.0;Auvergne-Rhône-Alpes;1060835.16184
2021.0;34.0;Hérault;76.0;Occitanie;1165006.97976
2024.0;79.0;Deux-Sèvres;75.0;Nouvelle-Aquitaine;1161193.95818
2023.0;13.0;Bouches-du-Rhône;93.0;Provence-Alpes-Côte d'Azur;26828232.01885
2020.0;29.0;Finistère;53.0;Bretagne;3355758.9798
2021.0;76.0;Seine-Maritime;28.0;Normandie;24253597.8373
2020.0;12.0;Aveyron;76.0;Occitanie;580317.10576
2020.0;46.0;Lot;76.0;Occitanie;236414.91906
2020.0;23.0;Creuse;75.0;Nouvelle-Aquitaine;162261.04394
2021.0;86.0;Vienne;75.0;Nouvelle-Aquitaine;857076.58773
2018.0;13.0;Bouches-du-Rhône;93.0;Provence-Alpes-Côte d'Azur;30207674.21084
2021.0;49.0;Maine-et-Loire;52.0;Pays de la Loire;2575582.89034
2019.0;7.0;Ardèche;84.0;Auvergne-Rhône-Alpes;1210051.83262
2023.0;83.0;Var;93.0;Provence-Alpes-Côte d'Azur;716520.44477
2020.0;33.0;Gironde;75.0;Nouvelle-Aquitaine;3430163.94171
2022.0;2B;Haute-Corse;94.0;Corse;70258.99
2024.0;81.0;Tarn;76.0;Occitanie;1098666.22482
2024.0;56.0;Morbihan;53.0;Bretagne;2429631.36991
2018.0;10.0;Aube;44.0;Grand Est;2617873.09836
2024.0;16.0;Charente;75.0;Nouvelle-Aquitaine;2116453.30502
2024.0;34.0;Hérault;76.0;Occitanie;1160453.07113
2019.0;24.0;Dordogne;75.0;Nouvelle-Aquitaine;2167491.65925
2018.0;58.0;Nièvre;27.0;Bourgogne-Franche-Comté;765352.67989
2024.0;49.0;Maine-et-Loire;52.0;Pays de la Loire;1912987.53918
2022.0;19.0;Corrèze;75.0;Nouvelle-Aquitaine;566172.54384
2023.0;57.0;Moselle;44.0;Grand Est;13212265.52099
2021.0;972.0;Martinique;2.0;Martinique;119400.397
2022.0;78.0;Yvelines;11.0;Île-de-France;3606416.71081
2022.0;8.0;Ardennes;44.0;Grand Est;1765324.92068
2022.0;69.0;Rhône;84.0;Auvergne-Rhône-Alpes;7679230.50223
2021.0;65.0;Hautes-Pyrénées;76.0;Occitanie;911583.36913
2023.0;67.0;Bas-Rhin;44.0;Grand Est;6169872.70335
2022.0;55.0;Meuse;44.0;Grand Est;1710412.23713
2022.0;68.0;Haut-Rhin;44.0;Grand Est;11339146.46743
2022.0;972.0;Martinique;2.0;Martinique;150011.7
2021.0;88.0;Vosges;44.0;Grand Est;4039470.9343
2018.0;82.0;Tarn-et-Garonne;76.0;Occitanie;375451.79355
2020.0;24.0;Dordogne;75.0;Nouvelle-Aquitaine;1890226.78386
2024.0;974.0;La Réunion;4.0;La Réunion;275166.076
2024.0;80.0;Somme;32.0;Hauts-de-France;3990780.35211
2022.0;50.0;Manche;28.0;Normandie;2703615.23759
2023.0;81.0;Tarn;76.0;Occitanie;1262925.5376
2021.0;69.0;Rhône;84.0;Auvergne-Rhône-Alpes;8896950.80252
2018.0;69.0;Rhône;84.0;Auvergne-Rhône-Alpes;8490470.96745
2020.0;64.0;Pyrénées-Atlantiques;75.0;Nouvelle-Aquitaine;1998007.8224
2023.0;45.0;Loiret;24.0;Centre-Val de Loire;3795382.24026
2022.0;80.0;Somme;32.0;Hauts-de-France;4570363.50474
2019.0;73.0;Savoie;84.0;Auvergne-Rhône-Alpes;5667071.88039
2020.0;17.0;Charente-Maritime;75.0;Nouvelle-Aquitaine;916442.09209
2021.0;91.0;Essonne;11.0;Île-de-France;2627108.77087
2024.0;41.0;Loir-et-Cher;24.0;Centre-Val de Loire;646298.48961
2023.0;48.0;Lozère;76.0;Occitanie;176383.145
2018.0;972.0;Martinique;2.0;Martinique;138832.983
2020.0;6.0;Alpes-Maritimes;93.0;Provence-Alpes-Côte d'Azur;1012171.0805
2023.0;82.0;Tarn-et-Garonne;76.0;Occitanie;327951.07722
2024.0;12.0;Aveyron;76.0;Occitanie;539087.4804
2018.0;95.0;Val-d'Oise;11.0;Île-de-France;1821663.62069
2020.0;11.0;Aude;76.0;Occitanie;777712.21362
2023.0;3.0;Allier;84.0;Auvergne-Rhône-Alpes;2730254.74054
2020.0;45.0;Loiret;24.0;Centre-Val de Loire;4324831.33596
2021.0;84.0;Vaucluse;93.0;Provence-Alpes-Côte d'Azur;1860686.25043
2019.0;57.0;Moselle;44.0;Grand Est;14759106.62626
2023.0;63.0;Puy-de-Dôme;84.0;Auvergne-Rhône-Alpes;3023338.298
2021.0;67.0;Bas-Rhin;44.0;Grand Est;7072841.37988
2018.0;88.0;Vosges;44.0;Grand Est;3860427.32656
2022.0;16.0;Charente;75.0;Nouvelle-Aquitaine;2387490.25023
2019.0;54.0;Meurthe-et-Moselle;44.0;Grand Est;13003466.988
2019.0;80.0;Somme;32.0;Hauts-de-France;5197626.93242
2024.0;2.0;Aisne;32.0;Hauts-de-France;3832034.19403
2018.0;44.0;Loire-Atlantique;52.0;Pays de la Loire;7601232.19409
2022.0;2A;Corse-du-Sud;94.0;Corse;69037.387
2024.0;18.0;Cher;24.0;Centre-Val de Loire;570562.36006
2018.0;73.0;Savoie;84.0;Auvergne-Rhône-Alpes;6011823.79476
2023.0;64.0;Pyrénées-Atlantiques;75.0;Nouvelle-Aquitaine;2259468.5131
2021.0;94.0;Val-de-Marne;11.0;Île-de-France;4458531.18764
2019.0;66.0;Pyrénées-Orientales;76.0;Occitanie;408033.34604
2020.0;1.0;Ain;84.0;Auvergne-Rhône-Alpes;3283624.26868
2022.0;54.0;Meurthe-et-Moselle;44.0;Grand Est;12036500.10642
2020.0;78.0;Yvelines;11.0;Île-de-France;3518776.89227
2023.0;9.0;Ariège;76.0;Occitanie;438638.15282
2019.0;11.0;Aude;76.0;Occitanie;787115.85203
2023.0;70.0;Haute-Saône;27.0;Bourgogne-Franche-Comté;691324.98007
2022.0;67.0;Bas-Rhin;44.0;Grand Est;6587112.10049
2021.0;89.0;Yonne;27.0;Bourgogne-Franche-Comté;1166500.99277
2022.0;38.0;Isère;84.0;Auvergne-Rhône-Alpes;7760491.39903
2020.0;62.0;Pas-de-Calais;32.0;Hauts-de-France;10893978.78985
2018.0;8.0;Ardennes;44.0;Grand Est;1921608.24193
2022.0;29.0;Finistère;53.0;Bretagne;8428063.29166
2020.0;88.0;Vosges;44.0;Grand Est;3485808.3488
2021.0;17.0;Charente-Maritime;75.0;Nouvelle-Aquitaine;1011581.65643
2021.0;55.0;Meuse;44.0;Grand Est;1961835.98603
2022.0;10.0;Aube;44.0;Grand Est;2474129.22282
2022.0;53.0;Mayenne;52.0;Pays de la Loire;1904956.86329
2019.0;77.0;Seine-et-Marne;11.0;Île-de-France;9208918.72214
2019.0;5.0;Hautes-Alpes;93.0;Provence-Alpes-Côte d'Azur;87436.51258
2024.0;90.0;Territoire de Belfort;27.0;Bourgogne-Franche-Comté;435033.47139
2019.0;39.0;Jura;27.0;Bourgogne-Franche-Comté;2912885.57457
2019.0;8.0;Ardennes;44.0;Grand Est;1920885.04266
2021.0;66.0;Pyrénées-Orientales;76.0;Occitanie;417341.37825
2018.0;5.0;Hautes-Alpes;93.0;Provence-Alpes-Côte d'Azur;83978.34185
2018.0;76.0;Seine-Maritime;28.0;Normandie;29890072.33152
2018.0;976.0;Mayotte;6.0;Mayotte;71243.305
2023.0;88.0;Vosges;44.0;Grand Est;3219202.50857
2018.0;78.0;Yvelines;11.0;Île-de-France;3906567.50134
2018.0;94.0;Val-de-Marne;11.0;Île-de-France;3901949.08826
2024.0;87.0;Haute-Vienne;75.0;Nouvelle-Aquitaine;1514699.13056
2019.0;972.0;Martinique;2.0;Martinique;115217.099
2019.0;30.0;Gard;76.0;Occitanie;2341181.53727
2023.0;95.0;Val-d'Oise;11.0;Île-de-France;1591728.78599
2023.0;14.0;Calvados;28.0;Normandie;2008513.5131
2020.0;36.0;Indre;24.0;Centre-Val de Loire;1003262.16012
2018.0;19.0;Corrèze;75.0;Nouvelle-Aquitaine;594515.63634
2020.0;75.0;Paris;11.0;Île-de-France;1211850.48322
2021.0;976.0;Mayotte;6.0;Mayotte;83784.961
2020.0;84.0;Vaucluse;93.0;Provence-Alpes-Côte d'Azur;1792334.96093
2019.0;70.0;Haute-Saône;27.0;Bourgogne-Franche-Comté;770504.79823
2024.0;30.0;Gard;76.0;Occitanie;1986116.77088
2023.0;79.0;Deux-Sèvres;75.0;Nouvelle-Aquitaine;1202407.18462
2023.0;94.0;Val-de-Marne;11.0;Île-de-France;3796838.80279
2024.0;72.0;Sarthe;52.0;Pays de la Loire;1896462.93161
2019.0;64.0;Pyrénées-Atlantiques;75.0;Nouvelle-Aquitaine;2054187.82329
2018.0;90.0;Territoire de Belfort;27.0;Bourgogne-Franche-Comté;580116.16851
2020.0;4.0;Alpes-de-Haute-Provence;93.0;Provence-Alpes-Côte d'Azur;385838.05641
2024.0;95.0;Val-d'Oise;11.0;Île-de-France;1576800.85669
2020.0;25.0;Doubs;27.0;Bourgogne-Franche-Comté;1872599.09845
2021.0;22.0;Côtes-d'Armor;53.0;Bretagne;2501965.19178
2018.0;30.0;Gard;76.0;Occitanie;2512446.82466
2018.0;51.0;Marne;44.0;Grand Est;6004996.98065
2021.0;59.0;Nord;32.0;Hauts-de-France;36896069.92408
2018.0;26.0;Drôme;84.0;Auvergne-Rhône-Alpes;2464417.40689
2020.0;86.0;Vienne;75.0;Nouvelle-Aquitaine;802491.26445
2024.0;91.0;Essonne;11.0;Île-de-France;2164915.31892
2020.0;18.0;Cher;24.0;Centre-Val de Loire;612023.12415
2018.0;16.0;Charente;75.0;Nouvelle-Aquitaine;2645563.00903
2021.0;44.0;Loire-Atlantique;52.0;Pays de la Loire;9079722.73635
2021.0;78.0;Yvelines;11.0;Île-de-France;4034885.24426
2024.0;65.0;Hautes-Pyrénées;76.0;Occitanie;754348.42392
2021.0;33.0;Gironde;75.0;Nouvelle-Aquitaine;3421827.49904
2021.0;50.0;Manche;28.0;Normandie;2252541.40306
2023.0;5.0;Hautes-Alpes;93.0;Provence-Alpes-Côte d'Azur;86844.62928
2024.0;10.0;Aube;44.0;Grand Est;2416973.57414
2019.0;87.0;Haute-Vienne;75.0;Nouvelle-Aquitaine;1760473.12252
2023.0;1.0;Ain;84.0;Auvergne-Rhône-Alpes;3194271.3694
2023.0;2.0;Aisne;32.0;Hauts-de-France;3745149.35696
2021.0;51.0;Marne;44.0;Grand Est;5410456.85423
2022.0;25.0;Doubs;27.0;Bourgogne-Franche-Comté;1812595.92831
2022.0;91.0;Essonne;11.0;Île-de-France;2290615.15445
2021.0;54.0;Meurthe-et-Moselle;44.0;Grand Est;11635173.89997
2024.0;67.0;Bas-Rhin;44.0;Grand Est;5901939.34667
2019.0;48.0;Lozère;76.0;Occitanie;112284.15631
2022.0;976.0;Mayotte;6.0;Mayotte;87063.273
