Année;Code département;Libellé département;Code région;Libellé région;Consommation électricité résidentiel (MWh)
2012.0;9.0;Ariège;76.0;Occitanie;536606.68
2012.0;10.0;Aube;44.0;Grand Est;1030088.29
2012.0;38.0;Isère;84.0;Auvergne-Rhône-Alpes;3685098.46
2012.0;84.0;Vaucluse;93.0;Provence-Alpes-Côte d'Azur;2193425.5
2012.0;88.0;Vosges;44.0;Grand Est;1247631.76
2013.0;36.0;Indre;24.0;Centre-Val de Loire;878527.06
2013.0;68.0;Haut-Rhin;44.0;Grand Est;1938051.05
2014.0;11.0;Aude;76.0;Occitanie;1364427.37
2014.0;21.0;Côte-d'Or;27.0;Bourgogne-Franche-Comté;1519407.78
2014.0;29.0;Finistère;53.0;Bretagne;2893335.43
2014.0;36.0;Indre;24.0;Centre-Val de Loire;786534.21
2015.0;29.0;Finistère;53.0;Bretagne;2956663.16
2015.0;2B;Haute-Corse;94.0;Corse;0.0
2015.0;75.0;Paris;11.0;Île-de-France;6360020.62
2016.0;3.0;Allier;84.0;Auvergne-Rhône-Alpes;1182037.0
2016.0;42.0;Loire;84.0;Auvergne-Rhône-Alpes;2081967.67
2016.0;57.0;Moselle;44.0;Grand Est;2744770.96
2016.0;72.0;Sarthe;52.0;Pays de la Loire;1900883.26
2016.0;973.0;Guyane;3.0;Guyane;0.0
2017.0;3.0;Allier;84.0;Auvergne-Rhône-Alpes;1148431.46
2017.0;4.0;Alpes-de-Haute-Provence;93.0;Provence-Alpes-Côte d'Azur;710969.95
2017.0;8.0;Ardennes;44.0;Grand Est;780482.51
2017.0;11.0;Aude;76.0;Occitanie;1415245.6
2017.0;18.0;Cher;24.0;Centre-Val de Loire;1102545.17
2017.0;41.0;Loir-et-Cher;24.0;Centre-Val de Loire;1196355.39
2017.0;46.0;Lot;76.0;Occitanie;708848.96
2017.0;48.0;Lozère;76.0;Occitanie;283362.02
2017.0;49.0;Maine-et-Loire;52.0;Pays de la Loire;2518883.78
2012.0;35.0;Ille-et-Vilaine;53.0;Bretagne;3250659.75
2012.0;45.0;Loiret;24.0;Centre-Val de Loire;2150143.47
2012.0;47.0;Lot-et-Garonne;75.0;Nouvelle-Aquitaine;1241770.34
2012.0;971.0;Guadeloupe;1.0;Guadeloupe;0.0
2013.0;6.0;Alpes-Maritimes;93.0;Provence-Alpes-Côte d'Azur;4369749.7
2013.0;8.0;Ardennes;44.0;Grand Est;832026.18
2013.0;33.0;Gironde;75.0;Nouvelle-Aquitaine;5184230.09
2013.0;50.0;Manche;28.0;Normandie;2090228.06
2013.0;52.0;Haute-Marne;44.0;Grand Est;591970.84
2013.0;59.0;Nord;32.0;Hauts-de-France;6887549.95
2013.0;83.0;Var;93.0;Provence-Alpes-Côte d'Azur;4532546.03
2014.0;28.0;Eure-et-Loir;24.0;Centre-Val de Loire;969488.37
2014.0;56.0;Morbihan;53.0;Bretagne;2529496.16
2015.0;2.0;Aisne;32.0;Hauts-de-France;1554117.45
2015.0;28.0;Eure-et-Loir;24.0;Centre-Val de Loire;1402945.7
2015.0;38.0;Isère;84.0;Auvergne-Rhône-Alpes;3790449.66
2015.0;64.0;Pyrénées-Atlantiques;75.0;Nouvelle-Aquitaine;2166206.79
2015.0;974.0;La Réunion;4.0;La Réunion;0.0
2016.0;4.0;Alpes-de-Haute-Provence;93.0;Provence-Alpes-Côte d'Azur;718268.2
2016.0;43.0;Haute-Loire;84.0;Auvergne-Rhône-Alpes;760130.12
2016.0;47.0;Lot-et-Garonne;75.0;Nouvelle-Aquitaine;1228044.77
2016.0;55.0;Meuse;44.0;Grand Est;633845.09
2016.0;61.0;Orne;28.0;Normandie;1090274.02
2017.0;1.0;Ain;84.0;Auvergne-Rhône-Alpes;2212359.05
2017.0;14.0;Calvados;28.0;Normandie;2404046.16
2017.0;29.0;Finistère;53.0;Bretagne;2986893.32
2017.0;51.0;Marne;44.0;Grand Est;1792992.48
2017.0;68.0;Haut-Rhin;44.0;Grand Est;2032016.27
2012.0;86.0;Vienne;75.0;Nouvelle-Aquitaine;610895.78
2013.0;65.0;Hautes-Pyrénées;76.0;Occitanie;839839.26
2013.0;974.0;La Réunion;4.0;La Réunion;0.0
2014.0;31.0;Haute-Garonne;76.0;Occitanie;3926182.06
2015.0;89.0;Yonne;27.0;Bourgogne-Franche-Comté;1207134.65
2016.0;36.0;Indre;24.0;Centre-Val de Loire;841473.85
2017.0;25.0;Doubs;27.0;Bourgogne-Franche-Comté;1597836.52
2017.0;39.0;Jura;27.0;Bourgogne-Franche-Comté;850070.09
2017.0;78.0;Yvelines;11.0;Île-de-France;3819545.26
2012.0;7.0;Ardèche;84.0;Auvergne-Rhône-Alpes;1155531.74
2012.0;51.0;Marne;44.0;Grand Est;1863317.49
2012.0;63.0;Puy-de-Dôme;84.0;Auvergne-Rhône-Alpes;2023169.36
2013.0;49.0;Maine-et-Loire;52.0;Pays de la Loire;2664251.65
2014.0;17.0;Charente-Maritime;75.0;Nouvelle-Aquitaine;2525609.29
2014.0;37.0;Indre-et-Loire;24.0;Centre-Val de Loire;1924364.0
2014.0;67.0;Bas-Rhin;44.0;Grand Est;3033045.36
2015.0;19.0;Corrèze;75.0;Nouvelle-Aquitaine;852849.53
2015.0;43.0;Haute-Loire;84.0;Auvergne-Rhône-Alpes;739049.16
2013.0;28.0;Eure-et-Loir;24.0;Centre-Val de Loire;1088465.57
2013.0;53.0;Mayenne;52.0;Pays de la Loire;1181232.29
2013.0;87.0;Haute-Vienne;75.0;Nouvelle-Aquitaine;1213124.18
2014.0;49.0;Maine-et-Loire;52.0;Pays de la Loire;2402470.1
2014.0;973.0;Guyane;3.0;Guyane;0.0
2015.0;4.0;Alpes-de-Haute-Provence;93.0;Provence-Alpes-Côte d'Azur;695823.34
2015.0;27.0;Eure;28.0;Normandie;2024874.34
2015.0;79.0;Deux-Sèvres;75.0;Nouvelle-Aquitaine;1073873.48
2015.0;80.0;Somme;32.0;Hauts-de-France;1700878.87
2016.0;24.0;Dordogne;75.0;Nouvelle-Aquitaine;1612365.09
2016.0;64.0;Pyrénées-Atlantiques;75.0;Nouvelle-Aquitaine;2213673.54
2016.0;73.0;Savoie;84.0;Auvergne-Rhône-Alpes;1767778.6
2016.0;86.0;Vienne;75.0;Nouvelle-Aquitaine;1422800.6300000001
2016.0;93.0;Seine-Saint-Denis;11.0;Île-de-France;3214730.93
2017.0;21.0;Côte-d'Or;27.0;Bourgogne-Franche-Comté;1593289.67
2017.0;2B;Haute-Corse;94.0;Corse;530843.0
2017.0;50.0;Manche;28.0;Normandie;1948698.67
2017.0;73.0;Savoie;84.0;Auvergne-Rhône-Alpes;1762663.5
2012.0;39.0;Jura;27.0;Bourgogne-Franche-Comté;852770.36
2012.0;59.0;Nord;32.0;Hauts-de-France;6727627.58
2012.0;93.0;Seine-Saint-Denis;11.0;Île-de-France;3242200.24
2013.0;13.0;Bouches-du-Rhône;93.0;Provence-Alpes-Côte d'Azur;6604080.96
2013.0;58.0;Nièvre;27.0;Bourgogne-Franche-Comté;851473.0
2013.0;89.0;Yonne;27.0;Bourgogne-Franche-Comté;1304037.1
2013.0;972.0;Martinique;2.0;Martinique;0.0
2014.0;58.0;Nièvre;27.0;Bourgogne-Franche-Comté;756688.71
2014.0;72.0;Sarthe;52.0;Pays de la Loire;1785999.09
2014.0;84.0;Vaucluse;93.0;Provence-Alpes-Côte d'Azur;2030274.36
2014.0;974.0;La Réunion;4.0;La Réunion;0.0
2015.0;37.0;Indre-et-Loire;24.0;Centre-Val de Loire;2002240.9
2015.0;58.0;Nièvre;27.0;Bourgogne-Franche-Comté;775858.17
2015.0;971.0;Guadeloupe;1.0;Guadeloupe;0.0
2016.0;8.0;Ardennes;44.0;Grand Est;794433.24
2016.0;11.0;Aude;76.0;Occitanie;1418017.37
2016.0;13.0;Bouches-du-Rhône;93.0;Provence-Alpes-Côte d'Azur;6329746.65
2016.0;17.0;Charente-Maritime;75.0;Nouvelle-Aquitaine;2703615.64
2016.0;50.0;Manche;28.0;Normandie;2000386.16
2016.0;58.0;Nièvre;27.0;Bourgogne-Franche-Comté;807350.84
2016.0;71.0;Saône-et-Loire;27.0;Bourgogne-Franche-Comté;1810942.89
2017.0;5.0;Hautes-Alpes;93.0;Provence-Alpes-Côte d'Azur;629725.81
2017.0;9.0;Ariège;76.0;Occitanie;523936.39
2017.0;23.0;Creuse;75.0;Nouvelle-Aquitaine;421426.84
2017.0;34.0;Hérault;76.0;Occitanie;3959099.46
2017.0;61.0;Orne;28.0;Normandie;1048735.85
2017.0;77.0;Seine-et-Marne;11.0;Île-de-France;4068819.43
2017.0;95.0;Val-d'Oise;11.0;Île-de-France;2973702.17
2013.0;41.0;Loir-et-Cher;24.0;Centre-Val de Loire;1273175.78
2014.0;63.0;Puy-de-Dôme;84.0;Auvergne-Rhône-Alpes;1892533.68
2014.0;79.0;Deux-Sèvres;75.0;Nouvelle-Aquitaine;274413.54
2014.0;85.0;Vendée;52.0;Pays de la Loire;2454572.6
2015.0;6.0;Alpes-Maritimes;93.0;Provence-Alpes-Côte d'Azur;4165257.67
2015.0;36.0;Indre;24.0;Centre-Val de Loire;808229.82
2015.0;41.0;Loir-et-Cher;24.0;Centre-Val de Loire;1181655.54
2015.0;94.0;Val-de-Marne;11.0;Île-de-France;2951756.2
2016.0;41.0;Loir-et-Cher;24.0;Centre-Val de Loire;1242943.97
2016.0;65.0;Hautes-Pyrénées;76.0;Occitanie;813763.64
2016.0;81.0;Tarn;76.0;Occitanie;1313386.98
2017.0;973.0;Guyane;3.0;Guyane;306726.0
2012.0;4.0;Alpes-de-Haute-Provence;93.0;Provence-Alpes-Côte d'Azur;720302.92
2012.0;34.0;Hérault;76.0;Occitanie;3954211.27
2012.0;46.0;Lot;76.0;Occitanie;710737.39
2012.0;49.0;Maine-et-Loire;52.0;Pays de la Loire;2585171.1
2013.0;4.0;Alpes-de-Haute-Provence;93.0;Provence-Alpes-Côte d'Azur;743782.04
2013.0;46.0;Lot;76.0;Occitanie;728988.5
2013.0;56.0;Morbihan;53.0;Bretagne;2779461.43
2013.0;67.0;Bas-Rhin;44.0;Grand Est;3357588.11
2013.0;88.0;Vosges;44.0;Grand Est;1266389.42
2013.0;93.0;Seine-Saint-Denis;11.0;Île-de-France;3331073.83
2014.0;2.0;Aisne;32.0;Hauts-de-France;1440924.17
2014.0;23.0;Creuse;75.0;Nouvelle-Aquitaine;407870.45
2014.0;2A;Corse-du-Sud;94.0;Corse;0.0
2014.0;68.0;Haut-Rhin;44.0;Grand Est;1780389.61
2014.0;89.0;Yonne;27.0;Bourgogne-Franche-Comté;1166141.74
2015.0;62.0;Pas-de-Calais;32.0;Hauts-de-France;4013805.55
2015.0;65.0;Hautes-Pyrénées;76.0;Occitanie;812132.73
2015.0;76.0;Seine-Maritime;28.0;Normandie;3694919.06
2015.0;92.0;Hauts-de-Seine;11.0;Île-de-France;3649098.96
2016.0;22.0;Côtes-d'Armor;53.0;Bretagne;2318325.88
2016.0;23.0;Creuse;75.0;Nouvelle-Aquitaine;431722.57
2016.0;68.0;Haut-Rhin;44.0;Grand Est;2058055.19
2016.0;95.0;Val-d'Oise;11.0;Île-de-France;3054543.58
2017.0;2A;Corse-du-Sud;94.0;Corse;493608.0
2017.0;65.0;Hautes-Pyrénées;76.0;Occitanie;812881.63
2017.0;85.0;Vendée;52.0;Pays de la Loire;2586804.51
2012.0;3.0;Allier;84.0;Auvergne-Rhône-Alpes;1193006.6
2012.0;15.0;Cantal;84.0;Auvergne-Rhône-Alpes;562641.86
2012.0;17.0;Charente-Maritime;75.0;Nouvelle-Aquitaine;2688619.29
2012.0;25.0;Doubs;27.0;Bourgogne-Franche-Comté;1594263.84
2012.0;73.0;Savoie;84.0;Auvergne-Rhône-Alpes;1682100.431
2012.0;92.0;Hauts-de-Seine;11.0;Île-de-France;3823988.57
2013.0;25.0;Doubs;27.0;Bourgogne-Franche-Comté;1636301.49
2013.0;2B;Haute-Corse;94.0;Corse;0.0
2013.0;71.0;Saône-et-Loire;27.0;Bourgogne-Franche-Comté;1860528.94
2013.0;72.0;Sarthe;52.0;Pays de la Loire;1997913.2
2013.0;92.0;Hauts-de-Seine;11.0;Île-de-France;3919956.2
2014.0;5.0;Hautes-Alpes;93.0;Provence-Alpes-Côte d'Azur;565409.2
2014.0;15.0;Cantal;84.0;Auvergne-Rhône-Alpes;529456.47
2014.0;30.0;Gard;76.0;Occitanie;2491695.08
2014.0;35.0;Ille-et-Vilaine;53.0;Bretagne;3066535.89
2014.0;43.0;Haute-Loire;84.0;Auvergne-Rhône-Alpes;722236.94
2014.0;65.0;Hautes-Pyrénées;76.0;Occitanie;771128.8
2015.0;1.0;Ain;84.0;Auvergne-Rhône-Alpes;2143941.13
2015.0;45.0;Loiret;24.0;Centre-Val de Loire;2059406.91
2015.0;59.0;Nord;32.0;Hauts-de-France;6493528.52
2015.0;78.0;Yvelines;11.0;Île-de-France;3826080.03
2015.0;86.0;Vienne;75.0;Nouvelle-Aquitaine;1391548.23
2016.0;26.0;Drôme;84.0;Auvergne-Rhône-Alpes;1733598.71
2016.0;51.0;Marne;44.0;Grand Est;1833381.71
2016.0;79.0;Deux-Sèvres;75.0;Nouvelle-Aquitaine;1113809.37
2017.0;31.0;Haute-Garonne;76.0;Occitanie;4145836.07
2017.0;40.0;Landes;75.0;Nouvelle-Aquitaine;1646398.39
2017.0;64.0;Pyrénées-Atlantiques;75.0;Nouvelle-Aquitaine;2229123.23
2012.0;62.0;Pas-de-Calais;32.0;Hauts-de-France;4242202.05
2012.0;76.0;Seine-Maritime;28.0;Normandie;3912904.33
2012.0;87.0;Haute-Vienne;75.0;Nouvelle-Aquitaine;1180722.26
2013.0;1.0;Ain;84.0;Auvergne-Rhône-Alpes;2200496.29
2013.0;54.0;Meurthe-et-Moselle;44.0;Grand Est;2228338.24
2013.0;66.0;Pyrénées-Orientales;76.0;Occitanie;5423494.2
2013.0;971.0;Guadeloupe;1.0;Guadeloupe;0.0
2015.0;82.0;Tarn-et-Garonne;76.0;Occitanie;925335.89
2016.0;9.0;Ariège;76.0;Occitanie;533839.21
2016.0;28.0;Eure-et-Loir;24.0;Centre-Val de Loire;1501446.47
2016.0;2B;Haute-Corse;94.0;Corse;0.0
2016.0;62.0;Pas-de-Calais;32.0;Hauts-de-France;4093650.53
2016.0;67.0;Bas-Rhin;44.0;Grand Est;3351444.97
2016.0;76.0;Seine-Maritime;28.0;Normandie;3792761.65
2016.0;78.0;Yvelines;11.0;Île-de-France;3951272.18
2017.0;53.0;Mayenne;52.0;Pays de la Loire;1101814.22
2017.0;87.0;Haute-Vienne;75.0;Nouvelle-Aquitaine;1149092.78
2017.0;90.0;Territoire de Belfort;27.0;Bourgogne-Franche-Comté;364740.33
2017.0;972.0;Martinique;2.0;Martinique;602403.0
2012.0;16.0;Charente;75.0;Nouvelle-Aquitaine;1219798.45
2012.0;26.0;Drôme;84.0;Auvergne-Rhône-Alpes;1713592.57
2012.0;30.0;Gard;76.0;Occitanie;2657590.67
2012.0;41.0;Loir-et-Cher;24.0;Centre-Val de Loire;1240421.84
2012.0;48.0;Lozère;76.0;Occitanie;286746.67
2012.0;66.0;Pyrénées-Orientales;76.0;Occitanie;5723517.8
2012.0;80.0;Somme;32.0;Hauts-de-France;1582803.28
2012.0;91.0;Essonne;11.0;Île-de-France;3311285.48
2013.0;24.0;Dordogne;75.0;Nouvelle-Aquitaine;1658940.11
2013.0;27.0;Eure;28.0;Normandie;2210123.89
2013.0;45.0;Loiret;24.0;Centre-Val de Loire;2214463.17
2013.0;90.0;Territoire de Belfort;27.0;Bourgogne-Franche-Comté;385074.89
2014.0;2B;Haute-Corse;94.0;Corse;0.0
2014.0;71.0;Saône-et-Loire;27.0;Bourgogne-Franche-Comté;1685605.47
2014.0;80.0;Somme;32.0;Hauts-de-France;1638684.97
2014.0;94.0;Val-de-Marne;11.0;Île-de-France;2832713.24
2015.0;21.0;Côte-d'Or;27.0;Bourgogne-Franche-Comté;1566622.65
2015.0;46.0;Lot;76.0;Occitanie;683602.69
2015.0;972.0;Martinique;2.0;Martinique;0.0
2016.0;14.0;Calvados;28.0;Normandie;2473253.73
2016.0;39.0;Jura;27.0;Bourgogne-Franche-Comté;868914.21
2016.0;69.0;Rhône;84.0;Auvergne-Rhône-Alpes;5176435.16
2016.0;976.0;Mayotte;6.0;Mayotte;158637.29
2017.0;36.0;Indre;24.0;Centre-Val de Loire;813337.97
2017.0;38.0;Isère;84.0;Auvergne-Rhône-Alpes;3994644.39
2017.0;84.0;Vaucluse;93.0;Provence-Alpes-Côte d'Azur;2161013.61
2012.0;56.0;Morbihan;53.0;Bretagne;2674640.7
2012.0;61.0;Orne;28.0;Normandie;1115339.56
2012.0;65.0;Hautes-Pyrénées;76.0;Occitanie;824393.53
2012.0;85.0;Vendée;52.0;Pays de la Loire;2612946.21
2013.0;12.0;Aveyron;76.0;Occitanie;1071868.9
2017.0;81.0;Tarn;76.0;Occitanie;1320862.3699999999
2012.0;78.0;Yvelines;11.0;Île-de-France;3945615.58
2012.0;79.0;Deux-Sèvres;75.0;Nouvelle-Aquitaine;296368.81
2012.0;95.0;Val-d'Oise;11.0;Île-de-France;3045065.8
2013.0;29.0;Finistère;53.0;Bretagne;3176473.94
2013.0;63.0;Puy-de-Dôme;84.0;Auvergne-Rhône-Alpes;2080561.36
2013.0;74.0;Haute-Savoie;84.0;Auvergne-Rhône-Alpes;2997074.63
2014.0;19.0;Corrèze;75.0;Nouvelle-Aquitaine;831356.41
2014.0;27.0;Eure;28.0;Normandie;1968853.93
2014.0;69.0;Rhône;84.0;Auvergne-Rhône-Alpes;4843322.74
2014.0;93.0;Seine-Saint-Denis;11.0;Île-de-France;3060844.05
2015.0;39.0;Jura;27.0;Bourgogne-Franche-Comté;828516.82
2015.0;40.0;Landes;75.0;Nouvelle-Aquitaine;1593876.67
2015.0;66.0;Pyrénées-Orientales;76.0;Occitanie;1723254.66
2015.0;95.0;Val-d'Oise;11.0;Île-de-France;2965358.57
2016.0;6.0;Alpes-Maritimes;93.0;Provence-Alpes-Côte d'Azur;4204647.22
2016.0;75.0;Paris;11.0;Île-de-France;6461126.46
2016.0;94.0;Val-de-Marne;11.0;Île-de-France;3033138.0
2017.0;2.0;Aisne;32.0;Hauts-de-France;1615905.73
2017.0;10.0;Aube;44.0;Grand Est;1028437.0
2017.0;12.0;Aveyron;76.0;Occitanie;1029103.52
2017.0;19.0;Corrèze;75.0;Nouvelle-Aquitaine;864441.61
2017.0;55.0;Meuse;44.0;Grand Est;621342.04
2013.0;2A;Corse-du-Sud;94.0;Corse;0.0
2013.0;61.0;Orne;28.0;Normandie;1149077.52
2013.0;76.0;Seine-Maritime;28.0;Normandie;4018581.52
2013.0;86.0;Vienne;75.0;Nouvelle-Aquitaine;624772.99
2014.0;12.0;Aveyron;76.0;Occitanie;980412.74
2014.0;64.0;Pyrénées-Atlantiques;75.0;Nouvelle-Aquitaine;2125651.21
2015.0;8.0;Ardennes;44.0;Grand Est;781090.39
2015.0;16.0;Charente;75.0;Nouvelle-Aquitaine;1175675.48
2015.0;42.0;Loire;84.0;Auvergne-Rhône-Alpes;2028631.48
2015.0;84.0;Vaucluse;93.0;Provence-Alpes-Côte d'Azur;2136202.07
2016.0;31.0;Haute-Garonne;76.0;Occitanie;4101490.54
2016.0;38.0;Isère;84.0;Auvergne-Rhône-Alpes;3925845.08
2012.0;19.0;Corrèze;75.0;Nouvelle-Aquitaine;893896.99
2012.0;55.0;Meuse;44.0;Grand Est;651158.77
2012.0;60.0;Oise;32.0;Hauts-de-France;2064779.63
2012.0;82.0;Tarn-et-Garonne;76.0;Occitanie;953913.9400000001
2013.0;39.0;Jura;27.0;Bourgogne-Franche-Comté;873405.7
2014.0;57.0;Moselle;44.0;Grand Est;1838469.15
2014.0;95.0;Val-d'Oise;11.0;Île-de-France;2824155.49
2016.0;12.0;Aveyron;76.0;Occitanie;1037879.33
2016.0;56.0;Morbihan;53.0;Bretagne;2706524.9
2016.0;84.0;Vaucluse;93.0;Provence-Alpes-Côte d'Azur;2169284.29
2012.0;8.0;Ardennes;44.0;Grand Est;818147.14
2012.0;68.0;Haut-Rhin;44.0;Grand Est;1900354.76
2012.0;77.0;Seine-et-Marne;11.0;Île-de-France;4136761.45
2013.0;5.0;Hautes-Alpes;93.0;Provence-Alpes-Côte d'Azur;608966.47
2012.0;14.0;Calvados;28.0;Normandie;2522694.25
2012.0;64.0;Pyrénées-Atlantiques;75.0;Nouvelle-Aquitaine;2242700.74
2013.0;48.0;Lozère;76.0;Occitanie;295201.23
2013.0;64.0;Pyrénées-Atlantiques;75.0;Nouvelle-Aquitaine;2281183.18
2013.0;84.0;Vaucluse;93.0;Provence-Alpes-Côte d'Azur;2249083.89
2013.0;95.0;Val-d'Oise;11.0;Île-de-France;3124852.13
2014.0;14.0;Calvados;28.0;Normandie;2322325.64
2014.0;16.0;Charente;75.0;Nouvelle-Aquitaine;1143006.92
2014.0;46.0;Lot;76.0;Occitanie;666036.42
2014.0;88.0;Vosges;44.0;Grand Est;1148221.33
2015.0;11.0;Aude;76.0;Occitanie;1394173.41
2015.0;14.0;Calvados;28.0;Normandie;2382494.89
2012.0;81.0;Tarn;76.0;Occitanie;1308782.35
2013.0;40.0;Landes;75.0;Nouvelle-Aquitaine;1659399.48
2013.0;60.0;Oise;32.0;Hauts-de-France;2118768.9
2013.0;973.0;Guyane;3.0;Guyane;0.0
2015.0;52.0;Haute-Marne;44.0;Grand Est;570004.67
2015.0;61.0;Orne;28.0;Normandie;1051350.41
2015.0;90.0;Territoire de Belfort;27.0;Bourgogne-Franche-Comté;358800.3
2016.0;48.0;Lozère;76.0;Occitanie;286596.81
2017.0;54.0;Meurthe-et-Moselle;44.0;Grand Est;2098799.15
2017.0;71.0;Saône-et-Loire;27.0;Bourgogne-Franche-Comté;1777205.1
2012.0;50.0;Manche;28.0;Normandie;2023521.4
2012.0;57.0;Moselle;44.0;Grand Est;1951833.42
2014.0;55.0;Meuse;44.0;Grand Est;602011.86
2014.0;90.0;Territoire de Belfort;27.0;Bourgogne-Franche-Comté;352052.5
2016.0;83.0;Var;93.0;Provence-Alpes-Côte d'Azur;4383068.3
2017.0;22.0;Côtes-d'Armor;53.0;Bretagne;2251128.48
2012.0;12.0;Aveyron;76.0;Occitanie;1041825.31
2012.0;54.0;Meurthe-et-Moselle;44.0;Grand Est;2192454.1
2012.0;75.0;Paris;11.0;Île-de-France;6826865.32
2013.0;2.0;Aisne;32.0;Hauts-de-France;1607789.71
2013.0;10.0;Aube;44.0;Grand Est;1062955.73
2013.0;15.0;Cantal;84.0;Auvergne-Rhône-Alpes;578378.73
2016.0;971.0;Guadeloupe;1.0;Guadeloupe;0.0
2016.0;974.0;La Réunion;4.0;La Réunion;0.0
2017.0;42.0;Loire;84.0;Auvergne-Rhône-Alpes;2055221.71
2017.0;57.0;Moselle;44.0;Grand Est;2752182.35
2017.0;94.0;Val-de-Marne;11.0;Île-de-France;2957730.51
2017.0;974.0;La Réunion;4.0;La Réunion;1189788.0
2017.0;976.0;Mayotte;6.0;Mayotte;162449.6
2013.0;35.0;Ille-et-Vilaine;53.0;Bretagne;3373884.65
2013.0;75.0;Paris;11.0;Île-de-France;6923962.04
2013.0;82.0;Tarn-et-Garonne;76.0;Occitanie;979000.64
2014.0;33.0;Gironde;75.0;Nouvelle-Aquitaine;4806658.25
2014.0;86.0;Vienne;75.0;Nouvelle-Aquitaine;563708.4400000001
2015.0;5.0;Hautes-Alpes;93.0;Provence-Alpes-Côte d'Azur;610031.4
2015.0;9.0;Ariège;76.0;Occitanie;526443.45
2015.0;22.0;Côtes-d'Armor;53.0;Bretagne;2231449.79
2015.0;2A;Corse-du-Sud;94.0;Corse;0.0
2015.0;32.0;Gers;76.0;Occitanie;736514.35
2015.0;71.0;Saône-et-Loire;27.0;Bourgogne-Franche-Comté;1739237.76
2016.0;1.0;Ain;84.0;Auvergne-Rhône-Alpes;2174342.57
2016.0;46.0;Lot;76.0;Occitanie;705367.85
2016.0;60.0;Oise;32.0;Hauts-de-France;2537264.01
2016.0;87.0;Haute-Vienne;75.0;Nouvelle-Aquitaine;1171080.38
2016.0;92.0;Hauts-de-Seine;11.0;Île-de-France;3743805.16
2017.0;33.0;Gironde;75.0;Nouvelle-Aquitaine;5218615.92
2017.0;74.0;Haute-Savoie;84.0;Auvergne-Rhône-Alpes;3040530.44
2017.0;82.0;Tarn-et-Garonne;76.0;Occitanie;953996.44
2017.0;83.0;Var;93.0;Provence-Alpes-Côte d'Azur;4389316.69
2013.0;94.0;Val-de-Marne;11.0;Île-de-France;3104488.75
2014.0;1.0;Ain;84.0;Auvergne-Rhône-Alpes;2001718.57
2014.0;22.0;Côtes-d'Armor;53.0;Bretagne;2169516.98
2014.0;40.0;Landes;75.0;Nouvelle-Aquitaine;1543117.32
2014.0;52.0;Haute-Marne;44.0;Grand Est;534098.03
2014.0;74.0;Haute-Savoie;84.0;Auvergne-Rhône-Alpes;2763974.8
2014.0;76.0;Seine-Maritime;28.0;Normandie;3600436.21
2015.0;12.0;Aveyron;76.0;Occitanie;1006836.66
2015.0;44.0;Loire-Atlantique;52.0;Pays de la Loire;4133462.19
2016.0;16.0;Charente;75.0;Nouvelle-Aquitaine;1206644.27
2016.0;44.0;Loire-Atlantique;52.0;Pays de la Loire;4324726.56
2016.0;59.0;Nord;32.0;Hauts-de-France;6559387.86
2016.0;63.0;Puy-de-Dôme;84.0;Auvergne-Rhône-Alpes;2025259.36
2017.0;43.0;Haute-Loire;84.0;Auvergne-Rhône-Alpes;749376.45
2012.0;5.0;Hautes-Alpes;93.0;Provence-Alpes-Côte d'Azur;589687.91
2012.0;58.0;Nièvre;27.0;Bourgogne-Franche-Comté;828269.39
2013.0;11.0;Aude;76.0;Occitanie;1503824.0
2013.0;23.0;Creuse;75.0;Nouvelle-Aquitaine;453776.09
2013.0;31.0;Haute-Garonne;76.0;Occitanie;4240811.71
2013.0;51.0;Marne;44.0;Grand Est;1921393.18
2013.0;70.0;Haute-Saône;27.0;Bourgogne-Franche-Comté;690964.85
2014.0;26.0;Drôme;84.0;Auvergne-Rhône-Alpes;1613693.21
2014.0;54.0;Meurthe-et-Moselle;44.0;Grand Est;2022314.28
2014.0;61.0;Orne;28.0;Normandie;1029700.35
2014.0;77.0;Seine-et-Marne;11.0;Île-de-France;3839471.14
2014.0;81.0;Tarn;76.0;Occitanie;1230604.55
2015.0;30.0;Gard;76.0;Occitanie;2594816.6
2015.0;31.0;Haute-Garonne;76.0;Occitanie;4028045.96
2015.0;35.0;Ille-et-Vilaine;53.0;Bretagne;3143867.99
2015.0;63.0;Puy-de-Dôme;84.0;Auvergne-Rhône-Alpes;1949850.28
2015.0;85.0;Vendée;52.0;Pays de la Loire;2535153.91
2016.0;27.0;Eure;28.0;Normandie;2097879.66
2016.0;35.0;Ille-et-Vilaine;53.0;Bretagne;3292070.42
2016.0;66.0;Pyrénées-Orientales;76.0;Occitanie;1752843.28
2016.0;77.0;Seine-et-Marne;11.0;Île-de-France;4149039.81
2016.0;91.0;Essonne;11.0;Île-de-France;3402664.09
2017.0;6.0;Alpes-Maritimes;93.0;Provence-Alpes-Côte d'Azur;4169769.96
2017.0;28.0;Eure-et-Loir;24.0;Centre-Val de Loire;1466190.99
2017.0;44.0;Loire-Atlantique;52.0;Pays de la Loire;4238323.84
2017.0;45.0;Loiret;24.0;Centre-Val de Loire;2230561.15
2017.0;89.0;Yonne;27.0;Bourgogne-Franche-Comté;1221752.84
2017.0;93.0;Seine-Saint-Denis;11.0;Île-de-France;3151147.32
2013.0;44.0;Loire-Atlantique;52.0;Pays de la Loire;4407709.31
2014.0;7.0;Ardèche;84.0;Auvergne-Rhône-Alpes;1087498.99
2014.0;10.0;Aube;44.0;Grand Est;950920.12
2014.0;18.0;Cher;24.0;Centre-Val de Loire;1054612.15
2014.0;24.0;Dordogne;75.0;Nouvelle-Aquitaine;1518168.84
2014.0;34.0;Hérault;76.0;Occitanie;3709041.83
2014.0;47.0;Lot-et-Garonne;75.0;Nouvelle-Aquitaine;1162017.87
2014.0;53.0;Mayenne;52.0;Pays de la Loire;1067706.74
2015.0;13.0;Bouches-du-Rhône;93.0;Provence-Alpes-Côte d'Azur;6282784.31
2015.0;49.0;Maine-et-Loire;52.0;Pays de la Loire;2478226.77
2015.0;69.0;Rhône;84.0;Auvergne-Rhône-Alpes;5038238.3
2016.0;5.0;Hautes-Alpes;93.0;Provence-Alpes-Côte d'Azur;632690.3
2016.0;10.0;Aube;44.0;Grand Est;1049593.35
2016.0;15.0;Cantal;84.0;Auvergne-Rhône-Alpes;553216.71
2017.0;35.0;Ille-et-Vilaine;53.0;Bretagne;3218565.08
2017.0;59.0;Nord;32.0;Hauts-de-France;6438177.26
2017.0;60.0;Oise;32.0;Hauts-de-France;2486655.3
2017.0;91.0;Essonne;11.0;Île-de-France;3309186.92
2012.0;13.0;Bouches-du-Rhône;93.0;Provence-Alpes-Côte d'Azur;6470635.11
2012.0;2A;Corse-du-Sud;94.0;Corse;0.0
2012.0;32.0;Gers;76.0;Occitanie;761708.63
2012.0;44.0;Loire-Atlantique;52.0;Pays de la Loire;4243847.68
2012.0;53.0;Mayenne;52.0;Pays de la Loire;1145024.33
2012.0;69.0;Rhône;84.0;Auvergne-Rhône-Alpes;5140608.04
2012.0;972.0;Martinique;2.0;Martinique;0.0
2013.0;17.0;Charente-Maritime;75.0;Nouvelle-Aquitaine;2780618.81
2013.0;57.0;Moselle;44.0;Grand Est;2002097.59
2013.0;78.0;Yvelines;11.0;Île-de-France;4043617.36
2013.0;91.0;Essonne;11.0;Île-de-France;3413106.95
2014.0;13.0;Bouches-du-Rhône;93.0;Provence-Alpes-Côte d'Azur;6057618.88
2014.0;39.0;Jura;27.0;Bourgogne-Franche-Comté;800093.36
2014.0;50.0;Manche;28.0;Normandie;1871594.22
2014.0;51.0;Marne;44.0;Grand Est;1714965.14
2014.0;82.0;Tarn-et-Garonne;76.0;Occitanie;897292.8
2015.0;3.0;Allier;84.0;Auvergne-Rhône-Alpes;1135227.41
2015.0;26.0;Drôme;84.0;Auvergne-Rhône-Alpes;1688240.28
2015.0;47.0;Lot-et-Garonne;75.0;Nouvelle-Aquitaine;1199856.48
2015.0;57.0;Moselle;44.0;Grand Est;2778864.63
2016.0;29.0;Finistère;53.0;Bretagne;3051821.02
2016.0;82.0;Tarn-et-Garonne;76.0;Occitanie;949937.35
2017.0;16.0;Charente;75.0;Nouvelle-Aquitaine;1187198.01
2017.0;24.0;Dordogne;75.0;Nouvelle-Aquitaine;1608594.44
2017.0;30.0;Gard;76.0;Occitanie;2644650.54
2017.0;37.0;Indre-et-Loire;24.0;Centre-Val de Loire;2015345.42
2012.0;29.0;Finistère;53.0;Bretagne;3080991.27
2013.0;37.0;Indre-et-Loire;24.0;Centre-Val de Loire;2143211.8
2013.0;47.0;Lot-et-Garonne;75.0;Nouvelle-Aquitaine;1269992.23
2014.0;6.0;Alpes-Maritimes;93.0;Provence-Alpes-Côte d'Azur;4047577.15
2014.0;41.0;Loir-et-Cher;24.0;Centre-Val de Loire;1143430.87
2014.0;42.0;Loire;84.0;Auvergne-Rhône-Alpes;1970257.54
2015.0;50.0;Manche;28.0;Normandie;1937955.3
2015.0;73.0;Savoie;84.0;Auvergne-Rhône-Alpes;1716126.6
2015.0;93.0;Seine-Saint-Denis;11.0;Île-de-France;3129967.73
2017.0;56.0;Morbihan;53.0;Bretagne;2656718.25
2017.0;70.0;Haute-Saône;27.0;Bourgogne-Franche-Comté;737148.07
2017.0;75.0;Paris;11.0;Île-de-France;6314994.47
2012.0;22.0;Côtes-d'Armor;53.0;Bretagne;2333604.47
2012.0;28.0;Eure-et-Loir;24.0;Centre-Val de Loire;1055083.98
2013.0;7.0;Ardèche;84.0;Auvergne-Rhône-Alpes;1196049.91
2013.0;16.0;Charente;75.0;Nouvelle-Aquitaine;1253537.05
2013.0;18.0;Cher;24.0;Centre-Val de Loire;1180114.37
2013.0;69.0;Rhône;84.0;Auvergne-Rhône-Alpes;5306237.15
2013.0;73.0;Savoie;84.0;Auvergne-Rhône-Alpes;1725629.082
2014.0;3.0;Allier;84.0;Auvergne-Rhône-Alpes;1103514.32
2014.0;8.0;Ardennes;44.0;Grand Est;760356.27
2014.0;25.0;Doubs;27.0;Bourgogne-Franche-Comté;1501772.81
2014.0;78.0;Yvelines;11.0;Île-de-France;3639636.32
2014.0;91.0;Essonne;11.0;Île-de-France;3088299.76
2014.0;971.0;Guadeloupe;1.0;Guadeloupe;0.0
2015.0;7.0;Ardèche;84.0;Auvergne-Rhône-Alpes;1124424.04
2016.0;33.0;Gironde;75.0;Nouvelle-Aquitaine;5167634.86
2016.0;37.0;Indre-et-Loire;24.0;Centre-Val de Loire;2087647.14
2016.0;90.0;Territoire de Belfort;27.0;Bourgogne-Franche-Comté;370275.25
2017.0;67.0;Bas-Rhin;44.0;Grand Est;3326426.68
2012.0;6.0;Alpes-Maritimes;93.0;Provence-Alpes-Côte d'Azur;4261191.92
2012.0;21.0;Côte-d'Or;27.0;Bourgogne-Franche-Comté;1633356.11
2012.0;37.0;Indre-et-Loire;24.0;Centre-Val de Loire;2081785.49
2012.0;70.0;Haute-Saône;27.0;Bourgogne-Franche-Comté;678181.93
2012.0;71.0;Saône-et-Loire;27.0;Bourgogne-Franche-Comté;1812802.56
2012.0;90.0;Territoire de Belfort;27.0;Bourgogne-Franche-Comté;378630.77
2012.0;973.0;Guyane;3.0;Guyane;0.0
2013.0;9.0;Ariège;76.0;Occitanie;562676.3
2013.0;22.0;Côtes-d'Armor;53.0;Bretagne;2398240.6
2014.0;9.0;Ariège;76.0;Occitanie;516167.59
2014.0;48.0;Lozère;76.0;Occitanie;271538.07
2014.0;60.0;Oise;32.0;Hauts-de-France;1886575.74
2014.0;972.0;Martinique;2.0;Martinique;0.0
2015.0;34.0;Hérault;76.0;Occitanie;3862115.98
2015.0;51.0;Marne;44.0;Grand Est;1762763.97
2015.0;55.0;Meuse;44.0;Grand Est;618014.48
2015.0;72.0;Sarthe;52.0;Pays de la Loire;1823938.76
2016.0;7.0;Ardèche;84.0;Auvergne-Rhône-Alpes;1162802.77
2016.0;32.0;Gers;76.0;Occitanie;752683.24
2016.0;52.0;Haute-Marne;44.0;Grand Est;583674.94
2016.0;74.0;Haute-Savoie;84.0;Auvergne-Rhône-Alpes;3048572.58
2016.0;85.0;Vendée;52.0;Pays de la Loire;2641480.17
2016.0;972.0;Martinique;2.0;Martinique;0.0
2017.0;62.0;Pas-de-Calais;32.0;Hauts-de-France;3990636.64
2017.0;72.0;Sarthe;52.0;Pays de la Loire;1835107.23
2017.0;76.0;Seine-Maritime;28.0;Normandie;3682807.02
2017.0;86.0;Vienne;75.0;Nouvelle-Aquitaine;1298290.59
2017.0;971.0;Guadeloupe;1.0;Guadeloupe;723830.0
2012.0;67.0;Bas-Rhin;44.0;Grand Est;1280838.86
2012.0;74.0;Haute-Savoie;84.0;Auvergne-Rhône-Alpes;2569334.52
2012.0;83.0;Var;93.0;Provence-Alpes-Côte d'Azur;4420601.68
2012.0;94.0;Val-de-Marne;11.0;Île-de-France;3028757.46
2013.0;3.0;Allier;84.0;Auvergne-Rhône-Alpes;1228904.44
2013.0;30.0;Gard;76.0;Occitanie;2746458.27
2013.0;38.0;Isère;84.0;Auvergne-Rhône-Alpes;3793404.24
2013.0;81.0;Tarn;76.0;Occitanie;1343964.5
2014.0;32.0;Gers;76.0;Occitanie;717464.22
2014.0;87.0;Haute-Vienne;75.0;Nouvelle-Aquitaine;1111450.93
2015.0;67.0;Bas-Rhin;44.0;Grand Est;3252113.63
2015.0;81.0;Tarn;76.0;Occitanie;1297812.05
2015.0;973.0;Guyane;3.0;Guyane;0.0
2016.0;2A;Corse-du-Sud;94.0;Corse;0.0
2016.0;54.0;Meurthe-et-Moselle;44.0;Grand Est;2139851.16
2017.0;13.0;Bouches-du-Rhône;93.0;Provence-Alpes-Côte d'Azur;6365153.31
2017.0;17.0;Charente-Maritime;75.0;Nouvelle-Aquitaine;2659537.45
2012.0;1.0;Ain;84.0;Auvergne-Rhône-Alpes;2123743.36
2012.0;18.0;Cher;24.0;Centre-Val de Loire;1144392.53
2012.0;40.0;Landes;75.0;Nouvelle-Aquitaine;1639047.75
2012.0;43.0;Haute-Loire;84.0;Auvergne-Rhône-Alpes;761258.76
2012.0;72.0;Sarthe;52.0;Pays de la Loire;1944897.81
2013.0;21.0;Côte-d'Or;27.0;Bourgogne-Franche-Comté;1678541.99
2013.0;42.0;Loire;84.0;Auvergne-Rhône-Alpes;2139733.8
2013.0;62.0;Pas-de-Calais;32.0;Hauts-de-France;4325954.25
2013.0;77.0;Seine-et-Marne;11.0;Île-de-France;4273579.44
2014.0;70.0;Haute-Saône;27.0;Bourgogne-Franche-Comté;629721.82
2015.0;24.0;Dordogne;75.0;Nouvelle-Aquitaine;1561903.86
2015.0;53.0;Mayenne;52.0;Pays de la Loire;1092027.13
2015.0;68.0;Haut-Rhin;44.0;Grand Est;1908359.05
2015.0;91.0;Essonne;11.0;Île-de-France;3281109.86
2016.0;19.0;Corrèze;75.0;Nouvelle-Aquitaine;876629.18
2016.0;30.0;Gard;76.0;Occitanie;2659091.9
2016.0;40.0;Landes;75.0;Nouvelle-Aquitaine;1632769.64
2016.0;49.0;Maine-et-Loire;52.0;Pays de la Loire;2585533.88
2017.0;7.0;Ardèche;84.0;Auvergne-Rhône-Alpes;1148319.87
2017.0;32.0;Gers;76.0;Occitanie;749821.0599999999
2017.0;52.0;Haute-Marne;44.0;Grand Est;575263.49
2017.0;63.0;Puy-de-Dôme;84.0;Auvergne-Rhône-Alpes;1989837.49
2017.0;79.0;Deux-Sèvres;75.0;Nouvelle-Aquitaine;1270929.53
2017.0;80.0;Somme;32.0;Hauts-de-France;1704421.53
2017.0;92.0;Hauts-de-Seine;11.0;Île-de-France;3631224.26
2012.0;11.0;Aude;76.0;Occitanie;1460289.24
2012.0;24.0;Dordogne;75.0;Nouvelle-Aquitaine;1616738.59
2012.0;2B;Haute-Corse;94.0;Corse;0.0
2012.0;31.0;Haute-Garonne;76.0;Occitanie;4126720.98
2013.0;32.0;Gers;76.0;Occitanie;781665.05
2014.0;38.0;Isère;84.0;Auvergne-Rhône-Alpes;3410826.45
2014.0;45.0;Loiret;24.0;Centre-Val de Loire;1988060.25
2014.0;62.0;Pas-de-Calais;32.0;Hauts-de-France;3891674.52
2014.0;73.0;Savoie;84.0;Auvergne-Rhône-Alpes;1591881.42
2014.0;75.0;Paris;11.0;Île-de-France;6268734.21
2015.0;10.0;Aube;44.0;Grand Est;1010022.91
2015.0;17.0;Charente-Maritime;75.0;Nouvelle-Aquitaine;2625137.81
2015.0;23.0;Creuse;75.0;Nouvelle-Aquitaine;417090.02
2015.0;48.0;Lozère;76.0;Occitanie;274464.48
2015.0;77.0;Seine-et-Marne;11.0;Île-de-France;4007298.69
2015.0;83.0;Var;93.0;Provence-Alpes-Côte d'Azur;4312752.22
2015.0;87.0;Haute-Vienne;75.0;Nouvelle-Aquitaine;1138321.33
2015.0;976.0;Mayotte;6.0;Mayotte;137350.56
2016.0;25.0;Doubs;27.0;Bourgogne-Franche-Comté;1629339.68
2016.0;45.0;Loiret;24.0;Centre-Val de Loire;2310037.07
2016.0;80.0;Somme;32.0;Hauts-de-France;1713258.92
2016.0;89.0;Yonne;27.0;Bourgogne-Franche-Comté;1259378.09
2017.0;26.0;Drôme;84.0;Auvergne-Rhône-Alpes;1729186.08
2017.0;27.0;Eure;28.0;Normandie;2030433.29
2017.0;58.0;Nièvre;27.0;Bourgogne-Franche-Comté;784185.0
2017.0;88.0;Vosges;44.0;Grand Est;1213850.92
2012.0;2.0;Aisne;32.0;Hauts-de-France;1571035.97
2012.0;23.0;Creuse;75.0;Nouvelle-Aquitaine;440490.67
2012.0;27.0;Eure;28.0;Normandie;2150738.19
2012.0;42.0;Loire;84.0;Auvergne-Rhône-Alpes;2088100.96
2012.0;974.0;La Réunion;4.0;La Réunion;0.0
2013.0;19.0;Corrèze;75.0;Nouvelle-Aquitaine;916495.13
2013.0;34.0;Hérault;76.0;Occitanie;4069086.3
2013.0;43.0;Haute-Loire;84.0;Auvergne-Rhône-Alpes;783204.14
2013.0;55.0;Meuse;44.0;Grand Est;663587.35
2013.0;80.0;Somme;32.0;Hauts-de-France;1808442.26
2013.0;85.0;Vendée;52.0;Pays de la Loire;2705734.72
2014.0;4.0;Alpes-de-Haute-Provence;93.0;Provence-Alpes-Côte d'Azur;682752.91
2014.0;44.0;Loire-Atlantique;52.0;Pays de la Loire;4015102.02
2015.0;25.0;Doubs;27.0;Bourgogne-Franche-Comté;1565088.25
2015.0;33.0;Gironde;75.0;Nouvelle-Aquitaine;4974674.38
2015.0;56.0;Morbihan;53.0;Bretagne;2597808.43
2015.0;88.0;Vosges;44.0;Grand Est;1196997.15
2016.0;34.0;Hérault;76.0;Occitanie;3935910.59
2016.0;70.0;Haute-Saône;27.0;Bourgogne-Franche-Comté;748941.37
2016.0;88.0;Vosges;44.0;Grand Est;1232778.8
2017.0;15.0;Cantal;84.0;Auvergne-Rhône-Alpes;544655.93
2017.0;47.0;Lot-et-Garonne;75.0;Nouvelle-Aquitaine;1221175.27
2017.0;69.0;Rhône;84.0;Auvergne-Rhône-Alpes;5119436.98
2012.0;33.0;Gironde;75.0;Nouvelle-Aquitaine;5028918.69
2012.0;36.0;Indre;24.0;Centre-Val de Loire;859989.26
2014.0;59.0;Nord;32.0;Hauts-de-France;6251554.95
2014.0;66.0;Pyrénées-Orientales;76.0;Occitanie;8315853.18
2014.0;83.0;Var;93.0;Provence-Alpes-Côte d'Azur;4176703.96
2014.0;92.0;Hauts-de-Seine;11.0;Île-de-France;3573687.7399999998
2015.0;60.0;Oise;32.0;Hauts-de-France;2482365.46
2015.0;70.0;Haute-Saône;27.0;Bourgogne-Franche-Comté;727851.33
2015.0;74.0;Haute-Savoie;84.0;Auvergne-Rhône-Alpes;2854686.12
2012.0;52.0;Haute-Marne;44.0;Grand Est;581163.73
2012.0;89.0;Yonne;27.0;Bourgogne-Franche-Comté;1272214.99
2013.0;14.0;Calvados;28.0;Normandie;2591360.11
2013.0;26.0;Drôme;84.0;Auvergne-Rhône-Alpes;1764701.91
2013.0;79.0;Deux-Sèvres;75.0;Nouvelle-Aquitaine;302637.08
2015.0;15.0;Cantal;84.0;Auvergne-Rhône-Alpes;537224.17
2015.0;18.0;Cher;24.0;Centre-Val de Loire;1089665.07
2015.0;54.0;Meurthe-et-Moselle;44.0;Grand Est;2086259.05
2016.0;2.0;Aisne;32.0;Hauts-de-France;1649743.45
2016.0;18.0;Cher;24.0;Centre-Val de Loire;1139580.35
2016.0;21.0;Côte-d'Or;27.0;Bourgogne-Franche-Comté;1627002.96
2016.0;53.0;Mayenne;52.0;Pays de la Loire;1140594.65
2017.0;66.0;Pyrénées-Orientales;76.0;Occitanie;1737469.95
2024.0;976.0;Mayotte;6.0;Mayotte;209389.4618
2020.0;63.0;Puy-de-Dôme;84.0;Auvergne-Rhône-Alpes;1524019.24467
2024.0;28.0;Eure-et-Loir;24.0;Centre-Val de Loire;1136565.185
2019.0;29.0;Finistère;53.0;Bretagne;2380754.70364
2018.0;31.0;Haute-Garonne;76.0;Occitanie;3359438.48659
2024.0;42.0;Loire;84.0;Auvergne-Rhône-Alpes;1504947.027
2021.0;37.0;Indre-et-Loire;24.0;Centre-Val de Loire;1706961.93781
2023.0;74.0;Haute-Savoie;84.0;Auvergne-Rhône-Alpes;2288942.162
2022.0;95.0;Val-d'Oise;11.0;Île-de-France;2248774.41942
2020.0;93.0;Seine-Saint-Denis;11.0;Île-de-France;2405790.03857
2024.0;1.0;Ain;84.0;Auvergne-Rhône-Alpes;1704359.628
2020.0;974.0;La Réunion;4.0;La Réunion;1272267.915
2019.0;10.0;Aube;44.0;Grand Est;792625.49064
2023.0;976.0;Mayotte;6.0;Mayotte;205465.2571
2018.0;39.0;Jura;27.0;Bourgogne-Franche-Comté;641809.41454
2020.0;52.0;Haute-Marne;44.0;Grand Est;424111.38291
2019.0;28.0;Eure-et-Loir;24.0;Centre-Val de Loire;1274887.93251
2020.0;43.0;Haute-Loire;84.0;Auvergne-Rhône-Alpes;572573.15588
2018.0;53.0;Mayenne;52.0;Pays de la Loire;799787.04514
2023.0;30.0;Gard;76.0;Occitanie;2074490.187
2021.0;73.0;Savoie;84.0;Auvergne-Rhône-Alpes;1376649.07996
2021.0;8.0;Ardennes;44.0;Grand Est;619809.89574
2021.0;26.0;Drôme;84.0;Auvergne-Rhône-Alpes;1451351.13958
2024.0;17.0;Charente-Maritime;75.0;Nouvelle-Aquitaine;2099580.97
2019.0;91.0;Essonne;11.0;Île-de-France;2639560.57293
2019.0;86.0;Vienne;75.0;Nouvelle-Aquitaine;1194874.33456
2024.0;50.0;Manche;28.0;Normandie;1433785.622
2024.0;53.0;Mayenne;52.0;Pays de la Loire;769080.035
2021.0;42.0;Loire;84.0;Auvergne-Rhône-Alpes;1666772.93846
2023.0;55.0;Meuse;44.0;Grand Est;438026.875
2022.0;974.0;La Réunion;4.0;La Réunion;1258370.307
2018.0;47.0;Lot-et-Garonne;75.0;Nouvelle-Aquitaine;957565.04807
2022.0;56.0;Morbihan;53.0;Bretagne;2065794.85173
2021.0;18.0;Cher;24.0;Centre-Val de Loire;921157.40854
2022.0;18.0;Cher;24.0;Centre-Val de Loire;829992.44853
2021.0;2A;Corse-du-Sud;94.0;Corse;551139.76
2021.0;81.0;Tarn;76.0;Occitanie;1145167.67901
2021.0;3.0;Allier;84.0;Auvergne-Rhône-Alpes;946571.23097
2019.0;32.0;Gers;76.0;Occitanie;578162.95069
2022.0;57.0;Moselle;44.0;Grand Est;2232616.84465
2022.0;42.0;Loire;84.0;Auvergne-Rhône-Alpes;1535336.03443
2022.0;90.0;Territoire de Belfort;27.0;Bourgogne-Franche-Comté;270537.52627
2022.0;43.0;Haute-Loire;84.0;Auvergne-Rhône-Alpes;551595.45679
2021.0;9.0;Ariège;76.0;Occitanie;455117.1455
2018.0;85.0;Vendée;52.0;Pays de la Loire;2128543.59509
2018.0;48.0;Lozère;76.0;Occitanie;196055.48217
2020.0;15.0;Cantal;84.0;Auvergne-Rhône-Alpes;380461.96963
2023.0;59.0;Nord;32.0;Hauts-de-France;4720257.62
2018.0;59.0;Nord;32.0;Hauts-de-France;5026934.49162
2022.0;81.0;Tarn;76.0;Occitanie;1082022.31946
2019.0;14.0;Calvados;28.0;Normandie;1886836.65567
2020.0;72.0;Sarthe;52.0;Pays de la Loire;1446697.36524
2019.0;71.0;Saône-et-Loire;27.0;Bourgogne-Franche-Comté;1364629.44807
2024.0;15.0;Cantal;84.0;Auvergne-Rhône-Alpes;356431.886
2022.0;88.0;Vosges;44.0;Grand Est;894308.69159
2020.0;69.0;Rhône;84.0;Auvergne-Rhône-Alpes;3803683.37183
2023.0;4.0;Alpes-de-Haute-Provence;93.0;Provence-Alpes-Côte d'Azur;529255.465
2022.0;7.0;Ardèche;84.0;Auvergne-Rhône-Alpes;926860.03137
2022.0;1.0;Ain;84.0;Auvergne-Rhône-Alpes;1731123.17398
2020.0;16.0;Charente;75.0;Nouvelle-Aquitaine;960173.68843
2023.0;75.0;Paris;11.0;Île-de-France;3554098.014
2018.0;41.0;Loir-et-Cher;24.0;Centre-Val de Loire;964739.50413
2020.0;53.0;Mayenne;52.0;Pays de la Loire;798802.46163
2020.0;91.0;Essonne;11.0;Île-de-France;2639437.98284
2020.0;77.0;Seine-et-Marne;11.0;Île-de-France;3272229.91078
2018.0;93.0;Seine-Saint-Denis;11.0;Île-de-France;2356595.66596
2019.0;973.0;Guyane;3.0;Guyane;308748.384
2019.0;93.0;Seine-Saint-Denis;11.0;Île-de-France;2338479.72365
2020.0;81.0;Tarn;76.0;Occitanie;1078382.91356
2021.0;60.0;Oise;32.0;Hauts-de-France;2118467.56909
2022.0;51.0;Marne;44.0;Grand Est;1277933.84679
2023.0;34.0;Hérault;76.0;Occitanie;2999546.828
2023.0;29.0;Finistère;53.0;Bretagne;2264065.957
2022.0;64.0;Pyrénées-Atlantiques;75.0;Nouvelle-Aquitaine;1649488.11139
2019.0;19.0;Corrèze;75.0;Nouvelle-Aquitaine;681359.30445
2018.0;80.0;Somme;32.0;Hauts-de-France;1311663.93867
2022.0;49.0;Maine-et-Loire;52.0;Pays de la Loire;1891850.72762
2018.0;22.0;Côtes-d'Armor;53.0;Bretagne;1755544.94267
2022.0;76.0;Seine-Maritime;28.0;Normandie;2757234.72924
2023.0;32.0;Gers;76.0;Occitanie;552183.462
2019.0;72.0;Sarthe;52.0;Pays de la Loire;1456557.08802
2023.0;22.0;Côtes-d'Armor;53.0;Bretagne;1666676.776
2024.0;73.0;Savoie;84.0;Auvergne-Rhône-Alpes;1364784.663
2022.0;4.0;Alpes-de-Haute-Provence;93.0;Provence-Alpes-Côte d'Azur;546586.01698
2019.0;65.0;Hautes-Pyrénées;76.0;Occitanie;616756.98625
2022.0;77.0;Seine-et-Marne;11.0;Île-de-France;3116798.19848
2022.0;35.0;Ille-et-Vilaine;53.0;Bretagne;2349306.26458
2020.0;76.0;Seine-Maritime;28.0;Normandie;2942529.16269
2023.0;44.0;Loire-Atlantique;52.0;Pays de la Loire;3206598.436
2023.0;27.0;Eure;28.0;Normandie;1548008.246
2024.0;83.0;Var;93.0;Provence-Alpes-Côte d'Azur;3333186.255
2019.0;22.0;Côtes-d'Armor;53.0;Bretagne;1752378.16159
2022.0;87.0;Haute-Vienne;75.0;Nouvelle-Aquitaine;872697.64452
2024.0;48.0;Lozère;76.0;Occitanie;185723.105
2019.0;69.0;Rhône;84.0;Auvergne-Rhône-Alpes;3724808.07783
2023.0;51.0;Marne;44.0;Grand Est;1252696.189
2020.0;87.0;Haute-Vienne;75.0;Nouvelle-Aquitaine;909063.45147
2023.0;49.0;Maine-et-Loire;52.0;Pays de la Loire;1843839.059
2019.0;85.0;Vendée;52.0;Pays de la Loire;2121192.99322
2020.0;89.0;Yonne;27.0;Bourgogne-Franche-Comté;948922.96624
2019.0;56.0;Morbihan;53.0;Bretagne;2124263.14984
2023.0;73.0;Savoie;84.0;Auvergne-Rhône-Alpes;1406492.298
2019.0;33.0;Gironde;75.0;Nouvelle-Aquitaine;4228391.49173
2021.0;62.0;Pas-de-Calais;32.0;Hauts-de-France;3356249.12197
2018.0;55.0;Meuse;44.0;Grand Est;469407.79116
2021.0;83.0;Var;93.0;Provence-Alpes-Côte d'Azur;3783355.83171
2022.0;17.0;Charente-Maritime;75.0;Nouvelle-Aquitaine;2166476.51447
2020.0;50.0;Manche;28.0;Normandie;1529926.78609
2023.0;38.0;Isère;84.0;Auvergne-Rhône-Alpes;2915594.584
2022.0;83.0;Var;93.0;Provence-Alpes-Côte d'Azur;3565397.50794
2018.0;2B;Haute-Corse;94.0;Corse;540308.703
2019.0;37.0;Indre-et-Loire;24.0;Centre-Val de Loire;1598131.846
2020.0;67.0;Bas-Rhin;44.0;Grand Est;2520068.55154
2020.0;47.0;Lot-et-Garonne;75.0;Nouvelle-Aquitaine;954892.86173
2019.0;38.0;Isère;84.0;Auvergne-Rhône-Alpes;3113093.24763
2019.0;46.0;Lot;76.0;Occitanie;557781.17831
2018.0;9.0;Ariège;76.0;Occitanie;440230.40552
2023.0;40.0;Landes;75.0;Nouvelle-Aquitaine;1258273.911
2020.0;41.0;Loir-et-Cher;24.0;Centre-Val de Loire;967157.89979
2023.0;39.0;Jura;27.0;Bourgogne-Franche-Comté;615880.886
2020.0;57.0;Moselle;44.0;Grand Est;2340828.37257
2022.0;94.0;Val-de-Marne;11.0;Île-de-France;2079879.3563
2021.0;80.0;Somme;32.0;Hauts-de-France;1385153.43113
2023.0;26.0;Drôme;84.0;Auvergne-Rhône-Alpes;1295217.639
2020.0;59.0;Nord;32.0;Hauts-de-France;5078431.21373
2022.0;73.0;Savoie;84.0;Auvergne-Rhône-Alpes;10167951.74174
2024.0;29.0;Finistère;53.0;Bretagne;2286564.998
2024.0;55.0;Meuse;44.0;Grand Est;437877.359
2024.0;51.0;Marne;44.0;Grand Est;1256582.893
2021.0;46.0;Lot;76.0;Occitanie;594168.23801
2018.0;67.0;Bas-Rhin;44.0;Grand Est;3104232.71713
2023.0;92.0;Hauts-de-Seine;11.0;Île-de-France;2401588.234
2024.0;62.0;Pas-de-Calais;32.0;Hauts-de-France;3010401.213
2022.0;13.0;Bouches-du-Rhône;93.0;Provence-Alpes-Côte d'Azur;4891624.92751
2018.0;2.0;Aisne;32.0;Hauts-de-France;1300874.00448
2019.0;90.0;Territoire de Belfort;27.0;Bourgogne-Franche-Comté;281698.06012
2021.0;48.0;Lozère;76.0;Occitanie;210850.81251
2024.0;5.0;Hautes-Alpes;93.0;Provence-Alpes-Côte d'Azur;462062.446
2020.0;2A;Corse-du-Sud;94.0;Corse;513423.7
2019.0;34.0;Hérault;76.0;Occitanie;3203336.94071
2024.0;14.0;Calvados;28.0;Normandie;1791051.204
2022.0;22.0;Côtes-d'Armor;53.0;Bretagne;1696958.82414
2024.0;89.0;Yonne;27.0;Bourgogne-Franche-Comté;888124.176
2018.0;974.0;La Réunion;4.0;La Réunion;1211463.55
2024.0;84.0;Vaucluse;93.0;Provence-Alpes-Côte d'Azur;1610925.557
2022.0;61.0;Orne;28.0;Normandie;755021.46866
2021.0;61.0;Orne;28.0;Normandie;853589.31164
2024.0;57.0;Moselle;44.0;Grand Est;2206636.631
2018.0;46.0;Lot;76.0;Occitanie;559186.803
2018.0;3.0;Allier;84.0;Auvergne-Rhône-Alpes;883910.45749
2019.0;55.0;Meuse;44.0;Grand Est;469583.78795
2019.0;49.0;Maine-et-Loire;52.0;Pays de la Loire;1964159.29949
2022.0;11.0;Aude;76.0;Occitanie;1120236.27012
2021.0;47.0;Lot-et-Garonne;75.0;Nouvelle-Aquitaine;1004500.69755
2019.0;61.0;Orne;28.0;Normandie;796668.8944
2021.0;75.0;Paris;11.0;Île-de-France;4095268.43546
2022.0;30.0;Gard;76.0;Occitanie;2182541.62513
2022.0;14.0;Calvados;28.0;Normandie;1808462.85784
2019.0;2.0;Aisne;32.0;Hauts-de-France;1302494.70994
2020.0;94.0;Val-de-Marne;11.0;Île-de-France;2229679.80936
2022.0;34.0;Hérault;76.0;Occitanie;3188526.76526
2024.0;52.0;Haute-Marne;44.0;Grand Est;394699.41
2024.0;76.0;Seine-Maritime;28.0;Normandie;2716059.43
2020.0;42.0;Loire;84.0;Auvergne-Rhône-Alpes;1592208.6286
2024.0;971.0;Guadeloupe;1.0;Guadeloupe;727864.121
2019.0;50.0;Manche;28.0;Normandie;1513837.5507
2023.0;50.0;Manche;28.0;Normandie;1423235.374
2024.0;94.0;Val-de-Marne;11.0;Île-de-France;2061821.681
2021.0;28.0;Eure-et-Loir;24.0;Centre-Val de Loire;1313694.90702
2019.0;52.0;Haute-Marne;44.0;Grand Est;426250.95917
2024.0;27.0;Eure;28.0;Normandie;1557821.849
2021.0;68.0;Haut-Rhin;44.0;Grand Est;1760093.35567
2024.0;23.0;Creuse;75.0;Nouvelle-Aquitaine;303918.023
2021.0;23.0;Creuse;75.0;Nouvelle-Aquitaine;346975.49347
2022.0;89.0;Yonne;27.0;Bourgogne-Franche-Comté;911953.98287
2018.0;27.0;Eure;28.0;Normandie;1672431.98221
2020.0;44.0;Loire-Atlantique;52.0;Pays de la Loire;3414870.35461
2023.0;87.0;Haute-Vienne;75.0;Nouvelle-Aquitaine;859093.963
2020.0;54.0;Meurthe-et-Moselle;44.0;Grand Est;1636658.54635
2019.0;23.0;Creuse;75.0;Nouvelle-Aquitaine;321130.27209
2022.0;5.0;Hautes-Alpes;93.0;Provence-Alpes-Côte d'Azur;472421.42396
2023.0;54.0;Meurthe-et-Moselle;44.0;Grand Est;1534068.823
2023.0;66.0;Pyrénées-Orientales;76.0;Occitanie;1304149.696
2024.0;11.0;Aude;76.0;Occitanie;1034007.127
2018.0;42.0;Loire;84.0;Auvergne-Rhône-Alpes;1544320.71189
2019.0;31.0;Haute-Garonne;76.0;Occitanie;3316025.93899
2020.0;90.0;Territoire de Belfort;27.0;Bourgogne-Franche-Comté;284938.38731
2024.0;71.0;Saône-et-Loire;27.0;Bourgogne-Franche-Comté;1319424.852
2023.0;17.0;Charente-Maritime;75.0;Nouvelle-Aquitaine;2117186.608
2022.0;52.0;Haute-Marne;44.0;Grand Est;411647.67808
2018.0;70.0;Haute-Saône;27.0;Bourgogne-Franche-Comté;587552.59971
2020.0;95.0;Val-d'Oise;11.0;Île-de-France;2397911.20334
2021.0;63.0;Puy-de-Dôme;84.0;Auvergne-Rhône-Alpes;1626447.54578
2024.0;2B;Haute-Corse;94.0;Corse;509359.775
2021.0;16.0;Charente;75.0;Nouvelle-Aquitaine;1018329.24177
2019.0;95.0;Val-d'Oise;11.0;Île-de-France;2370545.36104
2024.0;4.0;Alpes-de-Haute-Provence;93.0;Provence-Alpes-Côte d'Azur;517763.532
2023.0;8.0;Ardennes;44.0;Grand Est;557275.563
2018.0;17.0;Charente-Maritime;75.0;Nouvelle-Aquitaine;2225153.46374
2021.0;82.0;Tarn-et-Garonne;76.0;Occitanie;823796.13431
2019.0;47.0;Lot-et-Garonne;75.0;Nouvelle-Aquitaine;947085.11406
2021.0;93.0;Seine-Saint-Denis;11.0;Île-de-France;2465531.21839
2021.0;29.0;Finistère;53.0;Bretagne;2546492.54944
2021.0;14.0;Calvados;28.0;Normandie;2014771.9247
2018.0;2A;Corse-du-Sud;94.0;Corse;508664.66
2018.0;4.0;Alpes-de-Haute-Provence;93.0;Provence-Alpes-Côte d'Azur;559961.20258
2019.0;13.0;Bouches-du-Rhône;93.0;Provence-Alpes-Côte d'Azur;5016778.40479
2022.0;70.0;Haute-Saône;27.0;Bourgogne-Franche-Comté;563751.64874
2020.0;10.0;Aube;44.0;Grand Est;798726.34557
2024.0;26.0;Drôme;84.0;Auvergne-Rhône-Alpes;1284600.313
2021.0;15.0;Cantal;84.0;Auvergne-Rhône-Alpes;406369.53781
2020.0;58.0;Nièvre;27.0;Bourgogne-Franche-Comté;606983.24343
2019.0;94.0;Val-de-Marne;11.0;Île-de-France;2199628.81752
2023.0;89.0;Yonne;27.0;Bourgogne-Franche-Comté;886657.609
2022.0;12.0;Aveyron;76.0;Occitanie;704499.59083
2022.0;15.0;Cantal;84.0;Auvergne-Rhône-Alpes;362689.85362
2024.0;75.0;Paris;11.0;Île-de-France;3572702.282
2020.0;73.0;Savoie;84.0;Auvergne-Rhône-Alpes;1342622.75531
2020.0;35.0;Ille-et-Vilaine;53.0;Bretagne;2461951.96307
2023.0;69.0;Rhône;84.0;Auvergne-Rhône-Alpes;3508130.465
2023.0;973.0;Guyane;3.0;Guyane;312810.665
2022.0;72.0;Sarthe;52.0;Pays de la Loire;1375604.22395
2018.0;36.0;Indre;24.0;Centre-Val de Loire;629032.24519
2021.0;71.0;Saône-et-Loire;27.0;Bourgogne-Franche-Comté;1467933.0891
2018.0;92.0;Hauts-de-Seine;11.0;Île-de-France;2675934.25045
2019.0;4.0;Alpes-de-Haute-Provence;93.0;Provence-Alpes-Côte d'Azur;565617.00903
2024.0;35.0;Ille-et-Vilaine;53.0;Bretagne;2353995.402
2021.0;92.0;Hauts-de-Seine;11.0;Île-de-France;2723004.67223
2024.0;63.0;Puy-de-Dôme;84.0;Auvergne-Rhône-Alpes;1435479.869
2022.0;66.0;Pyrénées-Orientales;76.0;Occitanie;1399382.28834
2022.0;84.0;Vaucluse;93.0;Provence-Alpes-Côte d'Azur;1722576.64058
2018.0;45.0;Loiret;24.0;Centre-Val de Loire;1801558.7334
2019.0;35.0;Ille-et-Vilaine;53.0;Bretagne;2434999.21135
2020.0;5.0;Hautes-Alpes;93.0;Provence-Alpes-Côte d'Azur;495182.20083
2023.0;80.0;Somme;32.0;Hauts-de-France;1232269.351
2023.0;971.0;Guadeloupe;1.0;Guadeloupe;699561.221
2019.0;976.0;Mayotte;6.0;Mayotte;175283.298
2022.0;32.0;Gers;76.0;Occitanie;570331.85129
2018.0;63.0;Puy-de-Dôme;84.0;Auvergne-Rhône-Alpes;1512549.84189
2022.0;41.0;Loir-et-Cher;24.0;Centre-Val de Loire;929558.65057
2020.0;49.0;Maine-et-Loire;52.0;Pays de la Loire;1975761.08627
2024.0;6.0;Alpes-Maritimes;93.0;Provence-Alpes-Côte d'Azur;7628407.029
2019.0;92.0;Hauts-de-Seine;11.0;Île-de-France;2629320.04598
2023.0;76.0;Seine-Maritime;28.0;Normandie;2713004.908
2019.0;60.0;Oise;32.0;Hauts-de-France;2023031.19216
2019.0;88.0;Vosges;44.0;Grand Est;934976.07948
2022.0;2.0;Aisne;32.0;Hauts-de-France;1227354.32126
2020.0;65.0;Hautes-Pyrénées;76.0;Occitanie;693466.93888
2022.0;46.0;Lot;76.0;Occitanie;546062.43231
2023.0;68.0;Haut-Rhin;44.0;Grand Est;1587154.206
2023.0;2B;Haute-Corse;94.0;Corse;522458.928
2018.0;79.0;Deux-Sèvres;75.0;Nouvelle-Aquitaine;1171482.34715
2020.0;71.0;Saône-et-Loire;27.0;Bourgogne-Franche-Comté;1383445.4863
2019.0;79.0;Deux-Sèvres;75.0;Nouvelle-Aquitaine;1168908.69753
2022.0;33.0;Gironde;75.0;Nouvelle-Aquitaine;4166291.87862
2022.0;86.0;Vienne;75.0;Nouvelle-Aquitaine;1141784.26676
2021.0;43.0;Haute-Loire;84.0;Auvergne-Rhône-Alpes;608506.0006
2020.0;56.0;Morbihan;53.0;Bretagne;2149311.2817
2023.0;86.0;Vienne;75.0;Nouvelle-Aquitaine;1097157.622
2024.0;31.0;Haute-Garonne;76.0;Occitanie;3087761.669
2022.0;39.0;Jura;27.0;Bourgogne-Franche-Comté;627715.62065
2018.0;84.0;Vaucluse;93.0;Provence-Alpes-Côte d'Azur;1743671.20745
2020.0;66.0;Pyrénées-Orientales;76.0;Occitanie;1433022.36908
2024.0;69.0;Rhône;84.0;Auvergne-Rhône-Alpes;3522986.611
2022.0;3.0;Allier;84.0;Auvergne-Rhône-Alpes;856759.74021
2024.0;68.0;Haut-Rhin;44.0;Grand Est;1605323.395
2018.0;973.0;Guyane;3.0;Guyane;301128.498
2022.0;93.0;Seine-Saint-Denis;11.0;Île-de-France;2243136.11909
2019.0;89.0;Yonne;27.0;Bourgogne-Franche-Comté;947919.79273
2022.0;9.0;Ariège;76.0;Occitanie;421032.26065
2018.0;65.0;Hautes-Pyrénées;76.0;Occitanie;642113.5081
2019.0;51.0;Marne;44.0;Grand Est;1343893.82864
2022.0;48.0;Lozère;76.0;Occitanie;188896.41357
2024.0;7.0;Ardèche;84.0;Auvergne-Rhône-Alpes;897367.956
2021.0;21.0;Côte-d'Or;27.0;Bourgogne-Franche-Comté;1267075.08346
2021.0;72.0;Sarthe;52.0;Pays de la Loire;1544164.71453
2023.0;62.0;Pas-de-Calais;32.0;Hauts-de-France;3015115.874
2021.0;53.0;Mayenne;52.0;Pays de la Loire;855627.14769
2020.0;55.0;Meuse;44.0;Grand Est;465053.69632
2023.0;91.0;Essonne;11.0;Île-de-France;2430639.36
2022.0;63.0;Puy-de-Dôme;84.0;Auvergne-Rhône-Alpes;1478023.48163
2022.0;74.0;Haute-Savoie;84.0;Auvergne-Rhône-Alpes;2326748.19246
2020.0;32.0;Gers;76.0;Occitanie;582584.59308
2019.0;75.0;Paris;11.0;Île-de-France;4017488.24075
2023.0;31.0;Haute-Garonne;76.0;Occitanie;3175800.229
2023.0;33.0;Gironde;75.0;Nouvelle-Aquitaine;4026560.385
2022.0;44.0;Loire-Atlantique;52.0;Pays de la Loire;3277007.63247
2018.0;77.0;Seine-et-Marne;11.0;Île-de-France;3234965.49124
2018.0;43.0;Haute-Loire;84.0;Auvergne-Rhône-Alpes;559956.86683
2021.0;2B;Haute-Corse;94.0;Corse;557999.698
2019.0;68.0;Haut-Rhin;44.0;Grand Est;1697937.71655
2023.0;35.0;Ille-et-Vilaine;53.0;Bretagne;2310924.707
2018.0;971.0;Guadeloupe;1.0;Guadeloupe;688240.836
2018.0;81.0;Tarn;76.0;Occitanie;1028115.54135
2021.0;85.0;Vendée;52.0;Pays de la Loire;2315479.8836
2020.0;971.0;Guadeloupe;1.0;Guadeloupe;722439.105
2018.0;66.0;Pyrénées-Orientales;76.0;Occitanie;1456367.57794
2022.0;26.0;Drôme;84.0;Auvergne-Rhône-Alpes;1345271.22282
2023.0;71.0;Saône-et-Loire;27.0;Bourgogne-Franche-Comté;1304391.542
2023.0;56.0;Morbihan;53.0;Bretagne;2030933.847
2018.0;25.0;Doubs;27.0;Bourgogne-Franche-Comté;1184016.62474
2021.0;32.0;Gers;76.0;Occitanie;611766.19521
2019.0;21.0;Côte-d'Or;27.0;Bourgogne-Franche-Comté;1186271.97882
2019.0;25.0;Doubs;27.0;Bourgogne-Franche-Comté;1189332.80062
2022.0;6.0;Alpes-Maritimes;93.0;Provence-Alpes-Côte d'Azur;3134436.02091
2024.0;37.0;Indre-et-Loire;24.0;Centre-Val de Loire;1518638.69
2019.0;74.0;Haute-Savoie;84.0;Auvergne-Rhône-Alpes;2468453.27509
2022.0;27.0;Eure;28.0;Normandie;1596733.98768
2020.0;14.0;Calvados;28.0;Normandie;1909912.60627
2024.0;9.0;Ariège;76.0;Occitanie;401033.727
2022.0;24.0;Dordogne;75.0;Nouvelle-Aquitaine;1278859.67639
2018.0;52.0;Haute-Marne;44.0;Grand Est;427864.65371
2023.0;84.0;Vaucluse;93.0;Provence-Alpes-Côte d'Azur;1638638.072
2024.0;972.0;Martinique;2.0;Martinique;617354.862
2022.0;31.0;Haute-Garonne;76.0;Occitanie;3282075.71126
2022.0;62.0;Pas-de-Calais;32.0;Hauts-de-France;3043408.47959
2022.0;82.0;Tarn-et-Garonne;76.0;Occitanie;777259.639
2023.0;93.0;Seine-Saint-Denis;11.0;Île-de-France;2209658.585
2021.0;24.0;Dordogne;75.0;Nouvelle-Aquitaine;1380973.91627
2023.0;53.0;Mayenne;52.0;Pays de la Loire;753424.92
2020.0;40.0;Landes;75.0;Nouvelle-Aquitaine;1340403.53523
2020.0;60.0;Oise;32.0;Hauts-de-France;1993754.11416
2023.0;23.0;Creuse;75.0;Nouvelle-Aquitaine;304652.08
2019.0;971.0;Guadeloupe;1.0;Guadeloupe;678205.639
2018.0;7.0;Ardèche;84.0;Auvergne-Rhône-Alpes;936416.51587
2024.0;33.0;Gironde;75.0;Nouvelle-Aquitaine;4011853.121
2021.0;74.0;Haute-Savoie;84.0;Auvergne-Rhône-Alpes;2543100.15234
2021.0;11.0;Aude;76.0;Occitanie;1195965.94918
2020.0;61.0;Orne;28.0;Normandie;804745.04188
2019.0;81.0;Tarn;76.0;Occitanie;1032565.33422
2019.0;83.0;Var;93.0;Provence-Alpes-Côte d'Azur;3645849.15003
2023.0;7.0;Ardèche;84.0;Auvergne-Rhône-Alpes;896951.482
2020.0;79.0;Deux-Sèvres;75.0;Nouvelle-Aquitaine;1004796.90408
2021.0;4.0;Alpes-de-Haute-Provence;93.0;Provence-Alpes-Côte d'Azur;594867.37916
2018.0;56.0;Morbihan;53.0;Bretagne;2114863.27399
2021.0;971.0;Guadeloupe;1.0;Guadeloupe;703793.767
2018.0;34.0;Hérault;76.0;Occitanie;3245523.71437
2019.0;26.0;Drôme;84.0;Auvergne-Rhône-Alpes;1354186.37568
2024.0;40.0;Landes;75.0;Nouvelle-Aquitaine;1249422.637
2020.0;39.0;Jura;27.0;Bourgogne-Franche-Comté;647400.65529
2022.0;21.0;Côte-d'Or;27.0;Bourgogne-Franche-Comté;1163544.42493
2021.0;974.0;La Réunion;4.0;La Réunion;1293106.504
2020.0;38.0;Isère;84.0;Auvergne-Rhône-Alpes;3215873.84805
2019.0;17.0;Charente-Maritime;75.0;Nouvelle-Aquitaine;2201013.67383
2024.0;66.0;Pyrénées-Orientales;76.0;Occitanie;1261366.657
2023.0;77.0;Seine-et-Marne;11.0;Île-de-France;3048622.934
2019.0;84.0;Vaucluse;93.0;Provence-Alpes-Côte d'Azur;1753586.07383
2023.0;11.0;Aude;76.0;Occitanie;1067099.678
2021.0;58.0;Nièvre;27.0;Bourgogne-Franche-Comté;654450.472
2021.0;10.0;Aube;44.0;Grand Est;849869.4183
2022.0;36.0;Indre;24.0;Centre-Val de Loire;605553.89036
2018.0;68.0;Haut-Rhin;44.0;Grand Est;1691054.40408
2019.0;40.0;Landes;75.0;Nouvelle-Aquitaine;1312781.97743
2021.0;45.0;Loiret;24.0;Centre-Val de Loire;1945141.39148
2024.0;74.0;Haute-Savoie;84.0;Auvergne-Rhône-Alpes;2316492.923
2021.0;36.0;Indre;24.0;Centre-Val de Loire;673166.8696
2019.0;9.0;Ariège;76.0;Occitanie;439617.82163
2020.0;82.0;Tarn-et-Garonne;76.0;Occitanie;786104.22501
2020.0;976.0;Mayotte;6.0;Mayotte;186376.3728
2020.0;2.0;Aisne;32.0;Hauts-de-France;1281304.57819
2018.0;6.0;Alpes-Maritimes;93.0;Provence-Alpes-Côte d'Azur;3281893.39398
2019.0;42.0;Loire;84.0;Auvergne-Rhône-Alpes;1549962.53992
2021.0;35.0;Ille-et-Vilaine;53.0;Bretagne;2614173.01844
2019.0;15.0;Cantal;84.0;Auvergne-Rhône-Alpes;379322.27584
2021.0;5.0;Hautes-Alpes;93.0;Provence-Alpes-Côte d'Azur;509503.37234
2018.0;57.0;Moselle;44.0;Grand Est;2407151.83259
2022.0;75.0;Paris;11.0;Île-de-France;3648644.60072
2023.0;65.0;Hautes-Pyrénées;76.0;Occitanie;678993.665
2018.0;86.0;Vienne;75.0;Nouvelle-Aquitaine;1161972.45271
2020.0;74.0;Haute-Savoie;84.0;Auvergne-Rhône-Alpes;2535664.58799
2021.0;973.0;Guyane;3.0;Guyane;326897.067
2024.0;64.0;Pyrénées-Atlantiques;75.0;Nouvelle-Aquitaine;1580517.292
2023.0;47.0;Lot-et-Garonne;75.0;Nouvelle-Aquitaine;907452.648
2018.0;49.0;Maine-et-Loire;52.0;Pays de la Loire;1966961.11424
2020.0;28.0;Eure-et-Loir;24.0;Centre-Val de Loire;1219658.75818
2024.0;46.0;Lot;76.0;Occitanie;521784.581
2024.0;82.0;Tarn-et-Garonne;76.0;Occitanie;729011.514
2022.0;71.0;Saône-et-Loire;27.0;Bourgogne-Franche-Comté;1340082.01694
2024.0;58.0;Nièvre;27.0;Bourgogne-Franche-Comté;565917.224
2019.0;44.0;Loire-Atlantique;52.0;Pays de la Loire;3383376.03324
2024.0;36.0;Indre;24.0;Centre-Val de Loire;583993.326
2023.0;972.0;Martinique;2.0;Martinique;589437.307
2024.0;85.0;Vendée;52.0;Pays de la Loire;2045285.313
2024.0;44.0;Loire-Atlantique;52.0;Pays de la Loire;3254301.312
2024.0;88.0;Vosges;44.0;Grand Est;876491.541
2021.0;38.0;Isère;84.0;Auvergne-Rhône-Alpes;3308059.3443
2023.0;37.0;Indre-et-Loire;24.0;Centre-Val de Loire;1493096.918
2023.0;28.0;Eure-et-Loir;24.0;Centre-Val de Loire;1128042.043
2024.0;59.0;Nord;32.0;Hauts-de-France;4707965.608
2022.0;79.0;Deux-Sèvres;75.0;Nouvelle-Aquitaine;1035895.8042
2018.0;11.0;Aude;76.0;Occitanie;1175432.28212
2019.0;82.0;Tarn-et-Garonne;76.0;Occitanie;777166.80823
2024.0;38.0;Isère;84.0;Auvergne-Rhône-Alpes;2893322.638
2022.0;92.0;Hauts-de-Seine;11.0;Île-de-France;2450650.76626
2023.0;974.0;La Réunion;4.0;La Réunion;1294138.034
2021.0;79.0;Deux-Sèvres;75.0;Nouvelle-Aquitaine;1088698.00591
2024.0;54.0;Meurthe-et-Moselle;44.0;Grand Est;1537251.801
2018.0;61.0;Orne;28.0;Normandie;795460.18321
2018.0;40.0;Landes;75.0;Nouvelle-Aquitaine;1352259.68587
2018.0;18.0;Cher;24.0;Centre-Val de Loire;861432.44355
2018.0;29.0;Finistère;53.0;Bretagne;2400476.66781
2024.0;39.0;Jura;27.0;Bourgogne-Franche-Comté;625359.37
2021.0;40.0;Landes;75.0;Nouvelle-Aquitaine;1417259.97487
2024.0;24.0;Dordogne;75.0;Nouvelle-Aquitaine;1242134.315
2023.0;10.0;Aube;44.0;Grand Est;745758.038
2019.0;62.0;Pas-de-Calais;32.0;Hauts-de-France;3164951.77562
2024.0;2A;Corse-du-Sud;94.0;Corse;500529.159
2018.0;15.0;Cantal;84.0;Auvergne-Rhône-Alpes;380821.40864
2018.0;14.0;Calvados;28.0;Normandie;1891319.18006
2018.0;91.0;Essonne;11.0;Île-de-France;2535411.94099
2023.0;2A;Corse-du-Sud;94.0;Corse;508727.824
2021.0;7.0;Ardèche;84.0;Auvergne-Rhône-Alpes;1011652.00538
2019.0;3.0;Allier;84.0;Auvergne-Rhône-Alpes;879184.58656
2024.0;93.0;Seine-Saint-Denis;11.0;Île-de-France;2233352.707
2023.0;78.0;Yvelines;11.0;Île-de-France;2779786.646
2020.0;2B;Haute-Corse;94.0;Corse;527292.959
2024.0;61.0;Orne;28.0;Normandie;750266.305
2018.0;12.0;Aveyron;76.0;Occitanie;726311.36009
2021.0;27.0;Eure;28.0;Normandie;1789670.13243
2021.0;77.0;Seine-et-Marne;11.0;Île-de-France;3477794.30176
2022.0;65.0;Hautes-Pyrénées;76.0;Occitanie;700676.16102
2024.0;92.0;Hauts-de-Seine;11.0;Île-de-France;2445562.13
2018.0;71.0;Saône-et-Loire;27.0;Bourgogne-Franche-Comté;1357228.28345
2023.0;61.0;Orne;28.0;Normandie;740753.808
2020.0;8.0;Ardennes;44.0;Grand Est;591530.78484
2021.0;12.0;Aveyron;76.0;Occitanie;774473.14888
2021.0;30.0;Gard;76.0;Occitanie;2321859.54249
2024.0;77.0;Seine-et-Marne;11.0;Île-de-France;3083246.812
2024.0;22.0;Côtes-d'Armor;53.0;Bretagne;1682186.601
2024.0;70.0;Haute-Saône;27.0;Bourgogne-Franche-Comté;545592.958
2022.0;40.0;Landes;75.0;Nouvelle-Aquitaine;1318937.03348
2019.0;12.0;Aveyron;76.0;Occitanie;730988.98944
2024.0;13.0;Bouches-du-Rhône;93.0;Provence-Alpes-Côte d'Azur;4521734.277
2023.0;90.0;Territoire de Belfort;27.0;Bourgogne-Franche-Comté;264538.187
2019.0;59.0;Nord;32.0;Hauts-de-France;4975042.82751
2022.0;85.0;Vendée;52.0;Pays de la Loire;2081977.89459
2022.0;60.0;Oise;32.0;Hauts-de-France;1898647.41565
2023.0;25.0;Doubs;27.0;Bourgogne-Franche-Comté;1125538.818
2019.0;6.0;Alpes-Maritimes;93.0;Provence-Alpes-Côte d'Azur;3245382.55542
2021.0;6.0;Alpes-Maritimes;93.0;Provence-Alpes-Côte d'Azur;3303642.05396
2021.0;52.0;Haute-Marne;44.0;Grand Est;450700.82944
2023.0;24.0;Dordogne;75.0;Nouvelle-Aquitaine;1243087.723
2024.0;60.0;Oise;32.0;Hauts-de-France;1856159.195
2021.0;13.0;Bouches-du-Rhône;93.0;Provence-Alpes-Côte d'Azur;5237322.63964
2024.0;3.0;Allier;84.0;Auvergne-Rhône-Alpes;827791.099
2024.0;45.0;Loiret;24.0;Centre-Val de Loire;1822718.591
2023.0;41.0;Loir-et-Cher;24.0;Centre-Val de Loire;897772.166
2018.0;87.0;Haute-Vienne;75.0;Nouvelle-Aquitaine;911528.26863
2019.0;2A;Corse-du-Sud;94.0;Corse;522619.21
2021.0;25.0;Doubs;27.0;Bourgogne-Franche-Comté;1264290.90081
2018.0;50.0;Manche;28.0;Normandie;1517318.531
2018.0;75.0;Paris;11.0;Île-de-France;4138207.5954
2022.0;971.0;Guadeloupe;1.0;Guadeloupe;661514.895
2018.0;28.0;Eure-et-Loir;24.0;Centre-Val de Loire;1277539.66719
2024.0;25.0;Doubs;27.0;Bourgogne-Franche-Comté;1138026.051
2019.0;16.0;Charente;75.0;Nouvelle-Aquitaine;957345.85214
2018.0;38.0;Isère;84.0;Auvergne-Rhône-Alpes;3106853.4707
2018.0;83.0;Var;93.0;Provence-Alpes-Côte d'Azur;3667082.63209
2023.0;16.0;Charente;75.0;Nouvelle-Aquitaine;915663.395
2022.0;28.0;Eure-et-Loir;24.0;Centre-Val de Loire;1176236.79042
2020.0;21.0;Côte-d'Or;27.0;Bourgogne-Franche-Comté;1192595.88862
2020.0;37.0;Indre-et-Loire;24.0;Centre-Val de Loire;1589273.38746
2020.0;70.0;Haute-Saône;27.0;Bourgogne-Franche-Comté;590524.04866
2020.0;68.0;Haut-Rhin;44.0;Grand Est;1674121.53921
2020.0;27.0;Eure;28.0;Normandie;1689321.97855
2023.0;85.0;Vendée;52.0;Pays de la Loire;2041090.33
2019.0;53.0;Mayenne;52.0;Pays de la Loire;803893.21657
2023.0;6.0;Alpes-Maritimes;93.0;Provence-Alpes-Côte d'Azur;3014336.285
2022.0;23.0;Creuse;75.0;Nouvelle-Aquitaine;310110.36969
2018.0;32.0;Gers;76.0;Occitanie;584386.70861
2024.0;19.0;Corrèze;75.0;Nouvelle-Aquitaine;649927.199
2020.0;3.0;Allier;84.0;Auvergne-Rhône-Alpes;880815.92655
2023.0;42.0;Loire;84.0;Auvergne-Rhône-Alpes;1495422.548
2020.0;31.0;Haute-Garonne;76.0;Occitanie;3346453.105
2019.0;78.0;Yvelines;11.0;Île-de-France;3022047.14114
2018.0;33.0;Gironde;75.0;Nouvelle-Aquitaine;4297600.67451
2021.0;41.0;Loir-et-Cher;24.0;Centre-Val de Loire;1037722.71245
2023.0;52.0;Haute-Marne;44.0;Grand Est;393466.965
2024.0;78.0;Yvelines;11.0;Île-de-France;2833999.704
2019.0;58.0;Nièvre;27.0;Bourgogne-Franche-Comté;610301.84535
2020.0;22.0;Côtes-d'Armor;53.0;Bretagne;1791656.62966
2022.0;59.0;Nord;32.0;Hauts-de-France;4767016.70276
2022.0;58.0;Nièvre;27.0;Bourgogne-Franche-Comté;585139.1144
2021.0;39.0;Jura;27.0;Bourgogne-Franche-Comté;690685.73358
2019.0;1.0;Ain;84.0;Auvergne-Rhône-Alpes;1772622.37259
2020.0;26.0;Drôme;84.0;Auvergne-Rhône-Alpes;1376291.76588
2019.0;2B;Haute-Corse;94.0;Corse;541943.942
2021.0;64.0;Pyrénées-Atlantiques;75.0;Nouvelle-Aquitaine;1768098.83216
2021.0;56.0;Morbihan;53.0;Bretagne;2302177.66434
2021.0;87.0;Haute-Vienne;75.0;Nouvelle-Aquitaine;960014.73365
2023.0;18.0;Cher;24.0;Centre-Val de Loire;801048.257
2020.0;13.0;Bouches-du-Rhône;93.0;Provence-Alpes-Côte d'Azur;5055015.58127
2018.0;64.0;Pyrénées-Atlantiques;75.0;Nouvelle-Aquitaine;1725461.59904
2018.0;35.0;Ille-et-Vilaine;53.0;Bretagne;2437413.39729
2020.0;92.0;Hauts-de-Seine;11.0;Île-de-France;2660533.68137
2018.0;62.0;Pas-de-Calais;32.0;Hauts-de-France;3186925.68442
2018.0;89.0;Yonne;27.0;Bourgogne-Franche-Comté;940520.0188
2020.0;83.0;Var;93.0;Provence-Alpes-Côte d'Azur;3642321.80424
2020.0;9.0;Ariège;76.0;Occitanie;436976.72279
2022.0;45.0;Loiret;24.0;Centre-Val de Loire;1751789.49537
2023.0;21.0;Côte-d'Or;27.0;Bourgogne-Franche-Comté;1131804.009
2019.0;41.0;Loir-et-Cher;24.0;Centre-Val de Loire;965362.4733
2018.0;37.0;Indre-et-Loire;24.0;Centre-Val de Loire;1604488.3705
2018.0;74.0;Haute-Savoie;84.0;Auvergne-Rhône-Alpes;2315597.89816
2024.0;47.0;Lot-et-Garonne;75.0;Nouvelle-Aquitaine;894556.109
2019.0;45.0;Loiret;24.0;Centre-Val de Loire;1809402.32954
2021.0;19.0;Corrèze;75.0;Nouvelle-Aquitaine;725017.62882
2020.0;85.0;Vendée;52.0;Pays de la Loire;2125983.54901
2023.0;15.0;Cantal;84.0;Auvergne-Rhône-Alpes;359612.855
2020.0;34.0;Hérault;76.0;Occitanie;3192560.67405
2024.0;8.0;Ardennes;44.0;Grand Est;558582.46
2021.0;31.0;Haute-Garonne;76.0;Occitanie;3470287.13344
2019.0;36.0;Indre;24.0;Centre-Val de Loire;624530.2432
2019.0;76.0;Seine-Maritime;28.0;Normandie;2898956.62187
2024.0;86.0;Vienne;75.0;Nouvelle-Aquitaine;1103795.706
2018.0;72.0;Sarthe;52.0;Pays de la Loire;1456219.22584
2024.0;43.0;Haute-Loire;84.0;Auvergne-Rhône-Alpes;542937.866
2021.0;57.0;Moselle;44.0;Grand Est;2423885.36415
2023.0;46.0;Lot;76.0;Occitanie;530379.849
2020.0;30.0;Gard;76.0;Occitanie;2204199.15482
2020.0;19.0;Corrèze;75.0;Nouvelle-Aquitaine;683676.171
2022.0;973.0;Guyane;3.0;Guyane;294161.394
2020.0;973.0;Guyane;3.0;Guyane;320805.986
2019.0;63.0;Puy-de-Dôme;84.0;Auvergne-Rhône-Alpes;1511824.43706
2023.0;36.0;Indre;24.0;Centre-Val de Loire;582773.173
2018.0;21.0;Côte-d'Or;27.0;Bourgogne-Franche-Comté;1185331.95526
2023.0;43.0;Haute-Loire;84.0;Auvergne-Rhône-Alpes;539620.038
2021.0;90.0;Territoire de Belfort;27.0;Bourgogne-Franche-Comté;297197.30687
2021.0;95.0;Val-d'Oise;11.0;Île-de-France;2506622.38743
2019.0;974.0;La Réunion;4.0;La Réunion;1229688.512
2018.0;60.0;Oise;32.0;Hauts-de-France;2072233.14907
2021.0;70.0;Haute-Saône;27.0;Bourgogne-Franche-Comté;611391.98581
2023.0;19.0;Corrèze;75.0;Nouvelle-Aquitaine;651206.326
2019.0;67.0;Bas-Rhin;44.0;Grand Est;2689999.80404
2024.0;21.0;Côte-d'Or;27.0;Bourgogne-Franche-Comté;1149605.551
2018.0;24.0;Dordogne;75.0;Nouvelle-Aquitaine;1296958.54409
2021.0;2.0;Aisne;32.0;Hauts-de-France;1364467.03389
2018.0;54.0;Meurthe-et-Moselle;44.0;Grand Est;1623050.12067
2020.0;972.0;Martinique;2.0;Martinique;609812.105
2022.0;37.0;Indre-et-Loire;24.0;Centre-Val de Loire;1539880.69844
2024.0;973.0;Guyane;3.0;Guyane;332669.125
2021.0;1.0;Ain;84.0;Auvergne-Rhône-Alpes;1862765.98189
2020.0;48.0;Lozère;76.0;Occitanie;198459.92682
2018.0;1.0;Ain;84.0;Auvergne-Rhône-Alpes;1743024.75765
2020.0;51.0;Marne;44.0;Grand Est;1336715.58158
2018.0;23.0;Creuse;75.0;Nouvelle-Aquitaine;325882.33329
2019.0;27.0;Eure;28.0;Normandie;1675038.30701
2024.0;32.0;Gers;76.0;Occitanie;540682.631
2020.0;80.0;Somme;32.0;Hauts-de-France;1303571.23866
2019.0;18.0;Cher;24.0;Centre-Val de Loire;858154.35633
2020.0;7.0;Ardèche;84.0;Auvergne-Rhône-Alpes;963100.29232
2023.0;12.0;Aveyron;76.0;Occitanie;693122.951
2023.0;60.0;Oise;32.0;Hauts-de-France;1853884.128
2023.0;72.0;Sarthe;52.0;Pays de la Loire;1340221.739
2022.0;47.0;Lot-et-Garonne;75.0;Nouvelle-Aquitaine;940734.30354
2023.0;58.0;Nièvre;27.0;Bourgogne-Franche-Comté;565893.893
2019.0;43.0;Haute-Loire;84.0;Auvergne-Rhône-Alpes;564857.08105
2021.0;34.0;Hérault;76.0;Occitanie;3358400.16475
2024.0;79.0;Deux-Sèvres;75.0;Nouvelle-Aquitaine;1085720.127
2023.0;13.0;Bouches-du-Rhône;93.0;Provence-Alpes-Côte d'Azur;4644095.136
2020.0;29.0;Finistère;53.0;Bretagne;2439521.2058
2021.0;76.0;Seine-Maritime;28.0;Normandie;3047011.3356
2020.0;12.0;Aveyron;76.0;Occitanie;730053.18544
2020.0;46.0;Lot;76.0;Occitanie;557238.89694
2020.0;23.0;Creuse;75.0;Nouvelle-Aquitaine;320873.37233
2021.0;86.0;Vienne;75.0;Nouvelle-Aquitaine;1253799.97647
2018.0;13.0;Bouches-du-Rhône;93.0;Provence-Alpes-Côte d'Azur;5032071.29397
2021.0;49.0;Maine-et-Loire;52.0;Pays de la Loire;2097777.6937
2019.0;7.0;Ardèche;84.0;Auvergne-Rhône-Alpes;937668.86279
2023.0;83.0;Var;93.0;Provence-Alpes-Côte d'Azur;3384818.856
2020.0;33.0;Gironde;75.0;Nouvelle-Aquitaine;4301224.03265
2022.0;2B;Haute-Corse;94.0;Corse;534886.973
2024.0;81.0;Tarn;76.0;Occitanie;1008775.681
2024.0;56.0;Morbihan;53.0;Bretagne;2061780.465
2018.0;10.0;Aube;44.0;Grand Est;794240.93438
2024.0;16.0;Charente;75.0;Nouvelle-Aquitaine;905319.575
2024.0;34.0;Hérault;76.0;Occitanie;2937119.599
2019.0;24.0;Dordogne;75.0;Nouvelle-Aquitaine;1294564.61291
2018.0;58.0;Nièvre;27.0;Bourgogne-Franche-Comté;609919.66203
2024.0;49.0;Maine-et-Loire;52.0;Pays de la Loire;1873010.294
2022.0;19.0;Corrèze;75.0;Nouvelle-Aquitaine;662301.2416
2023.0;57.0;Moselle;44.0;Grand Est;2188776.296
2021.0;972.0;Martinique;2.0;Martinique;601689.581
2022.0;78.0;Yvelines;11.0;Île-de-France;2844127.01502
2022.0;8.0;Ardennes;44.0;Grand Est;565017.15151
2022.0;69.0;Rhône;84.0;Auvergne-Rhône-Alpes;3627803.60517
2021.0;65.0;Hautes-Pyrénées;76.0;Occitanie;656066.07623
2023.0;67.0;Bas-Rhin;44.0;Grand Est;2391845.873
2022.0;55.0;Meuse;44.0;Grand Est;448042.39001
2022.0;68.0;Haut-Rhin;44.0;Grand Est;1621647.23523
2022.0;972.0;Martinique;2.0;Martinique;567633.881
2021.0;88.0;Vosges;44.0;Grand Est;989688.58652
2018.0;82.0;Tarn-et-Garonne;76.0;Occitanie;777807.47796
2020.0;24.0;Dordogne;75.0;Nouvelle-Aquitaine;1298255.94875
2024.0;974.0;La Réunion;4.0;La Réunion;1290188.315
2024.0;80.0;Somme;32.0;Hauts-de-France;1243290.723
2022.0;50.0;Manche;28.0;Normandie;1433796.25701
2023.0;81.0;Tarn;76.0;Occitanie;1042355.278
2021.0;69.0;Rhône;84.0;Auvergne-Rhône-Alpes;3950963.77049
2018.0;69.0;Rhône;84.0;Auvergne-Rhône-Alpes;3724746.4723
2020.0;64.0;Pyrénées-Atlantiques;75.0;Nouvelle-Aquitaine;1695440.03625
2023.0;45.0;Loiret;24.0;Centre-Val de Loire;1687180.482
2022.0;80.0;Somme;32.0;Hauts-de-France;1256769.15616
2019.0;73.0;Savoie;84.0;Auvergne-Rhône-Alpes;1311206.60488
2020.0;17.0;Charente-Maritime;75.0;Nouvelle-Aquitaine;2216280.14715
2021.0;91.0;Essonne;11.0;Île-de-France;2774882.41949
2024.0;41.0;Loir-et-Cher;24.0;Centre-Val de Loire;909812.966
2023.0;48.0;Lozère;76.0;Occitanie;185321.577
2018.0;972.0;Martinique;2.0;Martinique;583508.976
2020.0;6.0;Alpes-Maritimes;93.0;Provence-Alpes-Côte d'Azur;3252880.43184
2023.0;82.0;Tarn-et-Garonne;76.0;Occitanie;746186.575
2024.0;12.0;Aveyron;76.0;Occitanie;683672.573
2018.0;95.0;Val-d'Oise;11.0;Île-de-France;2380116.89323
2020.0;11.0;Aude;76.0;Occitanie;1142625.65017
2023.0;3.0;Allier;84.0;Auvergne-Rhône-Alpes;828193.895
2020.0;45.0;Loiret;24.0;Centre-Val de Loire;1820145.02909
2021.0;84.0;Vaucluse;93.0;Provence-Alpes-Côte d'Azur;1845894.15544
2019.0;57.0;Moselle;44.0;Grand Est;2461833.76477
2023.0;63.0;Puy-de-Dôme;84.0;Auvergne-Rhône-Alpes;1436582.118
2021.0;67.0;Bas-Rhin;44.0;Grand Est;2667938.5476
2018.0;88.0;Vosges;44.0;Grand Est;922184.35057
2022.0;16.0;Charente;75.0;Nouvelle-Aquitaine;935681.48222
2019.0;54.0;Meurthe-et-Moselle;44.0;Grand Est;1626167.39831
2019.0;80.0;Somme;32.0;Hauts-de-France;1321305.16602
2024.0;2.0;Aisne;32.0;Hauts-de-France;1211963.379
2018.0;44.0;Loire-Atlantique;52.0;Pays de la Loire;3381282.22273
2022.0;2A;Corse-du-Sud;94.0;Corse;517391.788
2024.0;18.0;Cher;24.0;Centre-Val de Loire;800784.535
2018.0;73.0;Savoie;84.0;Auvergne-Rhône-Alpes;1304100.36923
2023.0;64.0;Pyrénées-Atlantiques;75.0;Nouvelle-Aquitaine;1593992.936
2021.0;94.0;Val-de-Marne;11.0;Île-de-France;2299974.87549
2019.0;66.0;Pyrénées-Orientales;76.0;Occitanie;1415739.90401
2020.0;1.0;Ain;84.0;Auvergne-Rhône-Alpes;1805527.10822
2022.0;54.0;Meurthe-et-Moselle;44.0;Grand Est;1565122.18427
2020.0;78.0;Yvelines;11.0;Île-de-France;3041611.89381
2023.0;9.0;Ariège;76.0;Occitanie;409455.06
2019.0;11.0;Aude;76.0;Occitanie;1146401.20745
2023.0;70.0;Haute-Saône;27.0;Bourgogne-Franche-Comté;545250.831
2022.0;67.0;Bas-Rhin;44.0;Grand Est;2542504.3428
2021.0;89.0;Yonne;27.0;Bourgogne-Franche-Comté;1020014.5036
2022.0;38.0;Isère;84.0;Auvergne-Rhône-Alpes;3021943.50633
2020.0;62.0;Pas-de-Calais;32.0;Hauts-de-France;3222798.91577
2018.0;8.0;Ardennes;44.0;Grand Est;584187.80947
2022.0;29.0;Finistère;53.0;Bretagne;2291151.90813
2020.0;88.0;Vosges;44.0;Grand Est;934263.56406
2021.0;17.0;Charente-Maritime;75.0;Nouvelle-Aquitaine;2392493.19078
2021.0;55.0;Meuse;44.0;Grand Est;490262.29983
2022.0;10.0;Aube;44.0;Grand Est;774678.69506
2022.0;53.0;Mayenne;52.0;Pays de la Loire;766867.88602
2019.0;77.0;Seine-et-Marne;11.0;Île-de-France;3250377.87925
2019.0;5.0;Hautes-Alpes;93.0;Provence-Alpes-Côte d'Azur;495678.14261
2024.0;90.0;Territoire de Belfort;27.0;Bourgogne-Franche-Comté;267096.378
2019.0;39.0;Jura;27.0;Bourgogne-Franche-Comté;643382.52702
2019.0;8.0;Ardennes;44.0;Grand Est;587129.34139
2021.0;66.0;Pyrénées-Orientales;76.0;Occitanie;1484419.29219
2018.0;5.0;Hautes-Alpes;93.0;Provence-Alpes-Côte d'Azur;494065.41189
2018.0;76.0;Seine-Maritime;28.0;Normandie;2923204.99345
2018.0;976.0;Mayotte;6.0;Mayotte;167863.7447
2023.0;88.0;Vosges;44.0;Grand Est;875233.903
2018.0;78.0;Yvelines;11.0;Île-de-France;3044550.02178
2018.0;94.0;Val-de-Marne;11.0;Île-de-France;2166292.45563
2024.0;87.0;Haute-Vienne;75.0;Nouvelle-Aquitaine;860585.641
2019.0;972.0;Martinique;2.0;Martinique;583524.781
2019.0;30.0;Gard;76.0;Occitanie;2189163.34013
2023.0;95.0;Val-d'Oise;11.0;Île-de-France;2200074.068
2023.0;14.0;Calvados;28.0;Normandie;1773783.982
2020.0;36.0;Indre;24.0;Centre-Val de Loire;625260.69899
2018.0;19.0;Corrèze;75.0;Nouvelle-Aquitaine;680485.13619
2020.0;75.0;Paris;11.0;Île-de-France;4055801.6465
2021.0;976.0;Mayotte;6.0;Mayotte;178096.21442
2020.0;84.0;Vaucluse;93.0;Provence-Alpes-Côte d'Azur;1755063.18792
2019.0;70.0;Haute-Saône;27.0;Bourgogne-Franche-Comté;589680.15328
2024.0;30.0;Gard;76.0;Occitanie;2042931.195
2023.0;79.0;Deux-Sèvres;75.0;Nouvelle-Aquitaine;1006233.393
2023.0;94.0;Val-de-Marne;11.0;Île-de-France;2034180.952
2024.0;72.0;Sarthe;52.0;Pays de la Loire;1361209.739
2019.0;64.0;Pyrénées-Atlantiques;75.0;Nouvelle-Aquitaine;1682160.42881
2018.0;90.0;Territoire de Belfort;27.0;Bourgogne-Franche-Comté;280963.86994
2020.0;4.0;Alpes-de-Haute-Provence;93.0;Provence-Alpes-Côte d'Azur;573842.95614
2024.0;95.0;Val-d'Oise;11.0;Île-de-France;2224473.898
2020.0;25.0;Doubs;27.0;Bourgogne-Franche-Comté;1193247.39113
2021.0;22.0;Côtes-d'Armor;53.0;Bretagne;1886942.79892
2018.0;30.0;Gard;76.0;Occitanie;2199881.28152
2018.0;51.0;Marne;44.0;Grand Est;1342158.45036
2021.0;59.0;Nord;32.0;Hauts-de-France;5257377.28271
2018.0;26.0;Drôme;84.0;Auvergne-Rhône-Alpes;1352786.18213
2020.0;86.0;Vienne;75.0;Nouvelle-Aquitaine;1116528.23791
2024.0;91.0;Essonne;11.0;Île-de-France;2476420.204
2020.0;18.0;Cher;24.0;Centre-Val de Loire;856846.66389
2018.0;16.0;Charente;75.0;Nouvelle-Aquitaine;965101.18416
2021.0;44.0;Loire-Atlantique;52.0;Pays de la Loire;3642846.0608
2021.0;78.0;Yvelines;11.0;Île-de-France;3195960.64647
2024.0;65.0;Hautes-Pyrénées;76.0;Occitanie;564688.037
2021.0;33.0;Gironde;75.0;Nouvelle-Aquitaine;4484550.1622
2021.0;50.0;Manche;28.0;Normandie;1612367.51462
2023.0;5.0;Hautes-Alpes;93.0;Provence-Alpes-Côte d'Azur;462973.029
2024.0;10.0;Aube;44.0;Grand Est;746229.996
2019.0;87.0;Haute-Vienne;75.0;Nouvelle-Aquitaine;903613.99739
2023.0;1.0;Ain;84.0;Auvergne-Rhône-Alpes;1682250.718
2023.0;2.0;Aisne;32.0;Hauts-de-France;1208796.695
2021.0;51.0;Marne;44.0;Grand Est;1413255.64313
2022.0;25.0;Doubs;27.0;Bourgogne-Franche-Comté;1146359.50377
2022.0;91.0;Essonne;11.0;Île-de-France;2491336.04724
2021.0;54.0;Meurthe-et-Moselle;44.0;Grand Est;1719954.27009
2024.0;67.0;Bas-Rhin;44.0;Grand Est;2431342.9
2019.0;48.0;Lozère;76.0;Occitanie;196970.20955
2022.0;976.0;Mayotte;6.0;Mayotte;181193.871
