Année;Code département;Libellé département;Code région;Libellé région;Consommation électricité autre (MWh)
2012.0;9.0;Ariège;76.0;Occitanie;5001.57
2012.0;10.0;Aube;44.0;Grand Est;1755.08
2012.0;38.0;Isère;84.0;Auvergne-Rhône-Alpes;2613.38
2012.0;84.0;Vaucluse;93.0;Provence-Alpes-Côte d'Azur;733.71
2012.0;88.0;Vosges;44.0;Grand Est;21770.54
2013.0;36.0;Indre;24.0;Centre-Val de Loire;1356.5
2013.0;68.0;Haut-Rhin;44.0;Grand Est;174565.46000000002
2014.0;11.0;Aude;76.0;Occitanie;879.26
2014.0;21.0;Côte-d'Or;27.0;Bourgogne-Franche-Comté;2613.98
2014.0;29.0;Finistère;53.0;Bretagne;1697.44
2014.0;36.0;Indre;24.0;Centre-Val de Loire;1054.57
2015.0;29.0;Finistère;53.0;Bretagne;856.93
2015.0;2B;Haute-Corse;94.0;Corse;980873.0
2015.0;75.0;Paris;11.0;Île-de-France;50605.36
2016.0;3.0;Allier;84.0;Auvergne-Rhône-Alpes;126.93
2016.0;42.0;Loire;84.0;Auvergne-Rhône-Alpes;575.05
2016.0;57.0;Moselle;44.0;Grand Est;710834.16
2016.0;72.0;Sarthe;52.0;Pays de la Loire;920.79
2016.0;973.0;Guyane;3.0;Guyane;825054.0
2017.0;3.0;Allier;84.0;Auvergne-Rhône-Alpes;107.76
2017.0;4.0;Alpes-de-Haute-Provence;93.0;Provence-Alpes-Côte d'Azur;0.0
2017.0;8.0;Ardennes;44.0;Grand Est;0.0
2017.0;11.0;Aude;76.0;Occitanie;0.0
2017.0;18.0;Cher;24.0;Centre-Val de Loire;119.87
2017.0;41.0;Loir-et-Cher;24.0;Centre-Val de Loire;120.26
2017.0;46.0;Lot;76.0;Occitanie;0.0
2017.0;48.0;Lozère;76.0;Occitanie;0.0
2017.0;49.0;Maine-et-Loire;52.0;Pays de la Loire;185.28
2012.0;35.0;Ille-et-Vilaine;53.0;Bretagne;3215.7
2012.0;45.0;Loiret;24.0;Centre-Val de Loire;14170.909999999998
2012.0;47.0;Lot-et-Garonne;75.0;Nouvelle-Aquitaine;1737.3700000000001
2012.0;971.0;Guadeloupe;1.0;Guadeloupe;1503392.0
2013.0;6.0;Alpes-Maritimes;93.0;Provence-Alpes-Côte d'Azur;22005.12
2013.0;8.0;Ardennes;44.0;Grand Est;101.02
2013.0;33.0;Gironde;75.0;Nouvelle-Aquitaine;8836.84
2013.0;50.0;Manche;28.0;Normandie;607.1
2013.0;52.0;Haute-Marne;44.0;Grand Est;747.11
2013.0;59.0;Nord;32.0;Hauts-de-France;111302.18000000001
2013.0;83.0;Var;93.0;Provence-Alpes-Côte d'Azur;6332.150000000001
2014.0;28.0;Eure-et-Loir;24.0;Centre-Val de Loire;585.77
2014.0;56.0;Morbihan;53.0;Bretagne;552.87
2015.0;2.0;Aisne;32.0;Hauts-de-France;5850.15
2015.0;28.0;Eure-et-Loir;24.0;Centre-Val de Loire;67160.84
2015.0;38.0;Isère;84.0;Auvergne-Rhône-Alpes;85924.01
2015.0;64.0;Pyrénées-Atlantiques;75.0;Nouvelle-Aquitaine;1947.9099999999999
2015.0;974.0;La Réunion;4.0;La Réunion;2636993.0
2016.0;4.0;Alpes-de-Haute-Provence;93.0;Provence-Alpes-Côte d'Azur;53314.98
2016.0;43.0;Haute-Loire;84.0;Auvergne-Rhône-Alpes;108.47
2016.0;47.0;Lot-et-Garonne;75.0;Nouvelle-Aquitaine;2155.86
2016.0;55.0;Meuse;44.0;Grand Est;499.4
2016.0;61.0;Orne;28.0;Normandie;457.15
2017.0;1.0;Ain;84.0;Auvergne-Rhône-Alpes;20976.670000000002
2017.0;14.0;Calvados;28.0;Normandie;0.0
2017.0;29.0;Finistère;53.0;Bretagne;0.0
2017.0;51.0;Marne;44.0;Grand Est;152.06
2017.0;68.0;Haut-Rhin;44.0;Grand Est;39108.58
2012.0;86.0;Vienne;75.0;Nouvelle-Aquitaine;17035.210000000003
2013.0;65.0;Hautes-Pyrénées;76.0;Occitanie;2203.46
2013.0;974.0;La Réunion;4.0;La Réunion;2560392.0
2014.0;31.0;Haute-Garonne;76.0;Occitanie;15201.73
2015.0;89.0;Yonne;27.0;Bourgogne-Franche-Comté;651.69
2016.0;36.0;Indre;24.0;Centre-Val de Loire;369.71999999999997
2017.0;25.0;Doubs;27.0;Bourgogne-Franche-Comté;2327.26
2017.0;39.0;Jura;27.0;Bourgogne-Franche-Comté;1310.42
2017.0;78.0;Yvelines;11.0;Île-de-France;13909.56
2012.0;7.0;Ardèche;84.0;Auvergne-Rhône-Alpes;460.65
2012.0;51.0;Marne;44.0;Grand Est;4867.83
2012.0;63.0;Puy-de-Dôme;84.0;Auvergne-Rhône-Alpes;1263.09
2013.0;49.0;Maine-et-Loire;52.0;Pays de la Loire;1244.25
2014.0;17.0;Charente-Maritime;75.0;Nouvelle-Aquitaine;1729.33
2014.0;37.0;Indre-et-Loire;24.0;Centre-Val de Loire;1169.9
2014.0;67.0;Bas-Rhin;44.0;Grand Est;137.95
2015.0;19.0;Corrèze;75.0;Nouvelle-Aquitaine;522.16
2015.0;43.0;Haute-Loire;84.0;Auvergne-Rhône-Alpes;338.61
2013.0;28.0;Eure-et-Loir;24.0;Centre-Val de Loire;894.43
2013.0;53.0;Mayenne;52.0;Pays de la Loire;489.46
2013.0;87.0;Haute-Vienne;75.0;Nouvelle-Aquitaine;1488.6399999999999
2014.0;49.0;Maine-et-Loire;52.0;Pays de la Loire;1126.14
2014.0;973.0;Guyane;3.0;Guyane;776460.0
2015.0;4.0;Alpes-de-Haute-Provence;93.0;Provence-Alpes-Côte d'Azur;106.1
2015.0;27.0;Eure;28.0;Normandie;1017.77
2015.0;79.0;Deux-Sèvres;75.0;Nouvelle-Aquitaine;113201.67
2015.0;80.0;Somme;32.0;Hauts-de-France;13619.35
2016.0;24.0;Dordogne;75.0;Nouvelle-Aquitaine;1139.8
2016.0;64.0;Pyrénées-Atlantiques;75.0;Nouvelle-Aquitaine;1196.59
2016.0;73.0;Savoie;84.0;Auvergne-Rhône-Alpes;12912.89
2016.0;86.0;Vienne;75.0;Nouvelle-Aquitaine;371455.55
2016.0;93.0;Seine-Saint-Denis;11.0;Île-de-France;13720.68
2017.0;21.0;Côte-d'Or;27.0;Bourgogne-Franche-Comté;83.05
2017.0;2B;Haute-Corse;94.0;Corse;100433.0
2017.0;50.0;Manche;28.0;Normandie;0.0
2017.0;73.0;Savoie;84.0;Auvergne-Rhône-Alpes;7310.96
2012.0;39.0;Jura;27.0;Bourgogne-Franche-Comté;658.14
2012.0;59.0;Nord;32.0;Hauts-de-France;112760.74
2012.0;93.0;Seine-Saint-Denis;11.0;Île-de-France;11842.99
2013.0;13.0;Bouches-du-Rhône;93.0;Provence-Alpes-Côte d'Azur;14184.89
2013.0;58.0;Nièvre;27.0;Bourgogne-Franche-Comté;903.63
2013.0;89.0;Yonne;27.0;Bourgogne-Franche-Comté;960.67
2013.0;972.0;Martinique;2.0;Martinique;1431274.0
2014.0;58.0;Nièvre;27.0;Bourgogne-Franche-Comté;635.12
2014.0;72.0;Sarthe;52.0;Pays de la Loire;1336.31
2014.0;84.0;Vaucluse;93.0;Provence-Alpes-Côte d'Azur;922.14
2014.0;974.0;La Réunion;4.0;La Réunion;2554701.0
2015.0;37.0;Indre-et-Loire;24.0;Centre-Val de Loire;972.52
2015.0;58.0;Nièvre;27.0;Bourgogne-Franche-Comté;262.59999999999997
2015.0;971.0;Guadeloupe;1.0;Guadeloupe;1503683.0
2016.0;8.0;Ardennes;44.0;Grand Est;384.77
2016.0;11.0;Aude;76.0;Occitanie;271.71000000000004
2016.0;13.0;Bouches-du-Rhône;93.0;Provence-Alpes-Côte d'Azur;1476.34
2016.0;17.0;Charente-Maritime;75.0;Nouvelle-Aquitaine;755.9
2016.0;50.0;Manche;28.0;Normandie;543.88
2016.0;58.0;Nièvre;27.0;Bourgogne-Franche-Comté;536.56
2016.0;71.0;Saône-et-Loire;27.0;Bourgogne-Franche-Comté;7063.110000000001
2017.0;5.0;Hautes-Alpes;93.0;Provence-Alpes-Côte d'Azur;40798.0
2017.0;9.0;Ariège;76.0;Occitanie;463.74
2017.0;23.0;Creuse;75.0;Nouvelle-Aquitaine;0.0
2017.0;34.0;Hérault;76.0;Occitanie;7837.28
2017.0;61.0;Orne;28.0;Normandie;0.0
2017.0;77.0;Seine-et-Marne;11.0;Île-de-France;81.79
2017.0;95.0;Val-d'Oise;11.0;Île-de-France;61.23
2013.0;41.0;Loir-et-Cher;24.0;Centre-Val de Loire;1420.4
2014.0;63.0;Puy-de-Dôme;84.0;Auvergne-Rhône-Alpes;976.6999999999999
2014.0;79.0;Deux-Sèvres;75.0;Nouvelle-Aquitaine;317.02000000000004
2014.0;85.0;Vendée;52.0;Pays de la Loire;429.87
2015.0;6.0;Alpes-Maritimes;93.0;Provence-Alpes-Côte d'Azur;5984.01
2015.0;36.0;Indre;24.0;Centre-Val de Loire;777.98
2015.0;41.0;Loir-et-Cher;24.0;Centre-Val de Loire;975.3499999999999
2015.0;94.0;Val-de-Marne;11.0;Île-de-France;4901.46
2016.0;41.0;Loir-et-Cher;24.0;Centre-Val de Loire;1228.36
2016.0;65.0;Hautes-Pyrénées;76.0;Occitanie;1292.53
2016.0;81.0;Tarn;76.0;Occitanie;13354.33
2017.0;973.0;Guyane;3.0;Guyane;111910.0
2012.0;4.0;Alpes-de-Haute-Provence;93.0;Provence-Alpes-Côte d'Azur;658.96
2012.0;34.0;Hérault;76.0;Occitanie;3472.43
2012.0;46.0;Lot;76.0;Occitanie;738.72
2012.0;49.0;Maine-et-Loire;52.0;Pays de la Loire;1409.91
2013.0;4.0;Alpes-de-Haute-Provence;93.0;Provence-Alpes-Côte d'Azur;859.6600000000001
2013.0;46.0;Lot;76.0;Occitanie;575.47
2013.0;56.0;Morbihan;53.0;Bretagne;652.64
2013.0;67.0;Bas-Rhin;44.0;Grand Est;112.94000000000001
2013.0;88.0;Vosges;44.0;Grand Est;23783.87
2013.0;93.0;Seine-Saint-Denis;11.0;Île-de-France;15887.789999999999
2014.0;2.0;Aisne;32.0;Hauts-de-France;3214.67
2014.0;23.0;Creuse;75.0;Nouvelle-Aquitaine;815.25
2014.0;2A;Corse-du-Sud;94.0;Corse;953490.0
2014.0;68.0;Haut-Rhin;44.0;Grand Est;178056.22999999998
2014.0;89.0;Yonne;27.0;Bourgogne-Franche-Comté;571.76
2015.0;62.0;Pas-de-Calais;32.0;Hauts-de-France;1655.68
2015.0;65.0;Hautes-Pyrénées;76.0;Occitanie;2520.75
2015.0;76.0;Seine-Maritime;28.0;Normandie;10044.679999999998
2015.0;92.0;Hauts-de-Seine;11.0;Île-de-France;57984.64
2016.0;22.0;Côtes-d'Armor;53.0;Bretagne;104.21000000000001
2016.0;23.0;Creuse;75.0;Nouvelle-Aquitaine;320.66999999999996
2016.0;68.0;Haut-Rhin;44.0;Grand Est;62756.62
2016.0;95.0;Val-d'Oise;11.0;Île-de-France;1948.26
2017.0;2A;Corse-du-Sud;94.0;Corse;112146.0
2017.0;65.0;Hautes-Pyrénées;76.0;Occitanie;2350.0
2017.0;85.0;Vendée;52.0;Pays de la Loire;132.06
2012.0;3.0;Allier;84.0;Auvergne-Rhône-Alpes;5150.42
2012.0;15.0;Cantal;84.0;Auvergne-Rhône-Alpes;372.97999999999996
2012.0;17.0;Charente-Maritime;75.0;Nouvelle-Aquitaine;2427.6
2012.0;25.0;Doubs;27.0;Bourgogne-Franche-Comté;9480.97
2012.0;73.0;Savoie;84.0;Auvergne-Rhône-Alpes;23611.25
2012.0;92.0;Hauts-de-Seine;11.0;Île-de-France;30269.04
2013.0;25.0;Doubs;27.0;Bourgogne-Franche-Comté;8604.43
2013.0;2B;Haute-Corse;94.0;Corse;954519.0
2013.0;71.0;Saône-et-Loire;27.0;Bourgogne-Franche-Comté;15874.619999999999
2013.0;72.0;Sarthe;52.0;Pays de la Loire;888.39
2013.0;92.0;Hauts-de-Seine;11.0;Île-de-France;86191.49
2014.0;5.0;Hautes-Alpes;93.0;Provence-Alpes-Côte d'Azur;810.8
2014.0;15.0;Cantal;84.0;Auvergne-Rhône-Alpes;294.28
2014.0;30.0;Gard;76.0;Occitanie;1523.04
2014.0;35.0;Ille-et-Vilaine;53.0;Bretagne;3089.02
2014.0;43.0;Haute-Loire;84.0;Auvergne-Rhône-Alpes;723.85
2014.0;65.0;Hautes-Pyrénées;76.0;Occitanie;1760.04
2015.0;1.0;Ain;84.0;Auvergne-Rhône-Alpes;52576.65
2015.0;45.0;Loiret;24.0;Centre-Val de Loire;45583.869999999995
2015.0;59.0;Nord;32.0;Hauts-de-France;106939.31999999999
2015.0;78.0;Yvelines;11.0;Île-de-France;22193.73
2015.0;86.0;Vienne;75.0;Nouvelle-Aquitaine;421206.04
2016.0;26.0;Drôme;84.0;Auvergne-Rhône-Alpes;1225.96
2016.0;51.0;Marne;44.0;Grand Est;829.46
2016.0;79.0;Deux-Sèvres;75.0;Nouvelle-Aquitaine;80549.71
2017.0;31.0;Haute-Garonne;76.0;Occitanie;13052.23
2017.0;40.0;Landes;75.0;Nouvelle-Aquitaine;1806.0200000000002
2017.0;64.0;Pyrénées-Atlantiques;75.0;Nouvelle-Aquitaine;165.74
2012.0;62.0;Pas-de-Calais;32.0;Hauts-de-France;1891.57
2012.0;76.0;Seine-Maritime;28.0;Normandie;13130.45
2012.0;87.0;Haute-Vienne;75.0;Nouvelle-Aquitaine;872.42
2013.0;1.0;Ain;84.0;Auvergne-Rhône-Alpes;35278.530000000006
2013.0;54.0;Meurthe-et-Moselle;44.0;Grand Est;2402.86
2013.0;66.0;Pyrénées-Orientales;76.0;Occitanie;33239.2
2013.0;971.0;Guadeloupe;1.0;Guadeloupe;1521041.0
2015.0;82.0;Tarn-et-Garonne;76.0;Occitanie;573.15
2016.0;9.0;Ariège;76.0;Occitanie;4103.04
2016.0;28.0;Eure-et-Loir;24.0;Centre-Val de Loire;85197.75
2016.0;2B;Haute-Corse;94.0;Corse;959633.0
2016.0;62.0;Pas-de-Calais;32.0;Hauts-de-France;10577.1
2016.0;67.0;Bas-Rhin;44.0;Grand Est;5527.2
2016.0;76.0;Seine-Maritime;28.0;Normandie;311334.91000000003
2016.0;78.0;Yvelines;11.0;Île-de-France;19272.5
2017.0;53.0;Mayenne;52.0;Pays de la Loire;19.61
2017.0;87.0;Haute-Vienne;75.0;Nouvelle-Aquitaine;187.18
2017.0;90.0;Territoire de Belfort;27.0;Bourgogne-Franche-Comté;0.0
2017.0;972.0;Martinique;2.0;Martinique;199245.0
2012.0;16.0;Charente;75.0;Nouvelle-Aquitaine;753.3100000000001
2012.0;26.0;Drôme;84.0;Auvergne-Rhône-Alpes;2122.09
2012.0;30.0;Gard;76.0;Occitanie;2178.68
2012.0;41.0;Loir-et-Cher;24.0;Centre-Val de Loire;1505.07
2012.0;48.0;Lozère;76.0;Occitanie;50.21
2012.0;66.0;Pyrénées-Orientales;76.0;Occitanie;35919.240000000005
2012.0;80.0;Somme;32.0;Hauts-de-France;4689.8099999999995
2012.0;91.0;Essonne;11.0;Île-de-France;4388.62
2013.0;24.0;Dordogne;75.0;Nouvelle-Aquitaine;1104.69
2013.0;27.0;Eure;28.0;Normandie;1879.85
2013.0;45.0;Loiret;24.0;Centre-Val de Loire;48603.76
2013.0;90.0;Territoire de Belfort;27.0;Bourgogne-Franche-Comté;537.07
2014.0;2B;Haute-Corse;94.0;Corse;990436.0
2014.0;71.0;Saône-et-Loire;27.0;Bourgogne-Franche-Comté;407.48
2014.0;80.0;Somme;32.0;Hauts-de-France;1639.54
2014.0;94.0;Val-de-Marne;11.0;Île-de-France;5846.34
2015.0;21.0;Côte-d'Or;27.0;Bourgogne-Franche-Comté;1112.76
2015.0;46.0;Lot;76.0;Occitanie;278.85
2015.0;972.0;Martinique;2.0;Martinique;1406343.0
2016.0;14.0;Calvados;28.0;Normandie;2412.62
2016.0;39.0;Jura;27.0;Bourgogne-Franche-Comté;1661.21
2016.0;69.0;Rhône;84.0;Auvergne-Rhône-Alpes;1702.61
2016.0;976.0;Mayotte;6.0;Mayotte;0.0
2017.0;36.0;Indre;24.0;Centre-Val de Loire;318.83
2017.0;38.0;Isère;84.0;Auvergne-Rhône-Alpes;456816.58
2017.0;84.0;Vaucluse;93.0;Provence-Alpes-Côte d'Azur;310.99
2012.0;56.0;Morbihan;53.0;Bretagne;640.61
2012.0;61.0;Orne;28.0;Normandie;342.66
2012.0;65.0;Hautes-Pyrénées;76.0;Occitanie;2294.46
2012.0;85.0;Vendée;52.0;Pays de la Loire;611.43
2013.0;12.0;Aveyron;76.0;Occitanie;665.3100000000001
2017.0;81.0;Tarn;76.0;Occitanie;17422.6
2012.0;78.0;Yvelines;11.0;Île-de-France;12266.06
2012.0;79.0;Deux-Sèvres;75.0;Nouvelle-Aquitaine;303.59000000000003
2012.0;95.0;Val-d'Oise;11.0;Île-de-France;8887.960000000001
2013.0;29.0;Finistère;53.0;Bretagne;2229.2599999999998
2013.0;63.0;Puy-de-Dôme;84.0;Auvergne-Rhône-Alpes;1335.58
2013.0;74.0;Haute-Savoie;84.0;Auvergne-Rhône-Alpes;5075.17
2014.0;19.0;Corrèze;75.0;Nouvelle-Aquitaine;125.22
2014.0;27.0;Eure;28.0;Normandie;1393.03
2014.0;69.0;Rhône;84.0;Auvergne-Rhône-Alpes;3255.51
2014.0;93.0;Seine-Saint-Denis;11.0;Île-de-France;9132.789999999999
2015.0;39.0;Jura;27.0;Bourgogne-Franche-Comté;1186.8500000000001
2015.0;40.0;Landes;75.0;Nouvelle-Aquitaine;1790.06
2015.0;66.0;Pyrénées-Orientales;76.0;Occitanie;4134.67
2015.0;95.0;Val-d'Oise;11.0;Île-de-France;4509.5599999999995
2016.0;6.0;Alpes-Maritimes;93.0;Provence-Alpes-Côte d'Azur;4171.21
2016.0;75.0;Paris;11.0;Île-de-France;9494.48
2016.0;94.0;Val-de-Marne;11.0;Île-de-France;13527.88
2017.0;2.0;Aisne;32.0;Hauts-de-France;11052.0
2017.0;10.0;Aube;44.0;Grand Est;23.0
2017.0;12.0;Aveyron;76.0;Occitanie;192.39999999999998
2017.0;19.0;Corrèze;75.0;Nouvelle-Aquitaine;58.6
2017.0;55.0;Meuse;44.0;Grand Est;0.0
2013.0;2A;Corse-du-Sud;94.0;Corse;901845.0
2013.0;61.0;Orne;28.0;Normandie;463.22
2013.0;76.0;Seine-Maritime;28.0;Normandie;14404.75
2013.0;86.0;Vienne;75.0;Nouvelle-Aquitaine;17108.03
2014.0;12.0;Aveyron;76.0;Occitanie;449.34000000000003
2014.0;64.0;Pyrénées-Atlantiques;75.0;Nouvelle-Aquitaine;2163.06
2015.0;8.0;Ardennes;44.0;Grand Est;66.98
2015.0;16.0;Charente;75.0;Nouvelle-Aquitaine;294.54
2015.0;42.0;Loire;84.0;Auvergne-Rhône-Alpes;982.71
2015.0;84.0;Vaucluse;93.0;Provence-Alpes-Côte d'Azur;475.75
2016.0;31.0;Haute-Garonne;76.0;Occitanie;15117.01
2016.0;38.0;Isère;84.0;Auvergne-Rhône-Alpes;22891.43
2012.0;19.0;Corrèze;75.0;Nouvelle-Aquitaine;773.0200000000001
2012.0;55.0;Meuse;44.0;Grand Est;393.48
2012.0;60.0;Oise;32.0;Hauts-de-France;2642.14
2012.0;82.0;Tarn-et-Garonne;76.0;Occitanie;268.51
2013.0;39.0;Jura;27.0;Bourgogne-Franche-Comté;473.82
2014.0;57.0;Moselle;44.0;Grand Est;104430.6
2014.0;95.0;Val-d'Oise;11.0;Île-de-France;6016.91
2016.0;12.0;Aveyron;76.0;Occitanie;142.89000000000001
2016.0;56.0;Morbihan;53.0;Bretagne;32094.550000000003
2016.0;84.0;Vaucluse;93.0;Provence-Alpes-Côte d'Azur;866.32
2012.0;8.0;Ardennes;44.0;Grand Est;33.5
2012.0;68.0;Haut-Rhin;44.0;Grand Est;178975.03000000003
2012.0;77.0;Seine-et-Marne;11.0;Île-de-France;3475.38
2013.0;5.0;Hautes-Alpes;93.0;Provence-Alpes-Côte d'Azur;1461.41
2012.0;14.0;Calvados;28.0;Normandie;3299.22
2012.0;64.0;Pyrénées-Atlantiques;75.0;Nouvelle-Aquitaine;10938.65
2013.0;48.0;Lozère;76.0;Occitanie;50.089999999999996
2013.0;64.0;Pyrénées-Atlantiques;75.0;Nouvelle-Aquitaine;7545.47
2013.0;84.0;Vaucluse;93.0;Provence-Alpes-Côte d'Azur;710.0699999999999
2013.0;95.0;Val-d'Oise;11.0;Île-de-France;10728.59
2014.0;14.0;Calvados;28.0;Normandie;1545.97
2014.0;16.0;Charente;75.0;Nouvelle-Aquitaine;725.76
2014.0;46.0;Lot;76.0;Occitanie;367.17
2014.0;88.0;Vosges;44.0;Grand Est;24484.040000000005
2015.0;11.0;Aude;76.0;Occitanie;783.8399999999999
2015.0;14.0;Calvados;28.0;Normandie;1562.6100000000001
2012.0;81.0;Tarn;76.0;Occitanie;7638.61
2013.0;40.0;Landes;75.0;Nouvelle-Aquitaine;2566.15
2013.0;60.0;Oise;32.0;Hauts-de-France;2953.96
2013.0;973.0;Guyane;3.0;Guyane;777622.0
2015.0;52.0;Haute-Marne;44.0;Grand Est;10354.08
2015.0;61.0;Orne;28.0;Normandie;419.88
2015.0;90.0;Territoire de Belfort;27.0;Bourgogne-Franche-Comté;491.18
2016.0;48.0;Lozère;76.0;Occitanie;0.0
2017.0;54.0;Meurthe-et-Moselle;44.0;Grand Est;93.56
2017.0;71.0;Saône-et-Loire;27.0;Bourgogne-Franche-Comté;0.0
2012.0;50.0;Manche;28.0;Normandie;596.61
2012.0;57.0;Moselle;44.0;Grand Est;112777.45
2014.0;55.0;Meuse;44.0;Grand Est;164.47
2014.0;90.0;Territoire de Belfort;27.0;Bourgogne-Franche-Comté;469.39
2016.0;83.0;Var;93.0;Provence-Alpes-Côte d'Azur;1701.35
2017.0;22.0;Côtes-d'Armor;53.0;Bretagne;77.12
2012.0;12.0;Aveyron;76.0;Occitanie;575.9399999999999
2012.0;54.0;Meurthe-et-Moselle;44.0;Grand Est;2796.0
2012.0;75.0;Paris;11.0;Île-de-France;44507.09
2013.0;2.0;Aisne;32.0;Hauts-de-France;3113.0199999999995
2013.0;10.0;Aube;44.0;Grand Est;1841.57
2013.0;15.0;Cantal;84.0;Auvergne-Rhône-Alpes;155.41
2016.0;971.0;Guadeloupe;1.0;Guadeloupe;1556115.0
2016.0;974.0;La Réunion;4.0;La Réunion;2708529.0
2017.0;42.0;Loire;84.0;Auvergne-Rhône-Alpes;262.64
2017.0;57.0;Moselle;44.0;Grand Est;118971.02
2017.0;94.0;Val-de-Marne;11.0;Île-de-France;208.7
2017.0;974.0;La Réunion;4.0;La Réunion;171511.0
2017.0;976.0;Mayotte;6.0;Mayotte;0.0
2013.0;35.0;Ille-et-Vilaine;53.0;Bretagne;2653.77
2013.0;75.0;Paris;11.0;Île-de-France;66938.69
2013.0;82.0;Tarn-et-Garonne;76.0;Occitanie;742.2
2014.0;33.0;Gironde;75.0;Nouvelle-Aquitaine;5104.89
2014.0;86.0;Vienne;75.0;Nouvelle-Aquitaine;18190.32
2015.0;5.0;Hautes-Alpes;93.0;Provence-Alpes-Côte d'Azur;46804.53
2015.0;9.0;Ariège;76.0;Occitanie;4960.83
2015.0;22.0;Côtes-d'Armor;53.0;Bretagne;492.79999999999995
2015.0;2A;Corse-du-Sud;94.0;Corse;949509.0
2015.0;32.0;Gers;76.0;Occitanie;218.77999999999997
2015.0;71.0;Saône-et-Loire;27.0;Bourgogne-Franche-Comté;13978.189999999999
2016.0;1.0;Ain;84.0;Auvergne-Rhône-Alpes;917.77
2016.0;46.0;Lot;76.0;Occitanie;1506.65
2016.0;60.0;Oise;32.0;Hauts-de-France;366287.18
2016.0;87.0;Haute-Vienne;75.0;Nouvelle-Aquitaine;385.75
2016.0;92.0;Hauts-de-Seine;11.0;Île-de-France;67838.43
2017.0;33.0;Gironde;75.0;Nouvelle-Aquitaine;2181.1
2017.0;74.0;Haute-Savoie;84.0;Auvergne-Rhône-Alpes;13269.18
2017.0;82.0;Tarn-et-Garonne;76.0;Occitanie;55.75
2017.0;83.0;Var;93.0;Provence-Alpes-Côte d'Azur;1587.81
2013.0;94.0;Val-de-Marne;11.0;Île-de-France;8887.67
2014.0;1.0;Ain;84.0;Auvergne-Rhône-Alpes;15329.98
2014.0;22.0;Côtes-d'Armor;53.0;Bretagne;1213.75
2014.0;40.0;Landes;75.0;Nouvelle-Aquitaine;2098.19
2014.0;52.0;Haute-Marne;44.0;Grand Est;580.63
2014.0;74.0;Haute-Savoie;84.0;Auvergne-Rhône-Alpes;4466.139999999999
2014.0;76.0;Seine-Maritime;28.0;Normandie;12341.0
2015.0;12.0;Aveyron;76.0;Occitanie;419.13
2015.0;44.0;Loire-Atlantique;52.0;Pays de la Loire;2783.6
2016.0;16.0;Charente;75.0;Nouvelle-Aquitaine;99.27
2016.0;44.0;Loire-Atlantique;52.0;Pays de la Loire;2580.94
2016.0;59.0;Nord;32.0;Hauts-de-France;83666.42
2016.0;63.0;Puy-de-Dôme;84.0;Auvergne-Rhône-Alpes;1977.08
2017.0;43.0;Haute-Loire;84.0;Auvergne-Rhône-Alpes;0.0
2012.0;5.0;Hautes-Alpes;93.0;Provence-Alpes-Côte d'Azur;1360.41
2012.0;58.0;Nièvre;27.0;Bourgogne-Franche-Comté;601.29
2013.0;11.0;Aude;76.0;Occitanie;1706.9099999999999
2013.0;23.0;Creuse;75.0;Nouvelle-Aquitaine;1198.24
2013.0;31.0;Haute-Garonne;76.0;Occitanie;19776.920000000002
2013.0;51.0;Marne;44.0;Grand Est;4745.2
2013.0;70.0;Haute-Saône;27.0;Bourgogne-Franche-Comté;982.4200000000001
2014.0;26.0;Drôme;84.0;Auvergne-Rhône-Alpes;1493.94
2014.0;54.0;Meurthe-et-Moselle;44.0;Grand Est;2811.55
2014.0;61.0;Orne;28.0;Normandie;441.35
2014.0;77.0;Seine-et-Marne;11.0;Île-de-France;2175.01
2014.0;81.0;Tarn;76.0;Occitanie;7742.95
2015.0;30.0;Gard;76.0;Occitanie;1148.71
2015.0;31.0;Haute-Garonne;76.0;Occitanie;28897.83
2015.0;35.0;Ille-et-Vilaine;53.0;Bretagne;1589.23
2015.0;63.0;Puy-de-Dôme;84.0;Auvergne-Rhône-Alpes;972.09
2015.0;85.0;Vendée;52.0;Pays de la Loire;293.97
2016.0;27.0;Eure;28.0;Normandie;1054.43
2016.0;35.0;Ille-et-Vilaine;53.0;Bretagne;1402.84
2016.0;66.0;Pyrénées-Orientales;76.0;Occitanie;591.49
2016.0;77.0;Seine-et-Marne;11.0;Île-de-France;2814.0299999999997
2016.0;91.0;Essonne;11.0;Île-de-France;22875.489999999998
2017.0;6.0;Alpes-Maritimes;93.0;Provence-Alpes-Côte d'Azur;9918.72
2017.0;28.0;Eure-et-Loir;24.0;Centre-Val de Loire;92117.81
2017.0;44.0;Loire-Atlantique;52.0;Pays de la Loire;1178.22
2017.0;45.0;Loiret;24.0;Centre-Val de Loire;48105.86
2017.0;89.0;Yonne;27.0;Bourgogne-Franche-Comté;448.13
2017.0;93.0;Seine-Saint-Denis;11.0;Île-de-France;13.23
2013.0;44.0;Loire-Atlantique;52.0;Pays de la Loire;3834.34
2014.0;7.0;Ardèche;84.0;Auvergne-Rhône-Alpes;430.97
2014.0;10.0;Aube;44.0;Grand Est;1330.05
2014.0;18.0;Cher;24.0;Centre-Val de Loire;173.96
2014.0;24.0;Dordogne;75.0;Nouvelle-Aquitaine;878.3399999999999
2014.0;34.0;Hérault;76.0;Occitanie;2895.91
2014.0;47.0;Lot-et-Garonne;75.0;Nouvelle-Aquitaine;1654.4
2014.0;53.0;Mayenne;52.0;Pays de la Loire;27.2
2015.0;13.0;Bouches-du-Rhône;93.0;Provence-Alpes-Côte d'Azur;8519.33
2015.0;49.0;Maine-et-Loire;52.0;Pays de la Loire;971.04
2015.0;69.0;Rhône;84.0;Auvergne-Rhône-Alpes;1516.75
2016.0;5.0;Hautes-Alpes;93.0;Provence-Alpes-Côte d'Azur;42700.63
2016.0;10.0;Aube;44.0;Grand Est;466.55
2016.0;15.0;Cantal;84.0;Auvergne-Rhône-Alpes;139.46
2017.0;35.0;Ille-et-Vilaine;53.0;Bretagne;171.35999999999999
2017.0;59.0;Nord;32.0;Hauts-de-France;2673.03
2017.0;60.0;Oise;32.0;Hauts-de-France;358358.17
2017.0;91.0;Essonne;11.0;Île-de-France;7002.85
2012.0;13.0;Bouches-du-Rhône;93.0;Provence-Alpes-Côte d'Azur;12600.65
2012.0;2A;Corse-du-Sud;94.0;Corse;915690.0
2012.0;32.0;Gers;76.0;Occitanie;1426.32
2012.0;44.0;Loire-Atlantique;52.0;Pays de la Loire;3290.29
2012.0;53.0;Mayenne;52.0;Pays de la Loire;239.10999999999999
2012.0;69.0;Rhône;84.0;Auvergne-Rhône-Alpes;6627.969999999999
2012.0;972.0;Martinique;2.0;Martinique;1429227.0
2013.0;17.0;Charente-Maritime;75.0;Nouvelle-Aquitaine;1976.75
2013.0;57.0;Moselle;44.0;Grand Est;113438.79
2013.0;78.0;Yvelines;11.0;Île-de-France;13568.210000000001
2013.0;91.0;Essonne;11.0;Île-de-France;6326.38
2014.0;13.0;Bouches-du-Rhône;93.0;Provence-Alpes-Côte d'Azur;10099.59
2014.0;39.0;Jura;27.0;Bourgogne-Franche-Comté;471.81
2014.0;50.0;Manche;28.0;Normandie;356.77
2014.0;51.0;Marne;44.0;Grand Est;3517.06
2014.0;82.0;Tarn-et-Garonne;76.0;Occitanie;224.97
2015.0;3.0;Allier;84.0;Auvergne-Rhône-Alpes;4996.61
2015.0;26.0;Drôme;84.0;Auvergne-Rhône-Alpes;1291.66
2015.0;47.0;Lot-et-Garonne;75.0;Nouvelle-Aquitaine;1131.78
2015.0;57.0;Moselle;44.0;Grand Est;150505.55000000002
2016.0;29.0;Finistère;53.0;Bretagne;1060.66
2016.0;82.0;Tarn-et-Garonne;76.0;Occitanie;600.55
2017.0;16.0;Charente;75.0;Nouvelle-Aquitaine;41.15
2017.0;24.0;Dordogne;75.0;Nouvelle-Aquitaine;190.51999999999998
2017.0;30.0;Gard;76.0;Occitanie;460.73
2017.0;37.0;Indre-et-Loire;24.0;Centre-Val de Loire;46.79
2012.0;29.0;Finistère;53.0;Bretagne;1727.8300000000002
2013.0;37.0;Indre-et-Loire;24.0;Centre-Val de Loire;2285.59
2013.0;47.0;Lot-et-Garonne;75.0;Nouvelle-Aquitaine;2123.22
2014.0;6.0;Alpes-Maritimes;93.0;Provence-Alpes-Côte d'Azur;10915.24
2014.0;41.0;Loir-et-Cher;24.0;Centre-Val de Loire;1481.02
2014.0;42.0;Loire;84.0;Auvergne-Rhône-Alpes;1158.17
2015.0;50.0;Manche;28.0;Normandie;224.85
2015.0;73.0;Savoie;84.0;Auvergne-Rhône-Alpes;26697.96
2015.0;93.0;Seine-Saint-Denis;11.0;Île-de-France;7363.7
2017.0;56.0;Morbihan;53.0;Bretagne;24.48
2017.0;70.0;Haute-Saône;27.0;Bourgogne-Franche-Comté;33128.06
2017.0;75.0;Paris;11.0;Île-de-France;789.9200000000001
2012.0;22.0;Côtes-d'Armor;53.0;Bretagne;4562.5199999999995
2012.0;28.0;Eure-et-Loir;24.0;Centre-Val de Loire;784.26
2013.0;7.0;Ardèche;84.0;Auvergne-Rhône-Alpes;390.0
2013.0;16.0;Charente;75.0;Nouvelle-Aquitaine;908.9200000000001
2013.0;18.0;Cher;24.0;Centre-Val de Loire;109.87
2013.0;69.0;Rhône;84.0;Auvergne-Rhône-Alpes;5829.46
2013.0;73.0;Savoie;84.0;Auvergne-Rhône-Alpes;25558.3
2014.0;3.0;Allier;84.0;Auvergne-Rhône-Alpes;4781.25
2014.0;8.0;Ardennes;44.0;Grand Est;63.6
2014.0;25.0;Doubs;27.0;Bourgogne-Franche-Comté;7807.64
2014.0;78.0;Yvelines;11.0;Île-de-France;8579.36
2014.0;91.0;Essonne;11.0;Île-de-France;4040.85
2014.0;971.0;Guadeloupe;1.0;Guadeloupe;1506796.0
2015.0;7.0;Ardèche;84.0;Auvergne-Rhône-Alpes;482.2
2016.0;33.0;Gironde;75.0;Nouvelle-Aquitaine;3680.01
2016.0;37.0;Indre-et-Loire;24.0;Centre-Val de Loire;7385.63
2016.0;90.0;Territoire de Belfort;27.0;Bourgogne-Franche-Comté;161.44
2017.0;67.0;Bas-Rhin;44.0;Grand Est;716956.1
2012.0;6.0;Alpes-Maritimes;93.0;Provence-Alpes-Côte d'Azur;13546.11
2012.0;21.0;Côte-d'Or;27.0;Bourgogne-Franche-Comté;4527.24
2012.0;37.0;Indre-et-Loire;24.0;Centre-Val de Loire;1998.9099999999999
2012.0;70.0;Haute-Saône;27.0;Bourgogne-Franche-Comté;964.95
2012.0;71.0;Saône-et-Loire;27.0;Bourgogne-Franche-Comté;407.34999999999997
2012.0;90.0;Territoire de Belfort;27.0;Bourgogne-Franche-Comté;501.21999999999997
2012.0;973.0;Guyane;3.0;Guyane;747709.0
2013.0;9.0;Ariège;76.0;Occitanie;5390.11
2013.0;22.0;Côtes-d'Armor;53.0;Bretagne;3880.29
2014.0;9.0;Ariège;76.0;Occitanie;3934.63
2014.0;48.0;Lozère;76.0;Occitanie;47.36000000000001
2014.0;60.0;Oise;32.0;Hauts-de-France;2287.74
2014.0;972.0;Martinique;2.0;Martinique;1433212.0
2015.0;34.0;Hérault;76.0;Occitanie;3302.45
2015.0;51.0;Marne;44.0;Grand Est;3605.27
2015.0;55.0;Meuse;44.0;Grand Est;223.67000000000002
2015.0;72.0;Sarthe;52.0;Pays de la Loire;509.32000000000005
2016.0;7.0;Ardèche;84.0;Auvergne-Rhône-Alpes;236.82999999999998
2016.0;32.0;Gers;76.0;Occitanie;347.03
2016.0;52.0;Haute-Marne;44.0;Grand Est;10326.62
2016.0;74.0;Haute-Savoie;84.0;Auvergne-Rhône-Alpes;39933.73
2016.0;85.0;Vendée;52.0;Pays de la Loire;1006.34
2016.0;972.0;Martinique;2.0;Martinique;1438066.0
2017.0;62.0;Pas-de-Calais;32.0;Hauts-de-France;577.6999999999999
2017.0;72.0;Sarthe;52.0;Pays de la Loire;102.31
2017.0;76.0;Seine-Maritime;28.0;Normandie;18133.469999999998
2017.0;86.0;Vienne;75.0;Nouvelle-Aquitaine;141540.97
2017.0;971.0;Guadeloupe;1.0;Guadeloupe;160155.0
2012.0;67.0;Bas-Rhin;44.0;Grand Est;184.78
2012.0;74.0;Haute-Savoie;84.0;Auvergne-Rhône-Alpes;3729.29
2012.0;83.0;Var;93.0;Provence-Alpes-Côte d'Azur;6463.37
2012.0;94.0;Val-de-Marne;11.0;Île-de-France;8170.58
2013.0;3.0;Allier;84.0;Auvergne-Rhône-Alpes;5242.5
2013.0;30.0;Gard;76.0;Occitanie;1872.56
2013.0;38.0;Isère;84.0;Auvergne-Rhône-Alpes;10465.4
2013.0;81.0;Tarn;76.0;Occitanie;10087.04
2014.0;32.0;Gers;76.0;Occitanie;712.7800000000001
2014.0;87.0;Haute-Vienne;75.0;Nouvelle-Aquitaine;2402.37
2015.0;67.0;Bas-Rhin;44.0;Grand Est;114.03999999999999
2015.0;81.0;Tarn;76.0;Occitanie;11387.57
2015.0;973.0;Guyane;3.0;Guyane;792866.0
2016.0;2A;Corse-du-Sud;94.0;Corse;936596.0
2016.0;54.0;Meurthe-et-Moselle;44.0;Grand Est;2130.25
2017.0;13.0;Bouches-du-Rhône;93.0;Provence-Alpes-Côte d'Azur;240.98000000000002
2017.0;17.0;Charente-Maritime;75.0;Nouvelle-Aquitaine;158.57999999999998
2012.0;1.0;Ain;84.0;Auvergne-Rhône-Alpes;15481.5
2012.0;18.0;Cher;24.0;Centre-Val de Loire;185.98
2012.0;40.0;Landes;75.0;Nouvelle-Aquitaine;2434.5099999999998
2012.0;43.0;Haute-Loire;84.0;Auvergne-Rhône-Alpes;426.52
2012.0;72.0;Sarthe;52.0;Pays de la Loire;1428.23
2013.0;21.0;Côte-d'Or;27.0;Bourgogne-Franche-Comté;5382.51
2013.0;42.0;Loire;84.0;Auvergne-Rhône-Alpes;1495.89
2013.0;62.0;Pas-de-Calais;32.0;Hauts-de-France;2578.29
2013.0;77.0;Seine-et-Marne;11.0;Île-de-France;4333.66
2014.0;70.0;Haute-Saône;27.0;Bourgogne-Franche-Comté;1037.59
2015.0;24.0;Dordogne;75.0;Nouvelle-Aquitaine;893.75
2015.0;53.0;Mayenne;52.0;Pays de la Loire;175.68
2015.0;68.0;Haut-Rhin;44.0;Grand Est;245957.09
2015.0;91.0;Essonne;11.0;Île-de-France;23474.01
2016.0;19.0;Corrèze;75.0;Nouvelle-Aquitaine;175.17
2016.0;30.0;Gard;76.0;Occitanie;2228.26
2016.0;40.0;Landes;75.0;Nouvelle-Aquitaine;828.94
2016.0;49.0;Maine-et-Loire;52.0;Pays de la Loire;975.27
2017.0;7.0;Ardèche;84.0;Auvergne-Rhône-Alpes;125.57
2017.0;32.0;Gers;76.0;Occitanie;0.0
2017.0;52.0;Haute-Marne;44.0;Grand Est;6129.05
2017.0;63.0;Puy-de-Dôme;84.0;Auvergne-Rhône-Alpes;0.0
2017.0;79.0;Deux-Sèvres;75.0;Nouvelle-Aquitaine;7211.17
2017.0;80.0;Somme;32.0;Hauts-de-France;16929.13
2017.0;92.0;Hauts-de-Seine;11.0;Île-de-France;309.76
2012.0;11.0;Aude;76.0;Occitanie;2088.74
2012.0;24.0;Dordogne;75.0;Nouvelle-Aquitaine;1086.18
2012.0;2B;Haute-Corse;94.0;Corse;974672.0
2012.0;31.0;Haute-Garonne;76.0;Occitanie;16872.47
2013.0;32.0;Gers;76.0;Occitanie;633.12
2014.0;38.0;Isère;84.0;Auvergne-Rhône-Alpes;47063.46
2014.0;45.0;Loiret;24.0;Centre-Val de Loire;7896.53
2014.0;62.0;Pas-de-Calais;32.0;Hauts-de-France;1555.89
2014.0;73.0;Savoie;84.0;Auvergne-Rhône-Alpes;24381.0
2014.0;75.0;Paris;11.0;Île-de-France;46211.64
2015.0;10.0;Aube;44.0;Grand Est;1014.4
2015.0;17.0;Charente-Maritime;75.0;Nouvelle-Aquitaine;1646.13
2015.0;23.0;Creuse;75.0;Nouvelle-Aquitaine;414.61
2015.0;48.0;Lozère;76.0;Occitanie;42.269999999999996
2015.0;77.0;Seine-et-Marne;11.0;Île-de-France;2094.17
2015.0;83.0;Var;93.0;Provence-Alpes-Côte d'Azur;4361.47
2015.0;87.0;Haute-Vienne;75.0;Nouvelle-Aquitaine;2159.26
2015.0;976.0;Mayotte;6.0;Mayotte;40954.86
2016.0;25.0;Doubs;27.0;Bourgogne-Franche-Comté;3012.58
2016.0;45.0;Loiret;24.0;Centre-Val de Loire;49587.05
2016.0;80.0;Somme;32.0;Hauts-de-France;1087.8899999999999
2016.0;89.0;Yonne;27.0;Bourgogne-Franche-Comté;6840.64
2017.0;26.0;Drôme;84.0;Auvergne-Rhône-Alpes;332.05
2017.0;27.0;Eure;28.0;Normandie;0.0
2017.0;58.0;Nièvre;27.0;Bourgogne-Franche-Comté;0.0
2017.0;88.0;Vosges;44.0;Grand Est;0.0
2012.0;2.0;Aisne;32.0;Hauts-de-France;3194.0499999999997
2012.0;23.0;Creuse;75.0;Nouvelle-Aquitaine;1426.65
2012.0;27.0;Eure;28.0;Normandie;1963.37
2012.0;42.0;Loire;84.0;Auvergne-Rhône-Alpes;1464.68
2012.0;974.0;La Réunion;4.0;La Réunion;2465076.0
2013.0;19.0;Corrèze;75.0;Nouvelle-Aquitaine;485.96000000000004
2013.0;34.0;Hérault;76.0;Occitanie;4030.46
2013.0;43.0;Haute-Loire;84.0;Auvergne-Rhône-Alpes;227.17
2013.0;55.0;Meuse;44.0;Grand Est;265.08000000000004
2013.0;80.0;Somme;32.0;Hauts-de-France;15184.619999999999
2013.0;85.0;Vendée;52.0;Pays de la Loire;481.76
2014.0;4.0;Alpes-de-Haute-Provence;93.0;Provence-Alpes-Côte d'Azur;482.69
2014.0;44.0;Loire-Atlantique;52.0;Pays de la Loire;2673.03
2015.0;25.0;Doubs;27.0;Bourgogne-Franche-Comté;14658.72
2015.0;33.0;Gironde;75.0;Nouvelle-Aquitaine;10299.03
2015.0;56.0;Morbihan;53.0;Bretagne;234.39
2015.0;88.0;Vosges;44.0;Grand Est;25149.88
2016.0;34.0;Hérault;76.0;Occitanie;6209.3
2016.0;70.0;Haute-Saône;27.0;Bourgogne-Franche-Comté;33189.04
2016.0;88.0;Vosges;44.0;Grand Est;29895.09
2017.0;15.0;Cantal;84.0;Auvergne-Rhône-Alpes;0.0
2017.0;47.0;Lot-et-Garonne;75.0;Nouvelle-Aquitaine;0.0
2017.0;69.0;Rhône;84.0;Auvergne-Rhône-Alpes;16.35
2012.0;33.0;Gironde;75.0;Nouvelle-Aquitaine;5136.5
2012.0;36.0;Indre;24.0;Centre-Val de Loire;1414.1
2014.0;59.0;Nord;32.0;Hauts-de-France;108318.68999999999
2014.0;66.0;Pyrénées-Orientales;76.0;Occitanie;28063.39
2014.0;83.0;Var;93.0;Provence-Alpes-Côte d'Azur;5292.01
2014.0;92.0;Hauts-de-Seine;11.0;Île-de-France;20858.18
2015.0;60.0;Oise;32.0;Hauts-de-France;357933.53
2015.0;70.0;Haute-Saône;27.0;Bourgogne-Franche-Comté;50461.020000000004
2015.0;74.0;Haute-Savoie;84.0;Auvergne-Rhône-Alpes;44473.694
2012.0;52.0;Haute-Marne;44.0;Grand Est;902.64
2012.0;89.0;Yonne;27.0;Bourgogne-Franche-Comté;943.68
2013.0;14.0;Calvados;28.0;Normandie;4105.87
2013.0;26.0;Drôme;84.0;Auvergne-Rhône-Alpes;2162.5099999999998
2013.0;79.0;Deux-Sèvres;75.0;Nouvelle-Aquitaine;966.68
2015.0;15.0;Cantal;84.0;Auvergne-Rhône-Alpes;27.759999999999998
2015.0;18.0;Cher;24.0;Centre-Val de Loire;215.26999999999998
2015.0;54.0;Meurthe-et-Moselle;44.0;Grand Est;1658.6
2016.0;2.0;Aisne;32.0;Hauts-de-France;11090.95
2016.0;18.0;Cher;24.0;Centre-Val de Loire;430.08
2016.0;21.0;Côte-d'Or;27.0;Bourgogne-Franche-Comté;559.9100000000001
2016.0;53.0;Mayenne;52.0;Pays de la Loire;402.08
2017.0;66.0;Pyrénées-Orientales;76.0;Occitanie;1771.04
2024.0;976.0;Mayotte;6.0;Mayotte;187638.5587
2020.0;63.0;Puy-de-Dôme;84.0;Auvergne-Rhône-Alpes;3542.77918
2024.0;28.0;Eure-et-Loir;24.0;Centre-Val de Loire;77019.026
2019.0;29.0;Finistère;53.0;Bretagne;99987.43636
2018.0;31.0;Haute-Garonne;76.0;Occitanie;188974.66762
2024.0;42.0;Loire;84.0;Auvergne-Rhône-Alpes;112043.84425
2021.0;37.0;Indre-et-Loire;24.0;Centre-Val de Loire;3075.63169
2023.0;74.0;Haute-Savoie;84.0;Auvergne-Rhône-Alpes;101741.53
2022.0;95.0;Val-d'Oise;11.0;Île-de-France;5487.22558
2020.0;93.0;Seine-Saint-Denis;11.0;Île-de-France;46784.33596
2024.0;1.0;Ain;84.0;Auvergne-Rhône-Alpes;7038.62765
2020.0;974.0;La Réunion;4.0;La Réunion;63350.52
2019.0;10.0;Aube;44.0;Grand Est;18422.87564
2023.0;976.0;Mayotte;6.0;Mayotte;37978.74
2018.0;39.0;Jura;27.0;Bourgogne-Franche-Comté;43601.47416
2020.0;52.0;Haute-Marne;44.0;Grand Est;6541.74661
2019.0;28.0;Eure-et-Loir;24.0;Centre-Val de Loire;146406.77687
2020.0;43.0;Haute-Loire;84.0;Auvergne-Rhône-Alpes;4645.39893
2018.0;53.0;Mayenne;52.0;Pays de la Loire;40708.44394
2023.0;30.0;Gard;76.0;Occitanie;1236.216
2021.0;73.0;Savoie;84.0;Auvergne-Rhône-Alpes;163256.48045
2021.0;8.0;Ardennes;44.0;Grand Est;980.79636
2021.0;26.0;Drôme;84.0;Auvergne-Rhône-Alpes;6963.69714
2024.0;17.0;Charente-Maritime;75.0;Nouvelle-Aquitaine;72224.12183
2019.0;91.0;Essonne;11.0;Île-de-France;139013.33348
2019.0;86.0;Vienne;75.0;Nouvelle-Aquitaine;211692.50825
2024.0;50.0;Manche;28.0;Normandie;44172.30208
2024.0;53.0;Mayenne;52.0;Pays de la Loire;818.804
2021.0;42.0;Loire;84.0;Auvergne-Rhône-Alpes;6557.86782
2023.0;55.0;Meuse;44.0;Grand Est;304.322
2022.0;974.0;La Réunion;4.0;La Réunion;38570.464
2018.0;47.0;Lot-et-Garonne;75.0;Nouvelle-Aquitaine;62682.68657
2022.0;56.0;Morbihan;53.0;Bretagne;2930.11635
2021.0;18.0;Cher;24.0;Centre-Val de Loire;2268.27563
2022.0;18.0;Cher;24.0;Centre-Val de Loire;427.90441
2021.0;2A;Corse-du-Sud;94.0;Corse;42016.145
2021.0;81.0;Tarn;76.0;Occitanie;39958.46297
2021.0;3.0;Allier;84.0;Auvergne-Rhône-Alpes;970.02735
2019.0;32.0;Gers;76.0;Occitanie;31209.99392
2022.0;57.0;Moselle;44.0;Grand Est;460972.07552
2022.0;42.0;Loire;84.0;Auvergne-Rhône-Alpes;2265.80365
2022.0;90.0;Territoire de Belfort;27.0;Bourgogne-Franche-Comté;162.01523
2022.0;43.0;Haute-Loire;84.0;Auvergne-Rhône-Alpes;780.84427
2021.0;9.0;Ariège;76.0;Occitanie;1182.98761
2018.0;85.0;Vendée;52.0;Pays de la Loire;138764.17971
2018.0;48.0;Lozère;76.0;Occitanie;7784.92972
2020.0;15.0;Cantal;84.0;Auvergne-Rhône-Alpes;1029.89187
2023.0;59.0;Nord;32.0;Hauts-de-France;9990.44
2018.0;59.0;Nord;32.0;Hauts-de-France;349303.49967
2022.0;81.0;Tarn;76.0;Occitanie;32286.87773
2019.0;14.0;Calvados;28.0;Normandie;213744.54761
2020.0;72.0;Sarthe;52.0;Pays de la Loire;4161.32841
2019.0;71.0;Saône-et-Loire;27.0;Bourgogne-Franche-Comté;87152.70438
2024.0;15.0;Cantal;84.0;Auvergne-Rhône-Alpes;395.54
2022.0;88.0;Vosges;44.0;Grand Est;4243.19919
2020.0;69.0;Rhône;84.0;Auvergne-Rhône-Alpes;59105.40827
2023.0;4.0;Alpes-de-Haute-Provence;93.0;Provence-Alpes-Côte d'Azur;577.214
2022.0;7.0;Ardèche;84.0;Auvergne-Rhône-Alpes;1142.4163
2022.0;1.0;Ain;84.0;Auvergne-Rhône-Alpes;6769.49995
2020.0;16.0;Charente;75.0;Nouvelle-Aquitaine;7519.86439
2023.0;75.0;Paris;11.0;Île-de-France;5289.386
2018.0;41.0;Loir-et-Cher;24.0;Centre-Val de Loire;45738.9398
2020.0;53.0;Mayenne;52.0;Pays de la Loire;4183.92975
2020.0;91.0;Essonne;11.0;Île-de-France;113677.38071
2020.0;77.0;Seine-et-Marne;11.0;Île-de-France;25078.96852
2018.0;93.0;Seine-Saint-Denis;11.0;Île-de-France;216080.49969
2019.0;973.0;Guyane;3.0;Guyane;66152.351
2019.0;93.0;Seine-Saint-Denis;11.0;Île-de-France;189652.94447
2020.0;81.0;Tarn;76.0;Occitanie;39243.2943
2021.0;60.0;Oise;32.0;Hauts-de-France;50729.33143
2022.0;51.0;Marne;44.0;Grand Est;624.67416
2023.0;34.0;Hérault;76.0;Occitanie;40112.214
2023.0;29.0;Finistère;53.0;Bretagne;2581.593
2022.0;64.0;Pyrénées-Atlantiques;75.0;Nouvelle-Aquitaine;4073.75797
2019.0;19.0;Corrèze;75.0;Nouvelle-Aquitaine;19837.87381
2018.0;80.0;Somme;32.0;Hauts-de-France;102466.80772
2022.0;49.0;Maine-et-Loire;52.0;Pays de la Loire;1480.75886
2018.0;22.0;Côtes-d'Armor;53.0;Bretagne;99035.01876
2022.0;76.0;Seine-Maritime;28.0;Normandie;19484.12231
2023.0;32.0;Gers;76.0;Occitanie;383.251
2019.0;72.0;Sarthe;52.0;Pays de la Loire;60849.88466
2023.0;22.0;Côtes-d'Armor;53.0;Bretagne;1316.362
2024.0;73.0;Savoie;84.0;Auvergne-Rhône-Alpes;127603.99035
2022.0;4.0;Alpes-de-Haute-Provence;93.0;Provence-Alpes-Côte d'Azur;427.72522
2019.0;65.0;Hautes-Pyrénées;76.0;Occitanie;24316.02889
2022.0;77.0;Seine-et-Marne;11.0;Île-de-France;5128.9083
2022.0;35.0;Ille-et-Vilaine;53.0;Bretagne;2587.26364
2020.0;76.0;Seine-Maritime;28.0;Normandie;37733.77514
2023.0;44.0;Loire-Atlantique;52.0;Pays de la Loire;3433.46
2023.0;27.0;Eure;28.0;Normandie;451.742
2024.0;83.0;Var;93.0;Provence-Alpes-Côte d'Azur;142801.83153
2019.0;22.0;Côtes-d'Armor;53.0;Bretagne;74984.32001
2022.0;87.0;Haute-Vienne;75.0;Nouvelle-Aquitaine;1763.59588
2024.0;48.0;Lozère;76.0;Occitanie;174.106
2019.0;69.0;Rhône;84.0;Auvergne-Rhône-Alpes;176636.49313
2023.0;51.0;Marne;44.0;Grand Est;1005.536
2020.0;87.0;Haute-Vienne;75.0;Nouvelle-Aquitaine;3141.86047
2023.0;49.0;Maine-et-Loire;52.0;Pays de la Loire;1530.141
2019.0;85.0;Vendée;52.0;Pays de la Loire;88929.09067
2020.0;89.0;Yonne;27.0;Bourgogne-Franche-Comté;1536.02854
2019.0;56.0;Morbihan;53.0;Bretagne;79281.9966
2023.0;73.0;Savoie;84.0;Auvergne-Rhône-Alpes;158750.215
2019.0;33.0;Gironde;75.0;Nouvelle-Aquitaine;229787.88923
2021.0;62.0;Pas-de-Calais;32.0;Hauts-de-France;7067.7517
2018.0;55.0;Meuse;44.0;Grand Est;29815.20079
2021.0;83.0;Var;93.0;Provence-Alpes-Côte d'Azur;9930.81801
2022.0;17.0;Charente-Maritime;75.0;Nouvelle-Aquitaine;1313.13425
2020.0;50.0;Manche;28.0;Normandie;20772.43533
2023.0;38.0;Isère;84.0;Auvergne-Rhône-Alpes;76606.75
2022.0;83.0;Var;93.0;Provence-Alpes-Côte d'Azur;5276.9041
2018.0;2B;Haute-Corse;94.0;Corse;40538.561
2019.0;37.0;Indre-et-Loire;24.0;Centre-Val de Loire;63000.47261
2020.0;67.0;Bas-Rhin;44.0;Grand Est;253617.73504
2020.0;47.0;Lot-et-Garonne;75.0;Nouvelle-Aquitaine;9817.37615
2019.0;38.0;Isère;84.0;Auvergne-Rhône-Alpes;74938.54136
2019.0;46.0;Lot;76.0;Occitanie;14580.36419
2018.0;9.0;Ariège;76.0;Occitanie;10309.64056
2023.0;40.0;Landes;75.0;Nouvelle-Aquitaine;14170.275
2020.0;41.0;Loir-et-Cher;24.0;Centre-Val de Loire;2103.24848
2023.0;39.0;Jura;27.0;Bourgogne-Franche-Comté;1204.776
2020.0;57.0;Moselle;44.0;Grand Est;202532.21829
2022.0;94.0;Val-de-Marne;11.0;Île-de-France;27168.04784
2021.0;80.0;Somme;32.0;Hauts-de-France;67239.47365
2023.0;26.0;Drôme;84.0;Auvergne-Rhône-Alpes;2266.737
2020.0;59.0;Nord;32.0;Hauts-de-France;22763.34625
2022.0;73.0;Savoie;84.0;Auvergne-Rhône-Alpes;169377.29236
2024.0;29.0;Finistère;53.0;Bretagne;115719.58033
2024.0;55.0;Meuse;44.0;Grand Est;513.11408
2024.0;51.0;Marne;44.0;Grand Est;1591.665
2021.0;46.0;Lot;76.0;Occitanie;1185.62186
2018.0;67.0;Bas-Rhin;44.0;Grand Est;238507.16039
2023.0;92.0;Hauts-de-Seine;11.0;Île-de-France;4065.419
2024.0;62.0;Pas-de-Calais;32.0;Hauts-de-France;602160.63417
2022.0;13.0;Bouches-du-Rhône;93.0;Provence-Alpes-Côte d'Azur;3712.18591
2018.0;2.0;Aisne;32.0;Hauts-de-France;90023.95396
2019.0;90.0;Territoire de Belfort;27.0;Bourgogne-Franche-Comté;21898.95097
2021.0;48.0;Lozère;76.0;Occitanie;291.01142
2024.0;5.0;Hautes-Alpes;93.0;Provence-Alpes-Côte d'Azur;1724.102
2020.0;2A;Corse-du-Sud;94.0;Corse;45733.01
2019.0;34.0;Hérault;76.0;Occitanie;100101.99318
2024.0;14.0;Calvados;28.0;Normandie;2058.278
2022.0;22.0;Côtes-d'Armor;53.0;Bretagne;990.34556
2024.0;89.0;Yonne;27.0;Bourgogne-Franche-Comté;641.546
2018.0;974.0;La Réunion;4.0;La Réunion;90075.923
2024.0;84.0;Vaucluse;93.0;Provence-Alpes-Côte d'Azur;2210.50758
2022.0;61.0;Orne;28.0;Normandie;754.68127
2021.0;61.0;Orne;28.0;Normandie;20817.33975
2024.0;57.0;Moselle;44.0;Grand Est;669764.01326
2018.0;46.0;Lot;76.0;Occitanie;17959.07379
2018.0;3.0;Allier;84.0;Auvergne-Rhône-Alpes;48028.39913
2019.0;55.0;Meuse;44.0;Grand Est;29389.21677
2019.0;49.0;Maine-et-Loire;52.0;Pays de la Loire;92985.64627
2022.0;11.0;Aude;76.0;Occitanie;7425.05273
2021.0;47.0;Lot-et-Garonne;75.0;Nouvelle-Aquitaine;7774.65843
2019.0;61.0;Orne;28.0;Normandie;47674.32268
2021.0;75.0;Paris;11.0;Île-de-France;27180.64756
2022.0;30.0;Gard;76.0;Occitanie;1281.83205
2022.0;14.0;Calvados;28.0;Normandie;1837.69638
2019.0;2.0;Aisne;32.0;Hauts-de-France;81112.19149
2020.0;94.0;Val-de-Marne;11.0;Île-de-France;65302.69489
2022.0;34.0;Hérault;76.0;Occitanie;39728.43177
2024.0;52.0;Haute-Marne;44.0;Grand Est;1905.347
2024.0;76.0;Seine-Maritime;28.0;Normandie;93413.40082
2020.0;42.0;Loire;84.0;Auvergne-Rhône-Alpes;14646.30912
2024.0;971.0;Guadeloupe;1.0;Guadeloupe;54543.956
2019.0;50.0;Manche;28.0;Normandie;79985.28392
2023.0;50.0;Manche;28.0;Normandie;1274.344
2024.0;94.0;Val-de-Marne;11.0;Île-de-France;13812.51508
2021.0;28.0;Eure-et-Loir;24.0;Centre-Val de Loire;97159.50573
2019.0;52.0;Haute-Marne;44.0;Grand Est;28340.94617
2024.0;27.0;Eure;28.0;Normandie;16469.73342
2021.0;68.0;Haut-Rhin;44.0;Grand Est;216403.49421
2024.0;23.0;Creuse;75.0;Nouvelle-Aquitaine;171.492
2021.0;23.0;Creuse;75.0;Nouvelle-Aquitaine;7219.40296
2022.0;89.0;Yonne;27.0;Bourgogne-Franche-Comté;515.03714
2018.0;27.0;Eure;28.0;Normandie;63875.99532
2020.0;44.0;Loire-Atlantique;52.0;Pays de la Loire;11879.15926
2023.0;87.0;Haute-Vienne;75.0;Nouvelle-Aquitaine;1692.4
2020.0;54.0;Meurthe-et-Moselle;44.0;Grand Est;4140.48096
2019.0;23.0;Creuse;75.0;Nouvelle-Aquitaine;28211.41727
2022.0;5.0;Hautes-Alpes;93.0;Provence-Alpes-Côte d'Azur;2489.11703
2023.0;54.0;Meurthe-et-Moselle;44.0;Grand Est;2457.937
2023.0;66.0;Pyrénées-Orientales;76.0;Occitanie;3661.746
2024.0;11.0;Aude;76.0;Occitanie;5735.59117
2018.0;42.0;Loire;84.0;Auvergne-Rhône-Alpes;91861.54332
2019.0;31.0;Haute-Garonne;76.0;Occitanie;180949.82554
2020.0;90.0;Territoire de Belfort;27.0;Bourgogne-Franche-Comté;1799.55202
2024.0;71.0;Saône-et-Loire;27.0;Bourgogne-Franche-Comté;242551.77333
2023.0;17.0;Charente-Maritime;75.0;Nouvelle-Aquitaine;1544.813
2022.0;52.0;Haute-Marne;44.0;Grand Est;4129.01433
2018.0;70.0;Haute-Saône;27.0;Bourgogne-Franche-Comté;87974.49918
2020.0;95.0;Val-d'Oise;11.0;Île-de-France;19825.12341
2021.0;63.0;Puy-de-Dôme;84.0;Auvergne-Rhône-Alpes;2240.76654
2024.0;2B;Haute-Corse;94.0;Corse;27421.431
2021.0;16.0;Charente;75.0;Nouvelle-Aquitaine;4113.90555
2019.0;95.0;Val-d'Oise;11.0;Île-de-France;142297.94433
2024.0;4.0;Alpes-de-Haute-Provence;93.0;Provence-Alpes-Côte d'Azur;57891.36654
2023.0;8.0;Ardennes;44.0;Grand Est;293.024
2018.0;17.0;Charente-Maritime;75.0;Nouvelle-Aquitaine;74489.32365
2021.0;82.0;Tarn-et-Garonne;76.0;Occitanie;8272.43299
2019.0;47.0;Lot-et-Garonne;75.0;Nouvelle-Aquitaine;49647.57189
2021.0;93.0;Seine-Saint-Denis;11.0;Île-de-France;19670.38651
2021.0;29.0;Finistère;53.0;Bretagne;4624.32423
2021.0;14.0;Calvados;28.0;Normandie;4529.94014
2018.0;2A;Corse-du-Sud;94.0;Corse;51438.015
2018.0;4.0;Alpes-de-Haute-Provence;93.0;Provence-Alpes-Côte d'Azur;19262.54781
2019.0;13.0;Bouches-du-Rhône;93.0;Provence-Alpes-Côte d'Azur;210774.20735
2022.0;70.0;Haute-Saône;27.0;Bourgogne-Franche-Comté;18159.38003
2020.0;10.0;Aube;44.0;Grand Est;18558.63271
2024.0;26.0;Drôme;84.0;Auvergne-Rhône-Alpes;3157.17436
2021.0;15.0;Cantal;84.0;Auvergne-Rhône-Alpes;706.85205
2020.0;58.0;Nièvre;27.0;Bourgogne-Franche-Comté;5838.55453
2019.0;94.0;Val-de-Marne;11.0;Île-de-France;193459.17791
2023.0;89.0;Yonne;27.0;Bourgogne-Franche-Comté;663.377
2022.0;12.0;Aveyron;76.0;Occitanie;524.616
2022.0;15.0;Cantal;84.0;Auvergne-Rhône-Alpes;583.14931
2024.0;75.0;Paris;11.0;Île-de-France;4721.392
2020.0;73.0;Savoie;84.0;Auvergne-Rhône-Alpes;67941.36405
2020.0;35.0;Ille-et-Vilaine;53.0;Bretagne;7917.09844
2023.0;69.0;Rhône;84.0;Auvergne-Rhône-Alpes;9322.615
2023.0;973.0;Guyane;3.0;Guyane;41701.163
2022.0;72.0;Sarthe;52.0;Pays de la Loire;518.67325
2018.0;36.0;Indre;24.0;Centre-Val de Loire;26887.19175
2021.0;71.0;Saône-et-Loire;27.0;Bourgogne-Franche-Comté;42959.7768
2018.0;92.0;Hauts-de-Seine;11.0;Île-de-France;241396.36215
2019.0;4.0;Alpes-de-Haute-Provence;93.0;Provence-Alpes-Côte d'Azur;15878.84964
2024.0;35.0;Ille-et-Vilaine;53.0;Bretagne;4000.024
2021.0;92.0;Hauts-de-Seine;11.0;Île-de-France;19411.55316
2024.0;63.0;Puy-de-Dôme;84.0;Auvergne-Rhône-Alpes;83465.18739
2022.0;66.0;Pyrénées-Orientales;76.0;Occitanie;3035.05852
2022.0;84.0;Vaucluse;93.0;Provence-Alpes-Côte d'Azur;2006.791
2018.0;45.0;Loiret;24.0;Centre-Val de Loire;154444.80189
2019.0;35.0;Ille-et-Vilaine;53.0;Bretagne;110045.80096
2020.0;5.0;Hautes-Alpes;93.0;Provence-Alpes-Côte d'Azur;11465.01463
2023.0;80.0;Somme;32.0;Hauts-de-France;42174.437
2023.0;971.0;Guadeloupe;1.0;Guadeloupe;62748.212
2019.0;976.0;Mayotte;6.0;Mayotte;42515.693
2022.0;32.0;Gers;76.0;Occitanie;452.27576
2018.0;63.0;Puy-de-Dôme;84.0;Auvergne-Rhône-Alpes;63373.7786
2022.0;41.0;Loir-et-Cher;24.0;Centre-Val de Loire;583.33588
2020.0;49.0;Maine-et-Loire;52.0;Pays de la Loire;14327.21734
2024.0;6.0;Alpes-Maritimes;93.0;Provence-Alpes-Côte d'Azur;2983977.348
2019.0;92.0;Hauts-de-Seine;11.0;Île-de-France;218896.94761
2023.0;76.0;Seine-Maritime;28.0;Normandie;17563.511
2019.0;60.0;Oise;32.0;Hauts-de-France;58597.78671
2019.0;88.0;Vosges;44.0;Grand Est;115841.30589
2022.0;2.0;Aisne;32.0;Hauts-de-France;56531.80906
2020.0;65.0;Hautes-Pyrénées;76.0;Occitanie;5710.90177
2022.0;46.0;Lot;76.0;Occitanie;376.3354
2023.0;68.0;Haut-Rhin;44.0;Grand Est;208951.111
2023.0;2B;Haute-Corse;94.0;Corse;27250.519
2018.0;79.0;Deux-Sèvres;75.0;Nouvelle-Aquitaine;46065.31036
2020.0;71.0;Saône-et-Loire;27.0;Bourgogne-Franche-Comté;37737.01046
2019.0;79.0;Deux-Sèvres;75.0;Nouvelle-Aquitaine;39390.66125
2022.0;33.0;Gironde;75.0;Nouvelle-Aquitaine;75691.11805
2022.0;86.0;Vienne;75.0;Nouvelle-Aquitaine;111516.36103
2021.0;43.0;Haute-Loire;84.0;Auvergne-Rhône-Alpes;2158.18944
2020.0;56.0;Morbihan;53.0;Bretagne;8432.50233
2023.0;86.0;Vienne;75.0;Nouvelle-Aquitaine;45912.784
2024.0;31.0;Haute-Garonne;76.0;Occitanie;90962.6825
2022.0;39.0;Jura;27.0;Bourgogne-Franche-Comté;1225.09699
2018.0;84.0;Vaucluse;93.0;Provence-Alpes-Côte d'Azur;76593.68963
2020.0;66.0;Pyrénées-Orientales;76.0;Occitanie;6378.76921
2024.0;69.0;Rhône;84.0;Auvergne-Rhône-Alpes;86615.16969
2022.0;3.0;Allier;84.0;Auvergne-Rhône-Alpes;576.24524
2024.0;68.0;Haut-Rhin;44.0;Grand Est;195209.2949
2018.0;973.0;Guyane;3.0;Guyane;61500.061
2022.0;93.0;Seine-Saint-Denis;11.0;Île-de-France;2489.79527
2019.0;89.0;Yonne;27.0;Bourgogne-Franche-Comté;34092.93952
2022.0;9.0;Ariège;76.0;Occitanie;575.92403
2018.0;65.0;Hautes-Pyrénées;76.0;Occitanie;25212.63054
2019.0;51.0;Marne;44.0;Grand Est;137311.75635
2022.0;48.0;Lozère;76.0;Occitanie;103.80065
2024.0;7.0;Ardèche;84.0;Auvergne-Rhône-Alpes;778.463
2021.0;21.0;Côte-d'Or;27.0;Bourgogne-Franche-Comté;6868.02875
2021.0;72.0;Sarthe;52.0;Pays de la Loire;2786.64865
2023.0;62.0;Pas-de-Calais;32.0;Hauts-de-France;2895.736
2021.0;53.0;Mayenne;52.0;Pays de la Loire;2743.35923
2020.0;55.0;Meuse;44.0;Grand Est;1084.76645
2023.0;91.0;Essonne;11.0;Île-de-France;76120.291
2022.0;63.0;Puy-de-Dôme;84.0;Auvergne-Rhône-Alpes;1334.49019
2022.0;74.0;Haute-Savoie;84.0;Auvergne-Rhône-Alpes;109219.20947
2020.0;32.0;Gers;76.0;Occitanie;4191.44817
2019.0;75.0;Paris;11.0;Île-de-France;337007.37507
2023.0;31.0;Haute-Garonne;76.0;Occitanie;11794.88
2023.0;33.0;Gironde;75.0;Nouvelle-Aquitaine;64535.62
2022.0;44.0;Loire-Atlantique;52.0;Pays de la Loire;3364.74882
2018.0;77.0;Seine-et-Marne;11.0;Île-de-France;141022.18981
2018.0;43.0;Haute-Loire;84.0;Auvergne-Rhône-Alpes;45770.12341
2021.0;2B;Haute-Corse;94.0;Corse;38372.399
2019.0;68.0;Haut-Rhin;44.0;Grand Est;183995.59367
2023.0;35.0;Ille-et-Vilaine;53.0;Bretagne;2996.558
2018.0;971.0;Guadeloupe;1.0;Guadeloupe;75081.108
2018.0;81.0;Tarn;76.0;Occitanie;55239.76721
2021.0;85.0;Vendée;52.0;Pays de la Loire;6748.48943
2020.0;971.0;Guadeloupe;1.0;Guadeloupe;115857.355
2018.0;66.0;Pyrénées-Orientales;76.0;Occitanie;43788.6533
2022.0;26.0;Drôme;84.0;Auvergne-Rhône-Alpes;2602.75685
2023.0;71.0;Saône-et-Loire;27.0;Bourgogne-Franche-Comté;806.468
2023.0;56.0;Morbihan;53.0;Bretagne;3172.242
2018.0;25.0;Doubs;27.0;Bourgogne-Franche-Comté;45605.78251
2021.0;32.0;Gers;76.0;Occitanie;2263.54222
2019.0;21.0;Côte-d'Or;27.0;Bourgogne-Franche-Comté;81618.1375
2019.0;25.0;Doubs;27.0;Bourgogne-Franche-Comté;34589.75661
2022.0;6.0;Alpes-Maritimes;93.0;Provence-Alpes-Côte d'Azur;8436.76771
2024.0;37.0;Indre-et-Loire;24.0;Centre-Val de Loire;967.5
2019.0;74.0;Haute-Savoie;84.0;Auvergne-Rhône-Alpes;98962.29652
2022.0;27.0;Eure;28.0;Normandie;664.075
2020.0;14.0;Calvados;28.0;Normandie;5740.10669
2024.0;9.0;Ariège;76.0;Occitanie;66219.58551
2022.0;24.0;Dordogne;75.0;Nouvelle-Aquitaine;964.29653
2018.0;52.0;Haute-Marne;44.0;Grand Est;22333.18248
2023.0;84.0;Vaucluse;93.0;Provence-Alpes-Côte d'Azur;1919.891
2024.0;972.0;Martinique;2.0;Martinique;64858.01
2022.0;31.0;Haute-Garonne;76.0;Occitanie;11066.9088
2022.0;62.0;Pas-de-Calais;32.0;Hauts-de-France;2207.86809
2022.0;82.0;Tarn-et-Garonne;76.0;Occitanie;609.77547
2023.0;93.0;Seine-Saint-Denis;11.0;Île-de-France;3584.045
2021.0;24.0;Dordogne;75.0;Nouvelle-Aquitaine;6269.23001
2023.0;53.0;Mayenne;52.0;Pays de la Loire;674.824
2020.0;40.0;Landes;75.0;Nouvelle-Aquitaine;35704.24523
2020.0;60.0;Oise;32.0;Hauts-de-France;68984.04342
2023.0;23.0;Creuse;75.0;Nouvelle-Aquitaine;95.612
2019.0;971.0;Guadeloupe;1.0;Guadeloupe;125914.573
2018.0;7.0;Ardèche;84.0;Auvergne-Rhône-Alpes;35400.32729
2024.0;33.0;Gironde;75.0;Nouvelle-Aquitaine;46111.221
2021.0;74.0;Haute-Savoie;84.0;Auvergne-Rhône-Alpes;114923.99549
2021.0;11.0;Aude;76.0;Occitanie;9637.10682
2020.0;61.0;Orne;28.0;Normandie;23443.16579
2019.0;81.0;Tarn;76.0;Occitanie;47379.79141
2019.0;83.0;Var;93.0;Provence-Alpes-Côte d'Azur;120529.41361
2023.0;7.0;Ardèche;84.0;Auvergne-Rhône-Alpes;1031.052
2020.0;79.0;Deux-Sèvres;75.0;Nouvelle-Aquitaine;54215.57283
2021.0;4.0;Alpes-de-Haute-Provence;93.0;Provence-Alpes-Côte d'Azur;780.63379
2018.0;56.0;Morbihan;53.0;Bretagne;97594.34281
2021.0;971.0;Guadeloupe;1.0;Guadeloupe;97367.254
2018.0;34.0;Hérault;76.0;Occitanie;106785.99954
2019.0;26.0;Drôme;84.0;Auvergne-Rhône-Alpes;58448.41897
2024.0;40.0;Landes;75.0;Nouvelle-Aquitaine;105120.08875
2020.0;39.0;Jura;27.0;Bourgogne-Franche-Comté;6311.43834
2022.0;21.0;Côte-d'Or;27.0;Bourgogne-Franche-Comté;1056.22997
2021.0;974.0;La Réunion;4.0;La Réunion;63100.741
2020.0;38.0;Isère;84.0;Auvergne-Rhône-Alpes;212534.39826
2019.0;17.0;Charente-Maritime;75.0;Nouvelle-Aquitaine;56807.5934
2024.0;66.0;Pyrénées-Orientales;76.0;Occitanie;1874.412
2023.0;77.0;Seine-et-Marne;11.0;Île-de-France;5347.623
2019.0;84.0;Vaucluse;93.0;Provence-Alpes-Côte d'Azur;61029.78883
2023.0;11.0;Aude;76.0;Occitanie;5224.659
2021.0;58.0;Nièvre;27.0;Bourgogne-Franche-Comté;4785.09581
2021.0;10.0;Aube;44.0;Grand Est;3287.24462
2022.0;36.0;Indre;24.0;Centre-Val de Loire;325.32384
2018.0;68.0;Haut-Rhin;44.0;Grand Est;191266.31727
2019.0;40.0;Landes;75.0;Nouvelle-Aquitaine;92809.92663
2021.0;45.0;Loiret;24.0;Centre-Val de Loire;3601.69067
2024.0;74.0;Haute-Savoie;84.0;Auvergne-Rhône-Alpes;101416.05133
2021.0;36.0;Indre;24.0;Centre-Val de Loire;1060.132
2019.0;9.0;Ariège;76.0;Occitanie;18827.78587
2020.0;82.0;Tarn-et-Garonne;76.0;Occitanie;15114.26727
2020.0;976.0;Mayotte;6.0;Mayotte;44536.9618
2020.0;2.0;Aisne;32.0;Hauts-de-France;71488.02005
2018.0;6.0;Alpes-Maritimes;93.0;Provence-Alpes-Côte d'Azur;173965.93511
2019.0;42.0;Loire;84.0;Auvergne-Rhône-Alpes;80004.14145
2021.0;35.0;Ille-et-Vilaine;53.0;Bretagne;5262.41251
2019.0;15.0;Cantal;84.0;Auvergne-Rhône-Alpes;14424.72052
2021.0;5.0;Hautes-Alpes;93.0;Provence-Alpes-Côte d'Azur;4656.04923
2018.0;57.0;Moselle;44.0;Grand Est;211276.11675
2022.0;75.0;Paris;11.0;Île-de-France;6060.46759
2023.0;65.0;Hautes-Pyrénées;76.0;Occitanie;8329.255
2018.0;86.0;Vienne;75.0;Nouvelle-Aquitaine;221021.69033
2020.0;74.0;Haute-Savoie;84.0;Auvergne-Rhône-Alpes;125209.69404
2021.0;973.0;Guyane;3.0;Guyane;58977.143
2024.0;64.0;Pyrénées-Atlantiques;75.0;Nouvelle-Aquitaine;71879.07767
2023.0;47.0;Lot-et-Garonne;75.0;Nouvelle-Aquitaine;751.201
2018.0;49.0;Maine-et-Loire;52.0;Pays de la Loire;127720.17072
2020.0;28.0;Eure-et-Loir;24.0;Centre-Val de Loire;109771.62186
2024.0;46.0;Lot;76.0;Occitanie;451.607
2024.0;82.0;Tarn-et-Garonne;76.0;Occitanie;630.98583
2022.0;71.0;Saône-et-Loire;27.0;Bourgogne-Franche-Comté;41231.71509
2024.0;58.0;Nièvre;27.0;Bourgogne-Franche-Comté;135605.90976
2019.0;44.0;Loire-Atlantique;52.0;Pays de la Loire;181871.77608
2024.0;36.0;Indre;24.0;Centre-Val de Loire;369.57
2023.0;972.0;Martinique;2.0;Martinique;78611.021
2024.0;85.0;Vendée;52.0;Pays de la Loire;2755.686
2024.0;44.0;Loire-Atlantique;52.0;Pays de la Loire;3239.265
2024.0;88.0;Vosges;44.0;Grand Est;66564.63208
2021.0;38.0;Isère;84.0;Auvergne-Rhône-Alpes;83549.43975
2023.0;37.0;Indre-et-Loire;24.0;Centre-Val de Loire;745.095
2023.0;28.0;Eure-et-Loir;24.0;Centre-Val de Loire;102878.435
2024.0;59.0;Nord;32.0;Hauts-de-France;490952.52406
2022.0;79.0;Deux-Sèvres;75.0;Nouvelle-Aquitaine;97006.21489
2018.0;11.0;Aude;76.0;Occitanie;32810.32213
2019.0;82.0;Tarn-et-Garonne;76.0;Occitanie;39492.41261
2024.0;38.0;Isère;84.0;Auvergne-Rhône-Alpes;631844.66312
2022.0;92.0;Hauts-de-Seine;11.0;Île-de-France;4193.7733
2023.0;974.0;La Réunion;4.0;La Réunion;36778.526
2021.0;79.0;Deux-Sèvres;75.0;Nouvelle-Aquitaine;82040.77804
2024.0;54.0;Meurthe-et-Moselle;44.0;Grand Est;216149.34459
2018.0;61.0;Orne;28.0;Normandie;29938.96506
2018.0;40.0;Landes;75.0;Nouvelle-Aquitaine;99822.81022
2018.0;18.0;Cher;24.0;Centre-Val de Loire;28347.51316
2018.0;29.0;Finistère;53.0;Bretagne;118505.84551
2024.0;39.0;Jura;27.0;Bourgogne-Franche-Comté;1101.536
2021.0;40.0;Landes;75.0;Nouvelle-Aquitaine;21473.55927
2024.0;24.0;Dordogne;75.0;Nouvelle-Aquitaine;751.30333
2023.0;10.0;Aube;44.0;Grand Est;2803.767
2019.0;62.0;Pas-de-Calais;32.0;Hauts-de-France;146249.04195
2024.0;2A;Corse-du-Sud;94.0;Corse;32048.767
2018.0;15.0;Cantal;84.0;Auvergne-Rhône-Alpes;17596.6325
2018.0;14.0;Calvados;28.0;Normandie;166201.71727
2018.0;91.0;Essonne;11.0;Île-de-France;161189.1812
2023.0;2A;Corse-du-Sud;94.0;Corse;33410.844
2021.0;7.0;Ardèche;84.0;Auvergne-Rhône-Alpes;2234.30517
2019.0;3.0;Allier;84.0;Auvergne-Rhône-Alpes;32190.54548
2024.0;93.0;Seine-Saint-Denis;11.0;Île-de-France;3413.931
2023.0;78.0;Yvelines;11.0;Île-de-France;40966.169
2020.0;2B;Haute-Corse;94.0;Corse;42830.049
2024.0;61.0;Orne;28.0;Normandie;36727.39535
2018.0;12.0;Aveyron;76.0;Occitanie;32169.11711
2021.0;27.0;Eure;28.0;Normandie;3211.13993
2021.0;77.0;Seine-et-Marne;11.0;Île-de-France;10878.1442
2022.0;65.0;Hautes-Pyrénées;76.0;Occitanie;9095.55918
2024.0;92.0;Hauts-de-Seine;11.0;Île-de-France;4695.4225
2018.0;71.0;Saône-et-Loire;27.0;Bourgogne-Franche-Comté;109927.59375
2023.0;61.0;Orne;28.0;Normandie;748.356
2020.0;8.0;Ardennes;44.0;Grand Est;1148.51821
2021.0;12.0;Aveyron;76.0;Occitanie;1905.68948
2021.0;30.0;Gard;76.0;Occitanie;4992.91207
2024.0;77.0;Seine-et-Marne;11.0;Île-de-France;47964.28024
2024.0;22.0;Côtes-d'Armor;53.0;Bretagne;1603.044
2024.0;70.0;Haute-Saône;27.0;Bourgogne-Franche-Comté;4255.998
2022.0;40.0;Landes;75.0;Nouvelle-Aquitaine;25166.67362
2019.0;12.0;Aveyron;76.0;Occitanie;25445.5228
2024.0;13.0;Bouches-du-Rhône;93.0;Provence-Alpes-Côte d'Azur;3907077.25241
2023.0;90.0;Territoire de Belfort;27.0;Bourgogne-Franche-Comté;227.271
2019.0;59.0;Nord;32.0;Hauts-de-France;319917.65067
2022.0;85.0;Vendée;52.0;Pays de la Loire;3095.66591
2022.0;60.0;Oise;32.0;Hauts-de-France;40635.18259
2023.0;25.0;Doubs;27.0;Bourgogne-Franche-Comté;3289.258
2019.0;6.0;Alpes-Maritimes;93.0;Provence-Alpes-Côte d'Azur;156256.76371
2021.0;6.0;Alpes-Maritimes;93.0;Provence-Alpes-Côte d'Azur;10290.47077
2021.0;52.0;Haute-Marne;44.0;Grand Est;6786.95854
2023.0;24.0;Dordogne;75.0;Nouvelle-Aquitaine;931.177
2024.0;60.0;Oise;32.0;Hauts-de-France;181376.13891
2021.0;13.0;Bouches-du-Rhône;93.0;Provence-Alpes-Côte d'Azur;9588.88748
2024.0;3.0;Allier;84.0;Auvergne-Rhône-Alpes;636.533
2024.0;45.0;Loiret;24.0;Centre-Val de Loire;9706.79433
2023.0;41.0;Loir-et-Cher;24.0;Centre-Val de Loire;644.275
2018.0;87.0;Haute-Vienne;75.0;Nouvelle-Aquitaine;23788.26286
2019.0;2A;Corse-du-Sud;94.0;Corse;79767.655
2021.0;25.0;Doubs;27.0;Bourgogne-Franche-Comté;5009.59497
2018.0;50.0;Manche;28.0;Normandie;43357.96178
2018.0;75.0;Paris;11.0;Île-de-France;334423.64628
2022.0;971.0;Guadeloupe;1.0;Guadeloupe;64510.256
2018.0;28.0;Eure-et-Loir;24.0;Centre-Val de Loire;173160.876
2024.0;25.0;Doubs;27.0;Bourgogne-Franche-Comté;3874.11359
2019.0;16.0;Charente;75.0;Nouvelle-Aquitaine;61721.04604
2018.0;38.0;Isère;84.0;Auvergne-Rhône-Alpes;91655.36578
2018.0;83.0;Var;93.0;Provence-Alpes-Côte d'Azur;156751.76686
2023.0;16.0;Charente;75.0;Nouvelle-Aquitaine;524.408
2022.0;28.0;Eure-et-Loir;24.0;Centre-Val de Loire;110079.44209
2020.0;21.0;Côte-d'Or;27.0;Bourgogne-Franche-Comté;10448.78786
2020.0;37.0;Indre-et-Loire;24.0;Centre-Val de Loire;3832.09018
2020.0;70.0;Haute-Saône;27.0;Bourgogne-Franche-Comté;55533.17179
2020.0;68.0;Haut-Rhin;44.0;Grand Est;244233.49225
2020.0;27.0;Eure;28.0;Normandie;13472.95406
2023.0;85.0;Vendée;52.0;Pays de la Loire;2864.166
2019.0;53.0;Mayenne;52.0;Pays de la Loire;55531.70238
2023.0;6.0;Alpes-Maritimes;93.0;Provence-Alpes-Côte d'Azur;13373.55
2022.0;23.0;Creuse;75.0;Nouvelle-Aquitaine;44.48858
2018.0;32.0;Gers;76.0;Occitanie;37105.63678
2024.0;19.0;Corrèze;75.0;Nouvelle-Aquitaine;370.159
2020.0;3.0;Allier;84.0;Auvergne-Rhône-Alpes;1997.81888
2023.0;42.0;Loire;84.0;Auvergne-Rhône-Alpes;2678.018
2020.0;31.0;Haute-Garonne;76.0;Occitanie;43081.32564
2019.0;78.0;Yvelines;11.0;Île-de-France;194789.80943
2018.0;33.0;Gironde;75.0;Nouvelle-Aquitaine;252318.66457
2021.0;41.0;Loir-et-Cher;24.0;Centre-Val de Loire;1062.38302
2023.0;52.0;Haute-Marne;44.0;Grand Est;3389.686
2024.0;78.0;Yvelines;11.0;Île-de-France;8964.89484
2019.0;58.0;Nièvre;27.0;Bourgogne-Franche-Comté;39920.57527
2020.0;22.0;Côtes-d'Armor;53.0;Bretagne;4456.57556
2022.0;59.0;Nord;32.0;Hauts-de-France;8749.32786
2022.0;58.0;Nièvre;27.0;Bourgogne-Franche-Comté;214.84502
2021.0;39.0;Jura;27.0;Bourgogne-Franche-Comté;4726.13296
2019.0;1.0;Ain;84.0;Auvergne-Rhône-Alpes;48044.96203
2020.0;26.0;Drôme;84.0;Auvergne-Rhône-Alpes;16203.87167
2019.0;2B;Haute-Corse;94.0;Corse;75803.401
2021.0;64.0;Pyrénées-Atlantiques;75.0;Nouvelle-Aquitaine;36669.30882
2021.0;56.0;Morbihan;53.0;Bretagne;6343.60456
2021.0;87.0;Haute-Vienne;75.0;Nouvelle-Aquitaine;2820.53648
2023.0;18.0;Cher;24.0;Centre-Val de Loire;521.74
2020.0;13.0;Bouches-du-Rhône;93.0;Provence-Alpes-Côte d'Azur;16110.271
2018.0;64.0;Pyrénées-Atlantiques;75.0;Nouvelle-Aquitaine;133285.78426
2018.0;35.0;Ille-et-Vilaine;53.0;Bretagne;127692.08747
2020.0;92.0;Hauts-de-Seine;11.0;Île-de-France;41390.80515
2018.0;62.0;Pas-de-Calais;32.0;Hauts-de-France;119877.27142
2018.0;89.0;Yonne;27.0;Bourgogne-Franche-Comté;38073.68065
2020.0;83.0;Var;93.0;Provence-Alpes-Côte d'Azur;11313.52821
2020.0;9.0;Ariège;76.0;Occitanie;1873.12326
2022.0;45.0;Loiret;24.0;Centre-Val de Loire;1224.60273
2023.0;21.0;Côte-d'Or;27.0;Bourgogne-Franche-Comté;1265.208
2019.0;41.0;Loir-et-Cher;24.0;Centre-Val de Loire;40293.25404
2018.0;37.0;Indre-et-Loire;24.0;Centre-Val de Loire;86084.31041
2018.0;74.0;Haute-Savoie;84.0;Auvergne-Rhône-Alpes;88180.67168
2024.0;47.0;Lot-et-Garonne;75.0;Nouvelle-Aquitaine;510.879
2019.0;45.0;Loiret;24.0;Centre-Val de Loire;100030.34898
2021.0;19.0;Corrèze;75.0;Nouvelle-Aquitaine;862.71351
2020.0;85.0;Vendée;52.0;Pays de la Loire;10922.02551
2023.0;15.0;Cantal;84.0;Auvergne-Rhône-Alpes;473.933
2020.0;34.0;Hérault;76.0;Occitanie;17182.11442
2024.0;8.0;Ardennes;44.0;Grand Est;7498.28483
2021.0;31.0;Haute-Garonne;76.0;Occitanie;23060.51537
2019.0;36.0;Indre;24.0;Centre-Val de Loire;21856.8606
2019.0;76.0;Seine-Maritime;28.0;Normandie;244195.54141
2024.0;86.0;Vienne;75.0;Nouvelle-Aquitaine;29924.007
2018.0;72.0;Sarthe;52.0;Pays de la Loire;56306.48545
2024.0;43.0;Haute-Loire;84.0;Auvergne-Rhône-Alpes;431.135
2021.0;57.0;Moselle;44.0;Grand Est;450588.29416
2023.0;46.0;Lot;76.0;Occitanie;674.876
2020.0;30.0;Gard;76.0;Occitanie;7747.10978
2020.0;19.0;Corrèze;75.0;Nouvelle-Aquitaine;1173.03317
2022.0;973.0;Guyane;3.0;Guyane;40826.965
2020.0;973.0;Guyane;3.0;Guyane;63043.95
2019.0;63.0;Puy-de-Dôme;84.0;Auvergne-Rhône-Alpes;53518.00982
2023.0;36.0;Indre;24.0;Centre-Val de Loire;502.566
2018.0;21.0;Côte-d'Or;27.0;Bourgogne-Franche-Comté;104062.63629
2023.0;43.0;Haute-Loire;84.0;Auvergne-Rhône-Alpes;690.866
2021.0;90.0;Territoire de Belfort;27.0;Bourgogne-Franche-Comté;1137.82263
2021.0;95.0;Val-d'Oise;11.0;Île-de-France;10267.79694
2019.0;974.0;La Réunion;4.0;La Réunion;74661.309
2018.0;60.0;Oise;32.0;Hauts-de-France;87805.21728
2021.0;70.0;Haute-Saône;27.0;Bourgogne-Franche-Comté;19305.98829
2023.0;19.0;Corrèze;75.0;Nouvelle-Aquitaine;442.41
2019.0;67.0;Bas-Rhin;44.0;Grand Est;502127.02385
2024.0;21.0;Côte-d'Or;27.0;Bourgogne-Franche-Comté;1334.788
2018.0;24.0;Dordogne;75.0;Nouvelle-Aquitaine;85573.47329
2021.0;2.0;Aisne;32.0;Hauts-de-France;25005.21897
2018.0;54.0;Meurthe-et-Moselle;44.0;Grand Est;62569.24045
2020.0;972.0;Martinique;2.0;Martinique;133945.443
2022.0;37.0;Indre-et-Loire;24.0;Centre-Val de Loire;1088.24642
2024.0;973.0;Guyane;3.0;Guyane;37458.243
2021.0;1.0;Ain;84.0;Auvergne-Rhône-Alpes;8780.31156
2020.0;48.0;Lozère;76.0;Occitanie;533.1738
2018.0;1.0;Ain;84.0;Auvergne-Rhône-Alpes;72085.04167
2020.0;51.0;Marne;44.0;Grand Est;3355.61399
2018.0;23.0;Creuse;75.0;Nouvelle-Aquitaine;29838.92435
2019.0;27.0;Eure;28.0;Normandie;50289.03102
2024.0;32.0;Gers;76.0;Occitanie;333.552
2020.0;80.0;Somme;32.0;Hauts-de-France;86885.08598
2019.0;18.0;Cher;24.0;Centre-Val de Loire;24467.51246
2020.0;7.0;Ardèche;84.0;Auvergne-Rhône-Alpes;8045.65692
2023.0;12.0;Aveyron;76.0;Occitanie;589.435
2023.0;60.0;Oise;32.0;Hauts-de-France;34792.292
2023.0;72.0;Sarthe;52.0;Pays de la Loire;384.963
2022.0;47.0;Lot-et-Garonne;75.0;Nouvelle-Aquitaine;770.13667
2023.0;58.0;Nièvre;27.0;Bourgogne-Franche-Comté;232.594
2019.0;43.0;Haute-Loire;84.0;Auvergne-Rhône-Alpes;36027.755
2021.0;34.0;Hérault;76.0;Occitanie;40257.03961
2024.0;79.0;Deux-Sèvres;75.0;Nouvelle-Aquitaine;57169.31438
2023.0;13.0;Bouches-du-Rhône;93.0;Provence-Alpes-Côte d'Azur;4334.76
2020.0;29.0;Finistère;53.0;Bretagne;6951.01253
2021.0;76.0;Seine-Maritime;28.0;Normandie;39822.76052
2020.0;12.0;Aveyron;76.0;Occitanie;3167.29847
2020.0;46.0;Lot;76.0;Occitanie;1996.247
2020.0;23.0;Creuse;75.0;Nouvelle-Aquitaine;8098.75476
2021.0;86.0;Vienne;75.0;Nouvelle-Aquitaine;113718.50914
2018.0;13.0;Bouches-du-Rhône;93.0;Provence-Alpes-Côte d'Azur;230958.03809
2021.0;49.0;Maine-et-Loire;52.0;Pays de la Loire;4226.91169
2019.0;7.0;Ardèche;84.0;Auvergne-Rhône-Alpes;33986.2309
2023.0;83.0;Var;93.0;Provence-Alpes-Côte d'Azur;5373.855
2020.0;33.0;Gironde;75.0;Nouvelle-Aquitaine;53679.32452
2022.0;2B;Haute-Corse;94.0;Corse;29789.59
2024.0;81.0;Tarn;76.0;Occitanie;20246.894
2024.0;56.0;Morbihan;53.0;Bretagne;2987.133
2018.0;10.0;Aube;44.0;Grand Est;21549.23289
2024.0;16.0;Charente;75.0;Nouvelle-Aquitaine;804.09275
2024.0;34.0;Hérault;76.0;Occitanie;50217.62317
2019.0;24.0;Dordogne;75.0;Nouvelle-Aquitaine;75995.6445
2018.0;58.0;Nièvre;27.0;Bourgogne-Franche-Comté;43088.53953
2024.0;49.0;Maine-et-Loire;52.0;Pays de la Loire;156359.60717
2022.0;19.0;Corrèze;75.0;Nouvelle-Aquitaine;394.90924
2023.0;57.0;Moselle;44.0;Grand Est;247797.576
2021.0;972.0;Martinique;2.0;Martinique;133062.466
2022.0;78.0;Yvelines;11.0;Île-de-France;41070.69172
2022.0;8.0;Ardennes;44.0;Grand Est;240.48523
2022.0;69.0;Rhône;84.0;Auvergne-Rhône-Alpes;10751.64983
2021.0;65.0;Hautes-Pyrénées;76.0;Occitanie;91952.70565
2023.0;67.0;Bas-Rhin;44.0;Grand Est;80056.172
2022.0;55.0;Meuse;44.0;Grand Est;261.0068
2022.0;68.0;Haut-Rhin;44.0;Grand Est;204684.52077
2022.0;972.0;Martinique;2.0;Martinique;77874.672
2021.0;88.0;Vosges;44.0;Grand Est;4873.07311
2018.0;82.0;Tarn-et-Garonne;76.0;Occitanie;43653.45248
2020.0;24.0;Dordogne;75.0;Nouvelle-Aquitaine;7820.89346
2024.0;974.0;La Réunion;4.0;La Réunion;28028.673
2024.0;80.0;Somme;32.0;Hauts-de-France;41589.116
2022.0;50.0;Manche;28.0;Normandie;1135.39267
2023.0;81.0;Tarn;76.0;Occitanie;16980.488
2021.0;69.0;Rhône;84.0;Auvergne-Rhône-Alpes;28571.88571
2018.0;69.0;Rhône;84.0;Auvergne-Rhône-Alpes;244973.83903
2020.0;64.0;Pyrénées-Atlantiques;75.0;Nouvelle-Aquitaine;41451.33445
2023.0;45.0;Loiret;24.0;Centre-Val de Loire;1118.084
2022.0;80.0;Somme;32.0;Hauts-de-France;46197.41221
2019.0;73.0;Savoie;84.0;Auvergne-Rhône-Alpes;81103.29287
2020.0;17.0;Charente-Maritime;75.0;Nouvelle-Aquitaine;5177.9898
2021.0;91.0;Essonne;11.0;Île-de-France;16974.96223
2024.0;41.0;Loir-et-Cher;24.0;Centre-Val de Loire;11676.55558
2023.0;48.0;Lozère;76.0;Occitanie;115.956
2018.0;972.0;Martinique;2.0;Martinique;66561.151
2020.0;6.0;Alpes-Maritimes;93.0;Provence-Alpes-Côte d'Azur;13758.88516
2023.0;82.0;Tarn-et-Garonne;76.0;Occitanie;767.58
2024.0;12.0;Aveyron;76.0;Occitanie;945.55083
2018.0;95.0;Val-d'Oise;11.0;Île-de-France;152943.70519
2020.0;11.0;Aude;76.0;Occitanie;10155.11858
2023.0;3.0;Allier;84.0;Auvergne-Rhône-Alpes;632.233
2020.0;45.0;Loiret;24.0;Centre-Val de Loire;5435.65615
2021.0;84.0;Vaucluse;93.0;Provence-Alpes-Côte d'Azur;4334.70365
2019.0;57.0;Moselle;44.0;Grand Est;217261.84923
2023.0;63.0;Puy-de-Dôme;84.0;Auvergne-Rhône-Alpes;1584.26
2021.0;67.0;Bas-Rhin;44.0;Grand Est;344810.91135
2018.0;88.0;Vosges;44.0;Grand Est;31923.11903
2022.0;16.0;Charente;75.0;Nouvelle-Aquitaine;389.36829
2019.0;54.0;Meurthe-et-Moselle;44.0;Grand Est;51697.92229
2019.0;80.0;Somme;32.0;Hauts-de-France;91621.74527
2024.0;2.0;Aisne;32.0;Hauts-de-France;29331.558
2018.0;44.0;Loire-Atlantique;52.0;Pays de la Loire;211137.29238
2022.0;2A;Corse-du-Sud;94.0;Corse;36433.804
2024.0;18.0;Cher;24.0;Centre-Val de Loire;4805.72991
2018.0;73.0;Savoie;84.0;Auvergne-Rhône-Alpes;96336.573
2023.0;64.0;Pyrénées-Atlantiques;75.0;Nouvelle-Aquitaine;4293.02
2021.0;94.0;Val-de-Marne;11.0;Île-de-France;37267.78271
2019.0;66.0;Pyrénées-Orientales;76.0;Occitanie;31910.17412
2020.0;1.0;Ain;84.0;Auvergne-Rhône-Alpes;16279.84803
2022.0;54.0;Meurthe-et-Moselle;44.0;Grand Est;856.97684
2020.0;78.0;Yvelines;11.0;Île-de-France;62331.42457
2023.0;9.0;Ariège;76.0;Occitanie;1185.439
2019.0;11.0;Aude;76.0;Occitanie;25687.98759
2023.0;70.0;Haute-Saône;27.0;Bourgogne-Franche-Comté;14140.868
2022.0;67.0;Bas-Rhin;44.0;Grand Est;275813.56724
2021.0;89.0;Yonne;27.0;Bourgogne-Franche-Comté;898.39388
2022.0;38.0;Isère;84.0;Auvergne-Rhône-Alpes;85667.26613
2020.0;62.0;Pas-de-Calais;32.0;Hauts-de-France;10516.63101
2018.0;8.0;Ardennes;44.0;Grand Est;20711.58202
2022.0;29.0;Finistère;53.0;Bretagne;2037.00399
2020.0;88.0;Vosges;44.0;Grand Est;3275.09969
2021.0;17.0;Charente-Maritime;75.0;Nouvelle-Aquitaine;4015.2809
2021.0;55.0;Meuse;44.0;Grand Est;679.05314
2022.0;10.0;Aube;44.0;Grand Est;2254.97356
2022.0;53.0;Mayenne;52.0;Pays de la Loire;641.19784
2019.0;77.0;Seine-et-Marne;11.0;Île-de-France;139429.23638
2019.0;5.0;Hautes-Alpes;93.0;Provence-Alpes-Côte d'Azur;55590.23977
2024.0;90.0;Territoire de Belfort;27.0;Bourgogne-Franche-Comté;369.325
2019.0;39.0;Jura;27.0;Bourgogne-Franche-Comté;41789.41806
2019.0;8.0;Ardennes;44.0;Grand Est;33644.83028
2021.0;66.0;Pyrénées-Orientales;76.0;Occitanie;4601.84569
2018.0;5.0;Hautes-Alpes;93.0;Provence-Alpes-Côte d'Azur;58924.46793
2018.0;76.0;Seine-Maritime;28.0;Normandie;191828.88249
2018.0;976.0;Mayotte;6.0;Mayotte;40710.247
2023.0;88.0;Vosges;44.0;Grand Est;4271.131
2018.0;78.0;Yvelines;11.0;Île-de-France;217859.42732
2018.0;94.0;Val-de-Marne;11.0;Île-de-France;190168.1734
2024.0;87.0;Haute-Vienne;75.0;Nouvelle-Aquitaine;116546.49781
2019.0;972.0;Martinique;2.0;Martinique;141038.914
2019.0;30.0;Gard;76.0;Occitanie;57755.69738
2023.0;95.0;Val-d'Oise;11.0;Île-de-France;2087.428
2023.0;14.0;Calvados;28.0;Normandie;1416.064
2020.0;36.0;Indre;24.0;Centre-Val de Loire;2395.44423
2018.0;19.0;Corrèze;75.0;Nouvelle-Aquitaine;26885.02019
2020.0;75.0;Paris;11.0;Île-de-France;43520.46925
2021.0;976.0;Mayotte;6.0;Mayotte;49271.798
2020.0;84.0;Vaucluse;93.0;Provence-Alpes-Côte d'Azur;6907.31649
2019.0;70.0;Haute-Saône;27.0;Bourgogne-Franche-Comté;69264.87028
2024.0;30.0;Gard;76.0;Occitanie;1253.85775
2023.0;79.0;Deux-Sèvres;75.0;Nouvelle-Aquitaine;64739.967
2023.0;94.0;Val-de-Marne;11.0;Île-de-France;24332.644
2024.0;72.0;Sarthe;52.0;Pays de la Loire;120392.55133
2019.0;64.0;Pyrénées-Atlantiques;75.0;Nouvelle-Aquitaine;119575.58735
2018.0;90.0;Territoire de Belfort;27.0;Bourgogne-Franche-Comté;15154.42121
2020.0;4.0;Alpes-de-Haute-Provence;93.0;Provence-Alpes-Côte d'Azur;1451.97691
2024.0;95.0;Val-d'Oise;11.0;Île-de-France;2569.75483
2020.0;25.0;Doubs;27.0;Bourgogne-Franche-Comté;17998.21598
2021.0;22.0;Côtes-d'Armor;53.0;Bretagne;3301.46452
2018.0;30.0;Gard;76.0;Occitanie;75129.55598
2018.0;51.0;Marne;44.0;Grand Est;85766.49777
2021.0;59.0;Nord;32.0;Hauts-de-France;17339.55989
2018.0;26.0;Drôme;84.0;Auvergne-Rhône-Alpes;61415.3799
2020.0;86.0;Vienne;75.0;Nouvelle-Aquitaine;109020.49127
2024.0;91.0;Essonne;11.0;Île-de-France;10815.39458
2020.0;18.0;Cher;24.0;Centre-Val de Loire;5252.4119
2018.0;16.0;Charente;75.0;Nouvelle-Aquitaine;39119.48425
2021.0;44.0;Loire-Atlantique;52.0;Pays de la Loire;8577.24667
2021.0;78.0;Yvelines;11.0;Île-de-France;24471.12606
2024.0;65.0;Hautes-Pyrénées;76.0;Occitanie;1599.408
2021.0;33.0;Gironde;75.0;Nouvelle-Aquitaine;169398.46957
2021.0;50.0;Manche;28.0;Normandie;19930.65879
2023.0;5.0;Hautes-Alpes;93.0;Provence-Alpes-Côte d'Azur;8237.705
2024.0;10.0;Aube;44.0;Grand Est;6123.05775
2019.0;87.0;Haute-Vienne;75.0;Nouvelle-Aquitaine;20006.99744
2023.0;1.0;Ain;84.0;Auvergne-Rhône-Alpes;5767.8
2023.0;2.0;Aisne;32.0;Hauts-de-France;51087.25
2021.0;51.0;Marne;44.0;Grand Est;2134.84809
2022.0;25.0;Doubs;27.0;Bourgogne-Franche-Comté;3225.53718
2022.0;91.0;Essonne;11.0;Île-de-France;82278.17862
2021.0;54.0;Meurthe-et-Moselle;44.0;Grand Est;2853.97059
2024.0;67.0;Bas-Rhin;44.0;Grand Est;343172.44841
2019.0;48.0;Lozère;76.0;Occitanie;7693.11722
2022.0;976.0;Mayotte;6.0;Mayotte;55813.995
