Année;Code département;Libellé département;Code région;Libellé région;Consommation gaz résidentiel (MWh)
2012.0;9.0;Ariège;76.0;Occitanie;0.0
2012.0;10.0;Aube;44.0;Grand Est;1288214.0
2012.0;38.0;Isère;84.0;Auvergne-Rhône-Alpes;2331149.0
2012.0;84.0;Vaucluse;93.0;Provence-Alpes-Côte d'Azur;999711.0
2012.0;88.0;Vosges;44.0;Grand Est;1247719.0
2013.0;36.0;Indre;24.0;Centre-Val de Loire;654067.0
2013.0;68.0;Haut-Rhin;44.0;Grand Est;2590354.44
2014.0;11.0;Aude;76.0;Occitanie;553323.0
2014.0;21.0;Côte-d'Or;27.0;Bourgogne-Franche-Comté;1973453.0
2014.0;29.0;Finistère;53.0;Bretagne;1477372.0
2014.0;36.0;Indre;24.0;Centre-Val de Loire;525183.0
2015.0;29.0;Finistère;53.0;Bretagne;1476621.0
2015.0;2B;Haute-Corse;94.0;Corse;0.0
2015.0;75.0;Paris;11.0;Île-de-France;7442058.0
2016.0;3.0;Allier;84.0;Auvergne-Rhône-Alpes;1316970.0
2016.0;42.0;Loire;84.0;Auvergne-Rhône-Alpes;2842829.0
2016.0;57.0;Moselle;44.0;Grand Est;5220223.0
2016.0;72.0;Sarthe;52.0;Pays de la Loire;1555964.0
2016.0;973.0;Guyane;3.0;Guyane;0.0
2017.0;3.0;Allier;84.0;Auvergne-Rhône-Alpes;1246005.0
2017.0;4.0;Alpes-de-Haute-Provence;93.0;Provence-Alpes-Côte d'Azur;142594.0
2017.0;8.0;Ardennes;44.0;Grand Est;1106526.0
2017.0;11.0;Aude;76.0;Occitanie;515852.0
2017.0;18.0;Cher;24.0;Centre-Val de Loire;921946.0
2017.0;41.0;Loir-et-Cher;24.0;Centre-Val de Loire;849918.0
2017.0;46.0;Lot;76.0;Occitanie;175299.0
2017.0;48.0;Lozère;76.0;Occitanie;0.0
2017.0;49.0;Maine-et-Loire;52.0;Pays de la Loire;1720047.41
2012.0;35.0;Ille-et-Vilaine;53.0;Bretagne;2405366.0
2012.0;45.0;Loiret;24.0;Centre-Val de Loire;2106608.0
2012.0;47.0;Lot-et-Garonne;75.0;Nouvelle-Aquitaine;785169.0
2012.0;971.0;Guadeloupe;1.0;Guadeloupe;0.0
2013.0;6.0;Alpes-Maritimes;93.0;Provence-Alpes-Côte d'Azur;0.0
2013.0;8.0;Ardennes;44.0;Grand Est;0.0
2013.0;33.0;Gironde;75.0;Nouvelle-Aquitaine;3083396.75
2013.0;50.0;Manche;28.0;Normandie;1115745.0
2013.0;52.0;Haute-Marne;44.0;Grand Est;549877.0
2013.0;59.0;Nord;32.0;Hauts-de-France;13398464.0
2013.0;83.0;Var;93.0;Provence-Alpes-Côte d'Azur;1382903.0
2014.0;28.0;Eure-et-Loir;24.0;Centre-Val de Loire;968802.0
2014.0;56.0;Morbihan;53.0;Bretagne;1299487.0
2015.0;2.0;Aisne;32.0;Hauts-de-France;1597424.0
2015.0;28.0;Eure-et-Loir;24.0;Centre-Val de Loire;1195843.93
2015.0;38.0;Isère;84.0;Auvergne-Rhône-Alpes;2406902.0
2015.0;64.0;Pyrénées-Atlantiques;75.0;Nouvelle-Aquitaine;1902335.0
2015.0;974.0;La Réunion;4.0;La Réunion;0.0
2016.0;4.0;Alpes-de-Haute-Provence;93.0;Provence-Alpes-Côte d'Azur;137162.0
2016.0;43.0;Haute-Loire;84.0;Auvergne-Rhône-Alpes;504037.0
2016.0;47.0;Lot-et-Garonne;75.0;Nouvelle-Aquitaine;694373.0
2016.0;55.0;Meuse;44.0;Grand Est;537537.0
2016.0;61.0;Orne;28.0;Normandie;531108.0
2017.0;1.0;Ain;84.0;Auvergne-Rhône-Alpes;1600237.0
2017.0;14.0;Calvados;28.0;Normandie;1826916.0
2017.0;29.0;Finistère;53.0;Bretagne;1589385.0
2017.0;51.0;Marne;44.0;Grand Est;1967578.0
2017.0;68.0;Haut-Rhin;44.0;Grand Est;2775314.01
2012.0;86.0;Vienne;75.0;Nouvelle-Aquitaine;828099.0
2013.0;65.0;Hautes-Pyrénées;76.0;Occitanie;802463.0
2013.0;974.0;La Réunion;4.0;La Réunion;0.0
2014.0;31.0;Haute-Garonne;76.0;Occitanie;3345713.0
2015.0;89.0;Yonne;27.0;Bourgogne-Franche-Comté;1019484.0
2016.0;36.0;Indre;24.0;Centre-Val de Loire;618393.5
2017.0;25.0;Doubs;27.0;Bourgogne-Franche-Comté;1511425.0
2017.0;39.0;Jura;27.0;Bourgogne-Franche-Comté;629430.0
2017.0;78.0;Yvelines;11.0;Île-de-France;5617169.0
2012.0;7.0;Ardèche;84.0;Auvergne-Rhône-Alpes;0.0
2012.0;51.0;Marne;44.0;Grand Est;2203377.0
2012.0;63.0;Puy-de-Dôme;84.0;Auvergne-Rhône-Alpes;2247964.0
2013.0;49.0;Maine-et-Loire;52.0;Pays de la Loire;1955547.0
2014.0;17.0;Charente-Maritime;75.0;Nouvelle-Aquitaine;1002129.0
2014.0;37.0;Indre-et-Loire;24.0;Centre-Val de Loire;1488400.0
2014.0;67.0;Bas-Rhin;44.0;Grand Est;2549467.0
2015.0;19.0;Corrèze;75.0;Nouvelle-Aquitaine;535405.0
2015.0;43.0;Haute-Loire;84.0;Auvergne-Rhône-Alpes;475502.0
2013.0;28.0;Eure-et-Loir;24.0;Centre-Val de Loire;1190197.0
2013.0;53.0;Mayenne;52.0;Pays de la Loire;635729.0
2013.0;87.0;Haute-Vienne;75.0;Nouvelle-Aquitaine;1264471.0
2014.0;49.0;Maine-et-Loire;52.0;Pays de la Loire;1579670.0
2014.0;973.0;Guyane;3.0;Guyane;0.0
2015.0;4.0;Alpes-de-Haute-Provence;93.0;Provence-Alpes-Côte d'Azur;132653.0
2015.0;27.0;Eure;28.0;Normandie;1265154.0
2015.0;79.0;Deux-Sèvres;75.0;Nouvelle-Aquitaine;599206.0
2015.0;80.0;Somme;32.0;Hauts-de-France;1527735.0
2016.0;24.0;Dordogne;75.0;Nouvelle-Aquitaine;833425.0
2016.0;64.0;Pyrénées-Atlantiques;75.0;Nouvelle-Aquitaine;1936089.0
2016.0;73.0;Savoie;84.0;Auvergne-Rhône-Alpes;944861.0
2016.0;86.0;Vienne;75.0;Nouvelle-Aquitaine;922627.13
2016.0;93.0;Seine-Saint-Denis;11.0;Île-de-France;5542137.0
2017.0;21.0;Côte-d'Or;27.0;Bourgogne-Franche-Comté;2026603.0
2017.0;2B;Haute-Corse;94.0;Corse;0.0
2017.0;50.0;Manche;28.0;Normandie;840555.0
2017.0;73.0;Savoie;84.0;Auvergne-Rhône-Alpes;950873.0
2012.0;39.0;Jura;27.0;Bourgogne-Franche-Comté;635479.0
2012.0;59.0;Nord;32.0;Hauts-de-France;12841257.0
2012.0;93.0;Seine-Saint-Denis;11.0;Île-de-France;5561668.0
2013.0;13.0;Bouches-du-Rhône;93.0;Provence-Alpes-Côte d'Azur;3888644.0
2013.0;58.0;Nièvre;27.0;Bourgogne-Franche-Comté;702469.0
2013.0;89.0;Yonne;27.0;Bourgogne-Franche-Comté;1194648.0
2013.0;972.0;Martinique;2.0;Martinique;0.0
2014.0;58.0;Nièvre;27.0;Bourgogne-Franche-Comté;564444.0
2014.0;72.0;Sarthe;52.0;Pays de la Loire;1352685.0
2014.0;84.0;Vaucluse;93.0;Provence-Alpes-Côte d'Azur;806029.0
2014.0;974.0;La Réunion;4.0;La Réunion;0.0
2015.0;37.0;Indre-et-Loire;24.0;Centre-Val de Loire;1590743.8
2015.0;58.0;Nièvre;27.0;Bourgogne-Franche-Comté;605760.0
2015.0;971.0;Guadeloupe;1.0;Guadeloupe;0.0
2016.0;8.0;Ardennes;44.0;Grand Est;1146912.0
2016.0;11.0;Aude;76.0;Occitanie;507776.0
2016.0;13.0;Bouches-du-Rhône;93.0;Provence-Alpes-Côte d'Azur;3323604.0
2016.0;17.0;Charente-Maritime;75.0;Nouvelle-Aquitaine;1105488.0
2016.0;50.0;Manche;28.0;Normandie;894498.0
2016.0;58.0;Nièvre;27.0;Bourgogne-Franche-Comté;647823.0
2016.0;71.0;Saône-et-Loire;27.0;Bourgogne-Franche-Comté;2269833.0
2017.0;5.0;Hautes-Alpes;93.0;Provence-Alpes-Côte d'Azur;152728.0
2017.0;9.0;Ariège;76.0;Occitanie;347062.0
2017.0;23.0;Creuse;75.0;Nouvelle-Aquitaine;192149.0
2017.0;34.0;Hérault;76.0;Occitanie;1917308.0
2017.0;61.0;Orne;28.0;Normandie;498667.0
2017.0;77.0;Seine-et-Marne;11.0;Île-de-France;4811652.0
2017.0;95.0;Val-d'Oise;11.0;Île-de-France;4166211.0
2013.0;41.0;Loir-et-Cher;24.0;Centre-Val de Loire;982706.0
2014.0;63.0;Puy-de-Dôme;84.0;Auvergne-Rhône-Alpes;1902330.0
2014.0;79.0;Deux-Sèvres;75.0;Nouvelle-Aquitaine;565423.0
2014.0;85.0;Vendée;52.0;Pays de la Loire;873166.0
2015.0;6.0;Alpes-Maritimes;93.0;Provence-Alpes-Côte d'Azur;2446678.0
2015.0;36.0;Indre;24.0;Centre-Val de Loire;567387.11
2015.0;41.0;Loir-et-Cher;24.0;Centre-Val de Loire;819113.0
2015.0;94.0;Val-de-Marne;11.0;Île-de-France;4376345.0
2016.0;41.0;Loir-et-Cher;24.0;Centre-Val de Loire;909001.0
2016.0;65.0;Hautes-Pyrénées;76.0;Occitanie;717220.0
2016.0;81.0;Tarn;76.0;Occitanie;800025.0
2017.0;973.0;Guyane;3.0;Guyane;0.0
2012.0;4.0;Alpes-de-Haute-Provence;93.0;Provence-Alpes-Côte d'Azur;0.0
2012.0;34.0;Hérault;76.0;Occitanie;2131885.0
2012.0;46.0;Lot;76.0;Occitanie;186373.0
2012.0;49.0;Maine-et-Loire;52.0;Pays de la Loire;1889311.0
2013.0;4.0;Alpes-de-Haute-Provence;93.0;Provence-Alpes-Côte d'Azur;0.0
2013.0;46.0;Lot;76.0;Occitanie;190766.0
2013.0;56.0;Morbihan;53.0;Bretagne;1520395.0
2013.0;67.0;Bas-Rhin;44.0;Grand Est;3234043.0
2013.0;88.0;Vosges;44.0;Grand Est;1276844.0
2013.0;93.0;Seine-Saint-Denis;11.0;Île-de-France;5850420.0
2014.0;2.0;Aisne;32.0;Hauts-de-France;0.0
2014.0;23.0;Creuse;75.0;Nouvelle-Aquitaine;232028.0
2014.0;2A;Corse-du-Sud;94.0;Corse;0.0
2014.0;68.0;Haut-Rhin;44.0;Grand Est;2092964.3699999999
2014.0;89.0;Yonne;27.0;Bourgogne-Franche-Comté;948434.0
2015.0;62.0;Pas-de-Calais;32.0;Hauts-de-France;5366667.0
2015.0;65.0;Hautes-Pyrénées;76.0;Occitanie;704962.0
2015.0;76.0;Seine-Maritime;28.0;Normandie;3576186.0
2015.0;92.0;Hauts-de-Seine;11.0;Île-de-France;5598279.0
2016.0;22.0;Côtes-d'Armor;53.0;Bretagne;966497.0
2016.0;23.0;Creuse;75.0;Nouvelle-Aquitaine;206288.0
2016.0;68.0;Haut-Rhin;44.0;Grand Est;2810430.67
2016.0;95.0;Val-d'Oise;11.0;Île-de-France;4557401.0
2017.0;2A;Corse-du-Sud;94.0;Corse;0.0
2017.0;65.0;Hautes-Pyrénées;76.0;Occitanie;707480.0
2017.0;85.0;Vendée;52.0;Pays de la Loire;982724.03
2012.0;3.0;Allier;84.0;Auvergne-Rhône-Alpes;0.0
2012.0;15.0;Cantal;84.0;Auvergne-Rhône-Alpes;214255.0
2012.0;17.0;Charente-Maritime;75.0;Nouvelle-Aquitaine;1217960.0
2012.0;25.0;Doubs;27.0;Bourgogne-Franche-Comté;1580382.0
2012.0;73.0;Savoie;84.0;Auvergne-Rhône-Alpes;1054686.0
2012.0;92.0;Hauts-de-Seine;11.0;Île-de-France;6183566.0
2013.0;25.0;Doubs;27.0;Bourgogne-Franche-Comté;1686974.0
2013.0;2B;Haute-Corse;94.0;Corse;0.0
2013.0;71.0;Saône-et-Loire;27.0;Bourgogne-Franche-Comté;2524589.0
2013.0;72.0;Sarthe;52.0;Pays de la Loire;1666705.0
2013.0;92.0;Hauts-de-Seine;11.0;Île-de-France;6543489.0
2014.0;5.0;Hautes-Alpes;93.0;Provence-Alpes-Côte d'Azur;0.0
2014.0;15.0;Cantal;84.0;Auvergne-Rhône-Alpes;188447.0
2014.0;30.0;Gard;76.0;Occitanie;1239590.0
2014.0;35.0;Ille-et-Vilaine;53.0;Bretagne;2137003.0
2014.0;43.0;Haute-Loire;84.0;Auvergne-Rhône-Alpes;447021.0
2014.0;65.0;Hautes-Pyrénées;76.0;Occitanie;663892.0
2015.0;1.0;Ain;84.0;Auvergne-Rhône-Alpes;1494220.0
2015.0;45.0;Loiret;24.0;Centre-Val de Loire;1898889.0
2015.0;59.0;Nord;32.0;Hauts-de-France;11219633.0
2015.0;78.0;Yvelines;11.0;Île-de-France;5486053.0
2015.0;86.0;Vienne;75.0;Nouvelle-Aquitaine;838356.79
2016.0;26.0;Drôme;84.0;Auvergne-Rhône-Alpes;1107463.0
2016.0;51.0;Marne;44.0;Grand Est;2054750.0
2016.0;79.0;Deux-Sèvres;75.0;Nouvelle-Aquitaine;638681.0
2017.0;31.0;Haute-Garonne;76.0;Occitanie;3482997.0
2017.0;40.0;Landes;75.0;Nouvelle-Aquitaine;578159.0
2017.0;64.0;Pyrénées-Atlantiques;75.0;Nouvelle-Aquitaine;1986708.0
2012.0;62.0;Pas-de-Calais;32.0;Hauts-de-France;6130337.0
2012.0;76.0;Seine-Maritime;28.0;Normandie;4174317.0
2012.0;87.0;Haute-Vienne;75.0;Nouvelle-Aquitaine;1219344.0
2013.0;1.0;Ain;84.0;Auvergne-Rhône-Alpes;0.0
2013.0;54.0;Meurthe-et-Moselle;44.0;Grand Est;3727513.0
2013.0;66.0;Pyrénées-Orientales;76.0;Occitanie;602666.0
2013.0;971.0;Guadeloupe;1.0;Guadeloupe;0.0
2015.0;82.0;Tarn-et-Garonne;76.0;Occitanie;333965.0
2016.0;9.0;Ariège;76.0;Occitanie;343631.0
2016.0;28.0;Eure-et-Loir;24.0;Centre-Val de Loire;1288252.1
2016.0;2B;Haute-Corse;94.0;Corse;0.0
2016.0;62.0;Pas-de-Calais;32.0;Hauts-de-France;5714455.0
2016.0;67.0;Bas-Rhin;44.0;Grand Est;3108362.0
2016.0;76.0;Seine-Maritime;28.0;Normandie;3888470.0
2016.0;78.0;Yvelines;11.0;Île-de-France;5969917.0
2017.0;53.0;Mayenne;52.0;Pays de la Loire;567786.0
2017.0;87.0;Haute-Vienne;75.0;Nouvelle-Aquitaine;1121831.0
2017.0;90.0;Territoire de Belfort;27.0;Bourgogne-Franche-Comté;598369.0
2017.0;972.0;Martinique;2.0;Martinique;0.0
2012.0;16.0;Charente;75.0;Nouvelle-Aquitaine;1076737.0
2012.0;26.0;Drôme;84.0;Auvergne-Rhône-Alpes;1158783.0
2012.0;30.0;Gard;76.0;Occitanie;1495061.0
2012.0;41.0;Loir-et-Cher;24.0;Centre-Val de Loire;946544.0
2012.0;48.0;Lozère;76.0;Occitanie;0.0
2012.0;66.0;Pyrénées-Orientales;76.0;Occitanie;596847.0
2012.0;80.0;Somme;32.0;Hauts-de-France;1803488.0
2012.0;91.0;Essonne;11.0;Île-de-France;4832853.0
2013.0;24.0;Dordogne;75.0;Nouvelle-Aquitaine;1094442.0
2013.0;27.0;Eure;28.0;Normandie;1785300.0
2013.0;45.0;Loiret;24.0;Centre-Val de Loire;2211173.0
2013.0;90.0;Territoire de Belfort;27.0;Bourgogne-Franche-Comté;644020.0
2014.0;2B;Haute-Corse;94.0;Corse;0.0
2014.0;71.0;Saône-et-Loire;27.0;Bourgogne-Franche-Comté;1996857.0
2014.0;80.0;Somme;32.0;Hauts-de-France;1519075.0
2014.0;94.0;Val-de-Marne;11.0;Île-de-France;4150605.0
2015.0;21.0;Côte-d'Or;27.0;Bourgogne-Franche-Comté;1964387.0
2015.0;46.0;Lot;76.0;Occitanie;165691.0
2015.0;972.0;Martinique;2.0;Martinique;0.0
2016.0;14.0;Calvados;28.0;Normandie;1947381.0
2016.0;39.0;Jura;27.0;Bourgogne-Franche-Comté;656304.0
2016.0;69.0;Rhône;84.0;Auvergne-Rhône-Alpes;6259087.0
2016.0;976.0;Mayotte;6.0;Mayotte;0.0
2017.0;36.0;Indre;24.0;Centre-Val de Loire;595575.87
2017.0;38.0;Isère;84.0;Auvergne-Rhône-Alpes;2546058.0
2017.0;84.0;Vaucluse;93.0;Provence-Alpes-Côte d'Azur;792879.0
2012.0;56.0;Morbihan;53.0;Bretagne;1451062.0
2012.0;61.0;Orne;28.0;Normandie;758954.0
2012.0;65.0;Hautes-Pyrénées;76.0;Occitanie;796782.0
2012.0;85.0;Vendée;52.0;Pays de la Loire;1011862.0
2013.0;12.0;Aveyron;76.0;Occitanie;640476.0
2017.0;81.0;Tarn;76.0;Occitanie;709860.0
2012.0;78.0;Yvelines;11.0;Île-de-France;6024787.0
2012.0;79.0;Deux-Sèvres;75.0;Nouvelle-Aquitaine;680086.0
2012.0;95.0;Val-d'Oise;11.0;Île-de-France;4493873.0
2013.0;29.0;Finistère;53.0;Bretagne;1689750.0
2013.0;63.0;Puy-de-Dôme;84.0;Auvergne-Rhône-Alpes;2380546.0
2013.0;74.0;Haute-Savoie;84.0;Auvergne-Rhône-Alpes;2007156.28
2014.0;19.0;Corrèze;75.0;Nouvelle-Aquitaine;494381.0
2014.0;27.0;Eure;28.0;Normandie;1446659.0
2014.0;69.0;Rhône;84.0;Auvergne-Rhône-Alpes;5371680.0
2014.0;93.0;Seine-Saint-Denis;11.0;Île-de-France;4747815.0
2015.0;39.0;Jura;27.0;Bourgogne-Franche-Comté;597122.0
2015.0;40.0;Landes;75.0;Nouvelle-Aquitaine;585837.0
2015.0;66.0;Pyrénées-Orientales;76.0;Occitanie;514130.0
2015.0;95.0;Val-d'Oise;11.0;Île-de-France;4110284.0
2016.0;6.0;Alpes-Maritimes;93.0;Provence-Alpes-Côte d'Azur;2401143.0
2016.0;75.0;Paris;11.0;Île-de-France;8109521.0
2016.0;94.0;Val-de-Marne;11.0;Île-de-France;4747455.0
2017.0;2.0;Aisne;32.0;Hauts-de-France;1619439.0
2017.0;10.0;Aube;44.0;Grand Est;1002649.0
2017.0;12.0;Aveyron;76.0;Occitanie;556350.0
2017.0;19.0;Corrèze;75.0;Nouvelle-Aquitaine;563888.0
2017.0;55.0;Meuse;44.0;Grand Est;522573.0
2013.0;2A;Corse-du-Sud;94.0;Corse;0.0
2013.0;61.0;Orne;28.0;Normandie;780164.0
2013.0;76.0;Seine-Maritime;28.0;Normandie;4338511.0
2013.0;86.0;Vienne;75.0;Nouvelle-Aquitaine;856212.0
2014.0;12.0;Aveyron;76.0;Occitanie;531669.0
2014.0;64.0;Pyrénées-Atlantiques;75.0;Nouvelle-Aquitaine;1844987.0
2015.0;8.0;Ardennes;44.0;Grand Est;1065641.0
2015.0;16.0;Charente;75.0;Nouvelle-Aquitaine;934167.0
2015.0;42.0;Loire;84.0;Auvergne-Rhône-Alpes;2660252.0
2015.0;84.0;Vaucluse;93.0;Provence-Alpes-Côte d'Azur;785269.0
2016.0;31.0;Haute-Garonne;76.0;Occitanie;3404772.0
2016.0;38.0;Isère;84.0;Auvergne-Rhône-Alpes;2499710.0
2012.0;19.0;Corrèze;75.0;Nouvelle-Aquitaine;594665.0
2012.0;55.0;Meuse;44.0;Grand Est;561170.0
2012.0;60.0;Oise;32.0;Hauts-de-France;3592224.0
2012.0;82.0;Tarn-et-Garonne;76.0;Occitanie;397874.0
2013.0;39.0;Jura;27.0;Bourgogne-Franche-Comté;679265.0
2014.0;57.0;Moselle;44.0;Grand Est;4354789.0
2014.0;95.0;Val-d'Oise;11.0;Île-de-France;3877908.0
2016.0;12.0;Aveyron;76.0;Occitanie;551245.0
2016.0;56.0;Morbihan;53.0;Bretagne;1467872.0
2016.0;84.0;Vaucluse;93.0;Provence-Alpes-Côte d'Azur;792532.0
2012.0;8.0;Ardennes;44.0;Grand Est;0.0
2012.0;68.0;Haut-Rhin;44.0;Grand Est;2448169.65
2012.0;77.0;Seine-et-Marne;11.0;Île-de-France;5118525.0
2013.0;5.0;Hautes-Alpes;93.0;Provence-Alpes-Côte d'Azur;0.0
2012.0;14.0;Calvados;28.0;Normandie;2172938.0
2012.0;64.0;Pyrénées-Atlantiques;75.0;Nouvelle-Aquitaine;2223073.0
2013.0;48.0;Lozère;76.0;Occitanie;0.0
2013.0;64.0;Pyrénées-Atlantiques;75.0;Nouvelle-Aquitaine;2209531.0
2013.0;84.0;Vaucluse;93.0;Provence-Alpes-Côte d'Azur;1028039.0
2013.0;95.0;Val-d'Oise;11.0;Île-de-France;4759817.0
2014.0;14.0;Calvados;28.0;Normandie;1817439.0
2014.0;16.0;Charente;75.0;Nouvelle-Aquitaine;887415.0
2014.0;46.0;Lot;76.0;Occitanie;156899.0
2014.0;88.0;Vosges;44.0;Grand Est;1024239.0
2015.0;11.0;Aude;76.0;Occitanie;511490.0
2015.0;14.0;Calvados;28.0;Normandie;1747345.0
2012.0;81.0;Tarn;76.0;Occitanie;1141062.0
2013.0;40.0;Landes;75.0;Nouvelle-Aquitaine;656185.0
2013.0;60.0;Oise;32.0;Hauts-de-France;3726921.0
2013.0;973.0;Guyane;3.0;Guyane;0.0
2015.0;52.0;Haute-Marne;44.0;Grand Est;476138.0
2015.0;61.0;Orne;28.0;Normandie;475751.0
2015.0;90.0;Territoire de Belfort;27.0;Bourgogne-Franche-Comté;552994.0
2016.0;48.0;Lozère;76.0;Occitanie;0.0
2017.0;54.0;Meurthe-et-Moselle;44.0;Grand Est;3365516.0
2017.0;71.0;Saône-et-Loire;27.0;Bourgogne-Franche-Comté;2196463.0
2012.0;50.0;Manche;28.0;Normandie;1058384.0
2012.0;57.0;Moselle;44.0;Grand Est;5184806.0
2014.0;55.0;Meuse;44.0;Grand Est;468652.0
2014.0;90.0;Territoire de Belfort;27.0;Bourgogne-Franche-Comté;513613.0
2016.0;83.0;Var;93.0;Provence-Alpes-Côte d'Azur;1148307.0
2017.0;22.0;Côtes-d'Armor;53.0;Bretagne;929645.19
2012.0;12.0;Aveyron;76.0;Occitanie;617564.0
2012.0;54.0;Meurthe-et-Moselle;44.0;Grand Est;3565584.0
2012.0;75.0;Paris;11.0;Île-de-France;8326241.0
2013.0;2.0;Aisne;32.0;Hauts-de-France;0.0
2013.0;10.0;Aube;44.0;Grand Est;1353674.0
2013.0;15.0;Cantal;84.0;Auvergne-Rhône-Alpes;226471.0
2016.0;971.0;Guadeloupe;1.0;Guadeloupe;0.0
2016.0;974.0;La Réunion;4.0;La Réunion;0.0
2017.0;42.0;Loire;84.0;Auvergne-Rhône-Alpes;2788801.0
2017.0;57.0;Moselle;44.0;Grand Est;5063692.0
2017.0;94.0;Val-de-Marne;11.0;Île-de-France;4462247.0
2017.0;974.0;La Réunion;4.0;La Réunion;0.0
2017.0;976.0;Mayotte;6.0;Mayotte;0.0
2013.0;35.0;Ille-et-Vilaine;53.0;Bretagne;2522333.0
2013.0;75.0;Paris;11.0;Île-de-France;8803392.0
2013.0;82.0;Tarn-et-Garonne;76.0;Occitanie;402456.0
2014.0;33.0;Gironde;75.0;Nouvelle-Aquitaine;2737312.07
2014.0;86.0;Vienne;75.0;Nouvelle-Aquitaine;702404.0
2015.0;5.0;Hautes-Alpes;93.0;Provence-Alpes-Côte d'Azur;140354.0
2015.0;9.0;Ariège;76.0;Occitanie;338421.0
2015.0;22.0;Côtes-d'Armor;53.0;Bretagne;841910.11
2015.0;2A;Corse-du-Sud;94.0;Corse;0.0
2015.0;32.0;Gers;76.0;Occitanie;234346.0
2015.0;71.0;Saône-et-Loire;27.0;Bourgogne-Franche-Comté;2101031.0
2016.0;1.0;Ain;84.0;Auvergne-Rhône-Alpes;1611199.0
2016.0;46.0;Lot;76.0;Occitanie;173760.0
2016.0;60.0;Oise;32.0;Hauts-de-France;2467234.0
2016.0;87.0;Haute-Vienne;75.0;Nouvelle-Aquitaine;1155660.0
2016.0;92.0;Hauts-de-Seine;11.0;Île-de-France;6126105.0
2017.0;33.0;Gironde;75.0;Nouvelle-Aquitaine;3853223.27
2017.0;74.0;Haute-Savoie;84.0;Auvergne-Rhône-Alpes;2037322.0
2017.0;82.0;Tarn-et-Garonne;76.0;Occitanie;346144.0
2017.0;83.0;Var;93.0;Provence-Alpes-Côte d'Azur;1178160.0
2013.0;94.0;Val-de-Marne;11.0;Île-de-France;5121498.0
2014.0;1.0;Ain;84.0;Auvergne-Rhône-Alpes;0.0
2014.0;22.0;Côtes-d'Armor;53.0;Bretagne;835943.0
2014.0;40.0;Landes;75.0;Nouvelle-Aquitaine;563186.0
2014.0;52.0;Haute-Marne;44.0;Grand Est;434273.0
2014.0;74.0;Haute-Savoie;84.0;Auvergne-Rhône-Alpes;1673585.76
2014.0;76.0;Seine-Maritime;28.0;Normandie;3444055.0
2015.0;12.0;Aveyron;76.0;Occitanie;521683.0
2015.0;44.0;Loire-Atlantique;52.0;Pays de la Loire;3521648.0
2016.0;16.0;Charente;75.0;Nouvelle-Aquitaine;970497.0
2016.0;44.0;Loire-Atlantique;52.0;Pays de la Loire;3903707.0
2016.0;59.0;Nord;32.0;Hauts-de-France;11912927.0
2016.0;63.0;Puy-de-Dôme;84.0;Auvergne-Rhône-Alpes;2213847.0
2017.0;43.0;Haute-Loire;84.0;Auvergne-Rhône-Alpes;508063.0
2012.0;5.0;Hautes-Alpes;93.0;Provence-Alpes-Côte d'Azur;0.0
2012.0;58.0;Nièvre;27.0;Bourgogne-Franche-Comté;662161.0
2013.0;11.0;Aude;76.0;Occitanie;678820.0
2013.0;23.0;Creuse;75.0;Nouvelle-Aquitaine;287108.0
2013.0;31.0;Haute-Garonne;76.0;Occitanie;4050908.0
2013.0;51.0;Marne;44.0;Grand Est;2285012.0
2013.0;70.0;Haute-Saône;27.0;Bourgogne-Franche-Comté;645886.0
2014.0;26.0;Drôme;84.0;Auvergne-Rhône-Alpes;970255.0
2014.0;54.0;Meurthe-et-Moselle;44.0;Grand Est;2963311.0
2014.0;61.0;Orne;28.0;Normandie;651346.0
2014.0;77.0;Seine-et-Marne;11.0;Île-de-France;4342066.0
2014.0;81.0;Tarn;76.0;Occitanie;938668.0
2015.0;30.0;Gard;76.0;Occitanie;1230672.0
2015.0;31.0;Haute-Garonne;76.0;Occitanie;3339903.0
2015.0;35.0;Ille-et-Vilaine;53.0;Bretagne;2194046.0
2015.0;63.0;Puy-de-Dôme;84.0;Auvergne-Rhône-Alpes;2019165.0
2015.0;85.0;Vendée;52.0;Pays de la Loire;923751.21
2016.0;27.0;Eure;28.0;Normandie;1405382.0
2016.0;35.0;Ille-et-Vilaine;53.0;Bretagne;2513437.0
2016.0;66.0;Pyrénées-Orientales;76.0;Occitanie;503895.0
2016.0;77.0;Seine-et-Marne;11.0;Île-de-France;5093158.0
2016.0;91.0;Essonne;11.0;Île-de-France;4891743.0
2017.0;6.0;Alpes-Maritimes;93.0;Provence-Alpes-Côte d'Azur;2413581.0
2017.0;28.0;Eure-et-Loir;24.0;Centre-Val de Loire;1226751.98
2017.0;44.0;Loire-Atlantique;52.0;Pays de la Loire;3684075.0
2017.0;45.0;Loiret;24.0;Centre-Val de Loire;1985543.0
2017.0;89.0;Yonne;27.0;Bourgogne-Franche-Comté;1077502.0
2017.0;93.0;Seine-Saint-Denis;11.0;Île-de-France;5168264.0
2013.0;44.0;Loire-Atlantique;52.0;Pays de la Loire;4146988.0
2014.0;7.0;Ardèche;84.0;Auvergne-Rhône-Alpes;0.0
2014.0;10.0;Aube;44.0;Grand Est;1074368.0
2014.0;18.0;Cher;24.0;Centre-Val de Loire;827309.0
2014.0;24.0;Dordogne;75.0;Nouvelle-Aquitaine;890448.0
2014.0;34.0;Hérault;76.0;Occitanie;1761651.0
2014.0;47.0;Lot-et-Garonne;75.0;Nouvelle-Aquitaine;654696.0
2014.0;53.0;Mayenne;52.0;Pays de la Loire;528067.0
2015.0;13.0;Bouches-du-Rhône;93.0;Provence-Alpes-Côte d'Azur;3354813.0
2015.0;49.0;Maine-et-Loire;52.0;Pays de la Loire;1641732.48
2015.0;69.0;Rhône;84.0;Auvergne-Rhône-Alpes;5856645.0
2016.0;5.0;Hautes-Alpes;93.0;Provence-Alpes-Côte d'Azur;150740.0
2016.0;10.0;Aube;44.0;Grand Est;1042200.0
2016.0;15.0;Cantal;84.0;Auvergne-Rhône-Alpes;212789.0
2017.0;35.0;Ille-et-Vilaine;53.0;Bretagne;2400538.0
2017.0;59.0;Nord;32.0;Hauts-de-France;11206512.0
2017.0;60.0;Oise;32.0;Hauts-de-France;2323435.0
2017.0;91.0;Essonne;11.0;Île-de-France;4608160.0
2012.0;13.0;Bouches-du-Rhône;93.0;Provence-Alpes-Côte d'Azur;3808925.0
2012.0;2A;Corse-du-Sud;94.0;Corse;0.0
2012.0;32.0;Gers;76.0;Occitanie;308150.0
2012.0;44.0;Loire-Atlantique;52.0;Pays de la Loire;3963652.0
2012.0;53.0;Mayenne;52.0;Pays de la Loire;615217.0
2012.0;69.0;Rhône;84.0;Auvergne-Rhône-Alpes;6351147.0
2012.0;972.0;Martinique;2.0;Martinique;0.0
2013.0;17.0;Charente-Maritime;75.0;Nouvelle-Aquitaine;1242032.0
2013.0;57.0;Moselle;44.0;Grand Est;5468376.0
2013.0;78.0;Yvelines;11.0;Île-de-France;6358117.0
2013.0;91.0;Essonne;11.0;Île-de-France;5115092.0
2014.0;13.0;Bouches-du-Rhône;93.0;Provence-Alpes-Côte d'Azur;3099976.0
2014.0;39.0;Jura;27.0;Bourgogne-Franche-Comté;552613.0
2014.0;50.0;Manche;28.0;Normandie;916706.0
2014.0;51.0;Marne;44.0;Grand Est;1824665.0
2014.0;82.0;Tarn-et-Garonne;76.0;Occitanie;332058.0
2015.0;3.0;Allier;84.0;Auvergne-Rhône-Alpes;1194494.0
2015.0;26.0;Drôme;84.0;Auvergne-Rhône-Alpes;1036021.0
2015.0;47.0;Lot-et-Garonne;75.0;Nouvelle-Aquitaine;674522.0
2015.0;57.0;Moselle;44.0;Grand Est;4827552.0
2016.0;29.0;Finistère;53.0;Bretagne;1650136.0
2016.0;82.0;Tarn-et-Garonne;76.0;Occitanie;338395.0
2017.0;16.0;Charente;75.0;Nouvelle-Aquitaine;942376.0
2017.0;24.0;Dordogne;75.0;Nouvelle-Aquitaine;833384.0
2017.0;30.0;Gard;76.0;Occitanie;1264911.0
2017.0;37.0;Indre-et-Loire;24.0;Centre-Val de Loire;1672325.34
2012.0;29.0;Finistère;53.0;Bretagne;1640201.0
2013.0;37.0;Indre-et-Loire;24.0;Centre-Val de Loire;1827027.0
2013.0;47.0;Lot-et-Garonne;75.0;Nouvelle-Aquitaine;797814.0
2014.0;6.0;Alpes-Maritimes;93.0;Provence-Alpes-Côte d'Azur;0.0
2014.0;41.0;Loir-et-Cher;24.0;Centre-Val de Loire;804069.0
2014.0;42.0;Loire;84.0;Auvergne-Rhône-Alpes;2486391.0
2015.0;50.0;Manche;28.0;Normandie;817066.0
2015.0;73.0;Savoie;84.0;Auvergne-Rhône-Alpes;921431.0
2015.0;93.0;Seine-Saint-Denis;11.0;Île-de-France;5027509.0
2017.0;56.0;Morbihan;53.0;Bretagne;1402798.0
2017.0;70.0;Haute-Saône;27.0;Bourgogne-Franche-Comté;458510.0
2017.0;75.0;Paris;11.0;Île-de-France;7590994.0
2012.0;22.0;Côtes-d'Armor;53.0;Bretagne;951381.0
2012.0;28.0;Eure-et-Loir;24.0;Centre-Val de Loire;1136043.0
2013.0;7.0;Ardèche;84.0;Auvergne-Rhône-Alpes;0.0
2013.0;16.0;Charente;75.0;Nouvelle-Aquitaine;1096018.0
2013.0;18.0;Cher;24.0;Centre-Val de Loire;1047965.0
2013.0;69.0;Rhône;84.0;Auvergne-Rhône-Alpes;6820072.0
2013.0;73.0;Savoie;84.0;Auvergne-Rhône-Alpes;1113290.0
2014.0;3.0;Allier;84.0;Auvergne-Rhône-Alpes;0.0
2014.0;8.0;Ardennes;44.0;Grand Est;0.0
2014.0;25.0;Doubs;27.0;Bourgogne-Franche-Comté;1345662.0
2014.0;78.0;Yvelines;11.0;Île-de-France;5178838.0
2014.0;91.0;Essonne;11.0;Île-de-France;4213968.0
2014.0;971.0;Guadeloupe;1.0;Guadeloupe;0.0
2015.0;7.0;Ardèche;84.0;Auvergne-Rhône-Alpes;393325.0
2016.0;33.0;Gironde;75.0;Nouvelle-Aquitaine;3849050.98
2016.0;37.0;Indre-et-Loire;24.0;Centre-Val de Loire;1770221.47
2016.0;90.0;Territoire de Belfort;27.0;Bourgogne-Franche-Comté;607969.0
2017.0;67.0;Bas-Rhin;44.0;Grand Est;3186999.08
2012.0;6.0;Alpes-Maritimes;93.0;Provence-Alpes-Côte d'Azur;0.0
2012.0;21.0;Côte-d'Or;27.0;Bourgogne-Franche-Comté;2345865.0
2012.0;37.0;Indre-et-Loire;24.0;Centre-Val de Loire;1759504.0
2012.0;70.0;Haute-Saône;27.0;Bourgogne-Franche-Comté;616011.0
2012.0;71.0;Saône-et-Loire;27.0;Bourgogne-Franche-Comté;2388149.0
2012.0;90.0;Territoire de Belfort;27.0;Bourgogne-Franche-Comté;614665.0
2012.0;973.0;Guyane;3.0;Guyane;0.0
2013.0;9.0;Ariège;76.0;Occitanie;0.0
2013.0;22.0;Côtes-d'Armor;53.0;Bretagne;985832.0
2014.0;9.0;Ariège;76.0;Occitanie;0.0
2014.0;48.0;Lozère;76.0;Occitanie;0.0
2014.0;60.0;Oise;32.0;Hauts-de-France;3098586.0
2014.0;972.0;Martinique;2.0;Martinique;0.0
2015.0;34.0;Hérault;76.0;Occitanie;1833058.0
2015.0;51.0;Marne;44.0;Grand Est;1925123.0
2015.0;55.0;Meuse;44.0;Grand Est;499545.0
2015.0;72.0;Sarthe;52.0;Pays de la Loire;1392762.0
2016.0;7.0;Ardèche;84.0;Auvergne-Rhône-Alpes;422080.0
2016.0;32.0;Gers;76.0;Occitanie;239635.0
2016.0;52.0;Haute-Marne;44.0;Grand Est;520950.0
2016.0;74.0;Haute-Savoie;84.0;Auvergne-Rhône-Alpes;2010603.0
2016.0;85.0;Vendée;52.0;Pays de la Loire;1018897.12
2016.0;972.0;Martinique;2.0;Martinique;0.0
2017.0;62.0;Pas-de-Calais;32.0;Hauts-de-France;5322387.0
2017.0;72.0;Sarthe;52.0;Pays de la Loire;1467498.0
2017.0;76.0;Seine-Maritime;28.0;Normandie;3632430.0
2017.0;86.0;Vienne;75.0;Nouvelle-Aquitaine;867305.01
2017.0;971.0;Guadeloupe;1.0;Guadeloupe;0.0
2012.0;67.0;Bas-Rhin;44.0;Grand Est;992470.0
2012.0;74.0;Haute-Savoie;84.0;Auvergne-Rhône-Alpes;1869788.0
2012.0;83.0;Var;93.0;Provence-Alpes-Côte d'Azur;1368147.0
2012.0;94.0;Val-de-Marne;11.0;Île-de-France;4834441.0
2013.0;3.0;Allier;84.0;Auvergne-Rhône-Alpes;0.0
2013.0;30.0;Gard;76.0;Occitanie;1553776.0
2013.0;38.0;Isère;84.0;Auvergne-Rhône-Alpes;2451029.0
2013.0;81.0;Tarn;76.0;Occitanie;1179185.0
2014.0;32.0;Gers;76.0;Occitanie;253728.0
2014.0;87.0;Haute-Vienne;75.0;Nouvelle-Aquitaine;1028391.0
2015.0;67.0;Bas-Rhin;44.0;Grand Est;2806567.0
2015.0;81.0;Tarn;76.0;Occitanie;689923.0
2015.0;973.0;Guyane;3.0;Guyane;0.0
2016.0;2A;Corse-du-Sud;94.0;Corse;0.0
2016.0;54.0;Meurthe-et-Moselle;44.0;Grand Est;3462612.0
2017.0;13.0;Bouches-du-Rhône;93.0;Provence-Alpes-Côte d'Azur;3429654.0
2017.0;17.0;Charente-Maritime;75.0;Nouvelle-Aquitaine;1078597.0
2012.0;1.0;Ain;84.0;Auvergne-Rhône-Alpes;0.0
2012.0;18.0;Cher;24.0;Centre-Val de Loire;1003954.0
2012.0;40.0;Landes;75.0;Nouvelle-Aquitaine;662608.0
2012.0;43.0;Haute-Loire;84.0;Auvergne-Rhône-Alpes;517957.0
2012.0;72.0;Sarthe;52.0;Pays de la Loire;1600941.0
2013.0;21.0;Côte-d'Or;27.0;Bourgogne-Franche-Comté;2495952.0
2013.0;42.0;Loire;84.0;Auvergne-Rhône-Alpes;3098986.0
2013.0;62.0;Pas-de-Calais;32.0;Hauts-de-France;6400423.0
2013.0;77.0;Seine-et-Marne;11.0;Île-de-France;5349180.0
2014.0;70.0;Haute-Saône;27.0;Bourgogne-Franche-Comté;512925.0
2015.0;24.0;Dordogne;75.0;Nouvelle-Aquitaine;810362.0
2015.0;53.0;Mayenne;52.0;Pays de la Loire;542072.0
2015.0;68.0;Haut-Rhin;44.0;Grand Est;2548367.65
2015.0;91.0;Essonne;11.0;Île-de-France;4409411.0
2016.0;19.0;Corrèze;75.0;Nouvelle-Aquitaine;558487.0
2016.0;30.0;Gard;76.0;Occitanie;1278397.0
2016.0;40.0;Landes;75.0;Nouvelle-Aquitaine;588521.0
2016.0;49.0;Maine-et-Loire;52.0;Pays de la Loire;1819398.34
2017.0;7.0;Ardèche;84.0;Auvergne-Rhône-Alpes;406111.0
2017.0;32.0;Gers;76.0;Occitanie;241267.0
2017.0;52.0;Haute-Marne;44.0;Grand Est;489190.0
2017.0;63.0;Puy-de-Dôme;84.0;Auvergne-Rhône-Alpes;2144494.0
2017.0;79.0;Deux-Sèvres;75.0;Nouvelle-Aquitaine;614779.0
2017.0;80.0;Somme;32.0;Hauts-de-France;1549151.0
2017.0;92.0;Hauts-de-Seine;11.0;Île-de-France;5729346.0
2012.0;11.0;Aude;76.0;Occitanie;667968.0
2012.0;24.0;Dordogne;75.0;Nouvelle-Aquitaine;1085874.0
2012.0;2B;Haute-Corse;94.0;Corse;0.0
2012.0;31.0;Haute-Garonne;76.0;Occitanie;3944857.0
2013.0;32.0;Gers;76.0;Occitanie;310936.0
2014.0;38.0;Isère;84.0;Auvergne-Rhône-Alpes;1966180.0
2014.0;45.0;Loiret;24.0;Centre-Val de Loire;1781069.0
2014.0;62.0;Pas-de-Calais;32.0;Hauts-de-France;5008526.0
2014.0;73.0;Savoie;84.0;Auvergne-Rhône-Alpes;910519.0
2014.0;75.0;Paris;11.0;Île-de-France;7103073.0
2015.0;10.0;Aube;44.0;Grand Est;943386.0
2015.0;17.0;Charente-Maritime;75.0;Nouvelle-Aquitaine;1065205.0
2015.0;23.0;Creuse;75.0;Nouvelle-Aquitaine;195704.0
2015.0;48.0;Lozère;76.0;Occitanie;0.0
2015.0;77.0;Seine-et-Marne;11.0;Île-de-France;4593238.0
2015.0;83.0;Var;93.0;Provence-Alpes-Côte d'Azur;1164579.0
2015.0;87.0;Haute-Vienne;75.0;Nouvelle-Aquitaine;1089807.0
2015.0;976.0;Mayotte;6.0;Mayotte;0.0
2016.0;25.0;Doubs;27.0;Bourgogne-Franche-Comté;1550227.0
2016.0;45.0;Loiret;24.0;Centre-Val de Loire;2099312.0
2016.0;80.0;Somme;32.0;Hauts-de-France;1637312.0
2016.0;89.0;Yonne;27.0;Bourgogne-Franche-Comté;1135957.0
2017.0;26.0;Drôme;84.0;Auvergne-Rhône-Alpes;1085071.0
2017.0;27.0;Eure;28.0;Normandie;1314590.0
2017.0;58.0;Nièvre;27.0;Bourgogne-Franche-Comté;606898.0
2017.0;88.0;Vosges;44.0;Grand Est;1192944.0
2012.0;2.0;Aisne;32.0;Hauts-de-France;0.0
2012.0;23.0;Creuse;75.0;Nouvelle-Aquitaine;272820.0
2012.0;27.0;Eure;28.0;Normandie;1727422.0
2012.0;42.0;Loire;84.0;Auvergne-Rhône-Alpes;2937901.0
2012.0;974.0;La Réunion;4.0;La Réunion;0.0
2013.0;19.0;Corrèze;75.0;Nouvelle-Aquitaine;607314.0
2013.0;34.0;Hérault;76.0;Occitanie;2213318.0
2013.0;43.0;Haute-Loire;84.0;Auvergne-Rhône-Alpes;545000.0
2013.0;55.0;Meuse;44.0;Grand Est;584630.0
2013.0;80.0;Somme;32.0;Hauts-de-France;1883724.0
2013.0;85.0;Vendée;52.0;Pays de la Loire;1054331.0
2014.0;4.0;Alpes-de-Haute-Provence;93.0;Provence-Alpes-Côte d'Azur;0.0
2014.0;44.0;Loire-Atlantique;52.0;Pays de la Loire;3437115.0
2015.0;25.0;Doubs;27.0;Bourgogne-Franche-Comté;1404005.0
2015.0;33.0;Gironde;75.0;Nouvelle-Aquitaine;3765940.76
2015.0;56.0;Morbihan;53.0;Bretagne;1314283.0
2015.0;88.0;Vosges;44.0;Grand Est;1114577.0
2016.0;34.0;Hérault;76.0;Occitanie;1899004.0
2016.0;70.0;Haute-Saône;27.0;Bourgogne-Franche-Comté;470674.0
2016.0;88.0;Vosges;44.0;Grand Est;1237741.0
2017.0;15.0;Cantal;84.0;Auvergne-Rhône-Alpes;209107.0
2017.0;47.0;Lot-et-Garonne;75.0;Nouvelle-Aquitaine;723751.0
2017.0;69.0;Rhône;84.0;Auvergne-Rhône-Alpes;6143414.0
2012.0;33.0;Gironde;75.0;Nouvelle-Aquitaine;3033450.84
2012.0;36.0;Indre;24.0;Centre-Val de Loire;633135.0
2014.0;59.0;Nord;32.0;Hauts-de-France;10472289.0
2014.0;66.0;Pyrénées-Orientales;76.0;Occitanie;483428.0
2014.0;83.0;Var;93.0;Provence-Alpes-Côte d'Azur;1124887.0
2014.0;92.0;Hauts-de-Seine;11.0;Île-de-France;5324598.0
2015.0;60.0;Oise;32.0;Hauts-de-France;2254640.0
2015.0;70.0;Haute-Saône;27.0;Bourgogne-Franche-Comté;430747.0
2015.0;74.0;Haute-Savoie;84.0;Auvergne-Rhône-Alpes;1849920.75
2012.0;52.0;Haute-Marne;44.0;Grand Est;525206.0
2012.0;89.0;Yonne;27.0;Bourgogne-Franche-Comté;1139769.0
2013.0;14.0;Calvados;28.0;Normandie;2213464.0
2013.0;26.0;Drôme;84.0;Auvergne-Rhône-Alpes;1216875.0
2013.0;79.0;Deux-Sèvres;75.0;Nouvelle-Aquitaine;696180.0
2015.0;15.0;Cantal;84.0;Auvergne-Rhône-Alpes;196776.0
2015.0;18.0;Cher;24.0;Centre-Val de Loire;886080.0
2015.0;54.0;Meurthe-et-Moselle;44.0;Grand Est;3217362.0
2016.0;2.0;Aisne;32.0;Hauts-de-France;1720115.0
2016.0;18.0;Cher;24.0;Centre-Val de Loire;973021.0
2016.0;21.0;Côte-d'Or;27.0;Bourgogne-Franche-Comté;2108535.0
2016.0;53.0;Mayenne;52.0;Pays de la Loire;603630.0
2017.0;66.0;Pyrénées-Orientales;76.0;Occitanie;502493.0
2024.0;976.0;Mayotte;6.0;Mayotte;0.0
2020.0;63.0;Puy-de-Dôme;84.0;Auvergne-Rhône-Alpes;1417880.83911
2024.0;28.0;Eure-et-Loir;24.0;Centre-Val de Loire;677163.20658
2019.0;29.0;Finistère;53.0;Bretagne;1285577.6611
2018.0;31.0;Haute-Garonne;76.0;Occitanie;2811475.68182
2024.0;42.0;Loire;84.0;Auvergne-Rhône-Alpes;1474454.5303
2021.0;37.0;Indre-et-Loire;24.0;Centre-Val de Loire;1253222.24445
2023.0;74.0;Haute-Savoie;84.0;Auvergne-Rhône-Alpes;1100216.8697
2022.0;95.0;Val-d'Oise;11.0;Île-de-France;2643883.11404
2020.0;93.0;Seine-Saint-Denis;11.0;Île-de-France;3526547.59194
2024.0;1.0;Ain;84.0;Auvergne-Rhône-Alpes;846389.48326
2020.0;974.0;La Réunion;4.0;La Réunion;0.0
2019.0;10.0;Aube;44.0;Grand Est;785749.84114
2023.0;976.0;Mayotte;6.0;Mayotte;0.0
2018.0;39.0;Jura;27.0;Bourgogne-Franche-Comté;428367.86608
2020.0;52.0;Haute-Marne;44.0;Grand Est;298351.51155
2019.0;28.0;Eure-et-Loir;24.0;Centre-Val de Loire;904973.97424
2020.0;43.0;Haute-Loire;84.0;Auvergne-Rhône-Alpes;325360.31239
2018.0;53.0;Mayenne;52.0;Pays de la Loire;406935.7477
2023.0;30.0;Gard;76.0;Occitanie;707992.93352
2021.0;73.0;Savoie;84.0;Auvergne-Rhône-Alpes;619101.38433
2021.0;8.0;Ardennes;44.0;Grand Est;845207.28213
2021.0;26.0;Drôme;84.0;Auvergne-Rhône-Alpes;825630.09085
2024.0;17.0;Charente-Maritime;75.0;Nouvelle-Aquitaine;631192.1372
2019.0;91.0;Essonne;11.0;Île-de-France;3778502.7748
2019.0;86.0;Vienne;75.0;Nouvelle-Aquitaine;660269.33631
2024.0;50.0;Manche;28.0;Normandie;455814.43085
2024.0;53.0;Mayenne;52.0;Pays de la Loire;321381.58868
2021.0;42.0;Loire;84.0;Auvergne-Rhône-Alpes;1962483.5577
2023.0;55.0;Meuse;44.0;Grand Est;289055.23708
2022.0;974.0;La Réunion;4.0;La Réunion;0.0
2018.0;47.0;Lot-et-Garonne;75.0;Nouvelle-Aquitaine;507000.19453
2022.0;56.0;Morbihan;53.0;Bretagne;911269.42234
2021.0;18.0;Cher;24.0;Centre-Val de Loire;733830.9643
2022.0;18.0;Cher;24.0;Centre-Val de Loire;582620.23604
2021.0;2A;Corse-du-Sud;94.0;Corse;0.0
2021.0;81.0;Tarn;76.0;Occitanie;585260.48166
2021.0;3.0;Allier;84.0;Auvergne-Rhône-Alpes;932110.73558
2019.0;32.0;Gers;76.0;Occitanie;170062.05127
2022.0;57.0;Moselle;44.0;Grand Est;3368535.31305
2022.0;42.0;Loire;84.0;Auvergne-Rhône-Alpes;1568000.04255
2022.0;90.0;Territoire de Belfort;27.0;Bourgogne-Franche-Comté;321370.41852
2022.0;43.0;Haute-Loire;84.0;Auvergne-Rhône-Alpes;287170.81961
2021.0;9.0;Ariège;76.0;Occitanie;255255.11342
2018.0;85.0;Vendée;52.0;Pays de la Loire;762108.28834
2018.0;48.0;Lozère;76.0;Occitanie;0.0
2020.0;15.0;Cantal;84.0;Auvergne-Rhône-Alpes;115477.41098
2023.0;59.0;Nord;32.0;Hauts-de-France;7056482.49805
2018.0;59.0;Nord;32.0;Hauts-de-France;9358639.25019
2022.0;81.0;Tarn;76.0;Occitanie;485938.38085
2019.0;14.0;Calvados;28.0;Normandie;1371380.8371
2020.0;72.0;Sarthe;52.0;Pays de la Loire;1003659.71691
2019.0;71.0;Saône-et-Loire;27.0;Bourgogne-Franche-Comté;1624020.44763
2024.0;15.0;Cantal;84.0;Auvergne-Rhône-Alpes;93701.37006
2022.0;88.0;Vosges;44.0;Grand Est;670528.37654
2020.0;69.0;Rhône;84.0;Auvergne-Rhône-Alpes;4144290.16264
2023.0;4.0;Alpes-de-Haute-Provence;93.0;Provence-Alpes-Côte d'Azur;70999.97025
2022.0;7.0;Ardèche;84.0;Auvergne-Rhône-Alpes;219580.76111
2022.0;1.0;Ain;84.0;Auvergne-Rhône-Alpes;889202.70734
2020.0;16.0;Charente;75.0;Nouvelle-Aquitaine;633034.73706
2023.0;75.0;Paris;11.0;Île-de-France;4115250.00616
2018.0;41.0;Loir-et-Cher;24.0;Centre-Val de Loire;648035.43281
2020.0;53.0;Mayenne;52.0;Pays de la Loire;372891.45599
2020.0;91.0;Essonne;11.0;Île-de-France;3222404.64094
2020.0;77.0;Seine-et-Marne;11.0;Île-de-France;3411658.2737
2018.0;93.0;Seine-Saint-Denis;11.0;Île-de-France;4238989.40087
2019.0;973.0;Guyane;3.0;Guyane;0.0
2019.0;93.0;Seine-Saint-Denis;11.0;Île-de-France;4125184.75362
2020.0;81.0;Tarn;76.0;Occitanie;532781.06577
2021.0;60.0;Oise;32.0;Hauts-de-France;1780142.7763
2022.0;51.0;Marne;44.0;Grand Est;1122759.04602
2023.0;34.0;Hérault;76.0;Occitanie;1126564.48712
2023.0;29.0;Finistère;53.0;Bretagne;1005619.14631
2022.0;64.0;Pyrénées-Atlantiques;75.0;Nouvelle-Aquitaine;1263779.29141
2019.0;19.0;Corrèze;75.0;Nouvelle-Aquitaine;404421.25769
2018.0;80.0;Somme;32.0;Hauts-de-France;1204461.65941
2022.0;49.0;Maine-et-Loire;52.0;Pays de la Loire;971848.20225
2018.0;22.0;Côtes-d'Armor;53.0;Bretagne;662438.76035
2022.0;76.0;Seine-Maritime;28.0;Normandie;2150304.57241
2023.0;32.0;Gers;76.0;Occitanie;130683.77709
2019.0;72.0;Sarthe;52.0;Pays de la Loire;1103386.05481
2023.0;22.0;Côtes-d'Armor;53.0;Bretagne;516061.84514
2024.0;73.0;Savoie;84.0;Auvergne-Rhône-Alpes;467814.2564
2022.0;4.0;Alpes-de-Haute-Provence;93.0;Provence-Alpes-Côte d'Azur;76511.97257
2019.0;65.0;Hautes-Pyrénées;76.0;Occitanie;548389.6186
2022.0;77.0;Seine-et-Marne;11.0;Île-de-France;3069766.45002
2022.0;35.0;Ille-et-Vilaine;53.0;Bretagne;1600801.37977
2020.0;76.0;Seine-Maritime;28.0;Normandie;2431006.75778
2023.0;44.0;Loire-Atlantique;52.0;Pays de la Loire;2189462.32516
2023.0;27.0;Eure;28.0;Normandie;727566.6657
2024.0;83.0;Var;93.0;Provence-Alpes-Côte d'Azur;562781.78119
2019.0;22.0;Côtes-d'Armor;53.0;Bretagne;653385.16143
2022.0;87.0;Haute-Vienne;75.0;Nouvelle-Aquitaine;654215.61522
2024.0;48.0;Lozère;76.0;Occitanie;0.0
2019.0;69.0;Rhône;84.0;Auvergne-Rhône-Alpes;4424926.73178
2023.0;51.0;Marne;44.0;Grand Est;1074574.63862
2020.0;87.0;Haute-Vienne;75.0;Nouvelle-Aquitaine;753741.73739
2023.0;49.0;Maine-et-Loire;52.0;Pays de la Loire;912479.56419
2019.0;85.0;Vendée;52.0;Pays de la Loire;716389.76225
2020.0;89.0;Yonne;27.0;Bourgogne-Franche-Comté;726173.35058
2019.0;56.0;Morbihan;53.0;Bretagne;1114514.41276
2023.0;73.0;Savoie;84.0;Auvergne-Rhône-Alpes;487834.63593
2019.0;33.0;Gironde;75.0;Nouvelle-Aquitaine;3382178.12762
2021.0;62.0;Pas-de-Calais;32.0;Hauts-de-France;4487364.91351
2018.0;55.0;Meuse;44.0;Grand Est;398355.73102
2021.0;83.0;Var;93.0;Provence-Alpes-Côte d'Azur;811180.80269
2022.0;17.0;Charente-Maritime;75.0;Nouvelle-Aquitaine;678349.64054
2020.0;50.0;Manche;28.0;Normandie;563138.01294
2023.0;38.0;Isère;84.0;Auvergne-Rhône-Alpes;1342881.90218
2022.0;83.0;Var;93.0;Provence-Alpes-Côte d'Azur;662979.11455
2018.0;2B;Haute-Corse;94.0;Corse;0.0
2019.0;37.0;Indre-et-Loire;24.0;Centre-Val de Loire;1189892.06487
2020.0;67.0;Bas-Rhin;44.0;Grand Est;2006432.16555
2020.0;47.0;Lot-et-Garonne;75.0;Nouvelle-Aquitaine;461923.78752
2019.0;38.0;Isère;84.0;Auvergne-Rhône-Alpes;1785455.86717
2019.0;46.0;Lot;76.0;Occitanie;127508.4355
2018.0;9.0;Ariège;76.0;Occitanie;265743.41219
2023.0;40.0;Landes;75.0;Nouvelle-Aquitaine;351631.02458
2020.0;41.0;Loir-et-Cher;24.0;Centre-Val de Loire;585406.39417
2023.0;39.0;Jura;27.0;Bourgogne-Franche-Comté;353715.84812
2020.0;57.0;Moselle;44.0;Grand Est;3763666.88312
2022.0;94.0;Val-de-Marne;11.0;Île-de-France;2862706.61818
2021.0;80.0;Somme;32.0;Hauts-de-France;1251042.53107
2023.0;26.0;Drôme;84.0;Auvergne-Rhône-Alpes;591131.88301
2020.0;59.0;Nord;32.0;Hauts-de-France;8483825.23331999
2022.0;73.0;Savoie;84.0;Auvergne-Rhône-Alpes;506712.78647
2024.0;29.0;Finistère;53.0;Bretagne;1004006.65989
2024.0;55.0;Meuse;44.0;Grand Est;276795.53933
2024.0;51.0;Marne;44.0;Grand Est;1058804.10008
2021.0;46.0;Lot;76.0;Occitanie;128017.95322
2018.0;67.0;Bas-Rhin;44.0;Grand Est;2544199.38566
2023.0;92.0;Hauts-de-Seine;11.0;Île-de-France;3470291.02839
2024.0;62.0;Pas-de-Calais;32.0;Hauts-de-France;3314024.1302
2022.0;13.0;Bouches-du-Rhône;93.0;Provence-Alpes-Côte d'Azur;1979676.09379
2018.0;2.0;Aisne;32.0;Hauts-de-France;1339644.30395
2019.0;90.0;Territoire de Belfort;27.0;Bourgogne-Franche-Comté;394112.14131
2021.0;48.0;Lozère;76.0;Occitanie;0.0
2024.0;5.0;Hautes-Alpes;93.0;Provence-Alpes-Côte d'Azur;75474.09179
2020.0;2A;Corse-du-Sud;94.0;Corse;0.0
2019.0;34.0;Hérault;76.0;Occitanie;1543568.22315
2024.0;14.0;Calvados;28.0;Normandie;1031363.51312
2022.0;22.0;Côtes-d'Armor;53.0;Bretagne;549512.82209
2024.0;89.0;Yonne;27.0;Bourgogne-Franche-Comté;570469.80284
2018.0;974.0;La Réunion;4.0;La Réunion;0.0
2024.0;84.0;Vaucluse;93.0;Provence-Alpes-Côte d'Azur;398703.52765
2022.0;61.0;Orne;28.0;Normandie;258561.69896
2021.0;61.0;Orne;28.0;Normandie;326578.9068
2024.0;57.0;Moselle;44.0;Grand Est;3134643.97306
2018.0;46.0;Lot;76.0;Occitanie;127046.37448
2018.0;3.0;Allier;84.0;Auvergne-Rhône-Alpes;897133.84988
2019.0;55.0;Meuse;44.0;Grand Est;398884.36101
2019.0;49.0;Maine-et-Loire;52.0;Pays de la Loire;1275531.56428
2022.0;11.0;Aude;76.0;Occitanie;312085.03078
2021.0;47.0;Lot-et-Garonne;75.0;Nouvelle-Aquitaine;497318.91802
2019.0;61.0;Orne;28.0;Normandie;333430.21016
2021.0;75.0;Paris;11.0;Île-de-France;5469983.24161
2022.0;30.0;Gard;76.0;Occitanie;791969.92694
2022.0;14.0;Calvados;28.0;Normandie;1104811.42091
2019.0;2.0;Aisne;32.0;Hauts-de-France;1305232.97972
2020.0;94.0;Val-de-Marne;11.0;Île-de-France;3244934.15611
2022.0;34.0;Hérault;76.0;Occitanie;1265837.08813
2024.0;52.0;Haute-Marne;44.0;Grand Est;236828.92381
2024.0;76.0;Seine-Maritime;28.0;Normandie;2036379.25619
2020.0;42.0;Loire;84.0;Auvergne-Rhône-Alpes;1757835.41491
2024.0;971.0;Guadeloupe;1.0;Guadeloupe;0.0
2019.0;50.0;Manche;28.0;Normandie;598636.68933
2023.0;50.0;Manche;28.0;Normandie;463721.19648
2024.0;94.0;Val-de-Marne;11.0;Île-de-France;2762008.46968
2021.0;28.0;Eure-et-Loir;24.0;Centre-Val de Loire;723374.4764
2019.0;52.0;Haute-Marne;44.0;Grand Est;338116.32679
2024.0;27.0;Eure;28.0;Normandie;729465.91322
2021.0;68.0;Haut-Rhin;44.0;Grand Est;2207513.71113
2024.0;23.0;Creuse;75.0;Nouvelle-Aquitaine;93180.65427
2021.0;23.0;Creuse;75.0;Nouvelle-Aquitaine;126374.69044
2022.0;89.0;Yonne;27.0;Bourgogne-Franche-Comté;656548.24885
2018.0;27.0;Eure;28.0;Normandie;1003090.84779
2020.0;44.0;Loire-Atlantique;52.0;Pays de la Loire;2647663.69696
2023.0;87.0;Haute-Vienne;75.0;Nouvelle-Aquitaine;612903.25038
2020.0;54.0;Meurthe-et-Moselle;44.0;Grand Est;2453378.7017
2019.0;23.0;Creuse;75.0;Nouvelle-Aquitaine;124266.88008
2022.0;5.0;Hautes-Alpes;93.0;Provence-Alpes-Côte d'Azur;87717.95907
2023.0;54.0;Meurthe-et-Moselle;44.0;Grand Est;2023066.8761
2023.0;66.0;Pyrénées-Orientales;76.0;Occitanie;267947.52582
2024.0;11.0;Aude;76.0;Occitanie;260152.43475
2018.0;42.0;Loire;84.0;Auvergne-Rhône-Alpes;1868293.13324
2019.0;31.0;Haute-Garonne;76.0;Occitanie;2775541.94337
2020.0;90.0;Territoire de Belfort;27.0;Bourgogne-Franche-Comté;367234.45048
2024.0;71.0;Saône-et-Loire;27.0;Bourgogne-Franche-Comté;1185637.0045
2023.0;17.0;Charente-Maritime;75.0;Nouvelle-Aquitaine;642978.64817
2022.0;52.0;Haute-Marne;44.0;Grand Est;258605.95857
2018.0;70.0;Haute-Saône;27.0;Bourgogne-Franche-Comté;278995.56243
2020.0;95.0;Val-d'Oise;11.0;Île-de-France;2957703.35025
2021.0;63.0;Puy-de-Dôme;84.0;Auvergne-Rhône-Alpes;1592231.75402
2024.0;2B;Haute-Corse;94.0;Corse;0.0
2021.0;16.0;Charente;75.0;Nouvelle-Aquitaine;688142.50981
2019.0;95.0;Val-d'Oise;11.0;Île-de-France;3450038.63905
2024.0;4.0;Alpes-de-Haute-Provence;93.0;Provence-Alpes-Côte d'Azur;67329.71319
2023.0;8.0;Ardennes;44.0;Grand Est;631774.22349
2018.0;17.0;Charente-Maritime;75.0;Nouvelle-Aquitaine;861639.92024
2021.0;82.0;Tarn-et-Garonne;76.0;Occitanie;250295.88831
2019.0;47.0;Lot-et-Garonne;75.0;Nouvelle-Aquitaine;496024.14798
2021.0;93.0;Seine-Saint-Denis;11.0;Île-de-France;3756409.5
2021.0;29.0;Finistère;53.0;Bretagne;1302975.7926
2021.0;14.0;Calvados;28.0;Normandie;1375265.75632
2018.0;2A;Corse-du-Sud;94.0;Corse;0.0
2018.0;4.0;Alpes-de-Haute-Provence;93.0;Provence-Alpes-Côte d'Azur;86502.80188
2019.0;13.0;Bouches-du-Rhône;93.0;Provence-Alpes-Côte d'Azur;2414104.81397
2022.0;70.0;Haute-Saône;27.0;Bourgogne-Franche-Comté;229283.52365
2020.0;10.0;Aube;44.0;Grand Est;604376.41897
2024.0;26.0;Drôme;84.0;Auvergne-Rhône-Alpes;579719.60369
2021.0;15.0;Cantal;84.0;Auvergne-Rhône-Alpes;125090.57455
2020.0;58.0;Nièvre;27.0;Bourgogne-Franche-Comté;390321.74483
2019.0;94.0;Val-de-Marne;11.0;Île-de-France;3702817.44273
2023.0;89.0;Yonne;27.0;Bourgogne-Franche-Comté;604141.09194
2022.0;12.0;Aveyron;76.0;Occitanie;308744.4277
2022.0;15.0;Cantal;84.0;Auvergne-Rhône-Alpes;98485.5126
2024.0;75.0;Paris;11.0;Île-de-France;4268672.8305
2020.0;73.0;Savoie;84.0;Auvergne-Rhône-Alpes;595198.58634
2020.0;35.0;Ille-et-Vilaine;53.0;Bretagne;1771951.28689
2023.0;69.0;Rhône;84.0;Auvergne-Rhône-Alpes;3408232.40889
2023.0;973.0;Guyane;3.0;Guyane;0.0
2022.0;72.0;Sarthe;52.0;Pays de la Loire;888367.64969
2018.0;36.0;Indre;24.0;Centre-Val de Loire;419727.40938
2021.0;71.0;Saône-et-Loire;27.0;Bourgogne-Franche-Comté;1630159.62577
2018.0;92.0;Hauts-de-Seine;11.0;Île-de-France;4701039.37246
2019.0;4.0;Alpes-de-Haute-Provence;93.0;Provence-Alpes-Côte d'Azur;89451.56157
2024.0;35.0;Ille-et-Vilaine;53.0;Bretagne;1574684.43347
2021.0;92.0;Hauts-de-Seine;11.0;Île-de-France;4469064.97782
2024.0;63.0;Puy-de-Dôme;84.0;Auvergne-Rhône-Alpes;1153307.69766
2022.0;66.0;Pyrénées-Orientales;76.0;Occitanie;302133.57556
2022.0;84.0;Vaucluse;93.0;Provence-Alpes-Côte d'Azur;464693.01939
2018.0;45.0;Loiret;24.0;Centre-Val de Loire;1567443.24925
2019.0;35.0;Ille-et-Vilaine;53.0;Bretagne;1861835.81142
2020.0;5.0;Hautes-Alpes;93.0;Provence-Alpes-Côte d'Azur;104456.00141
2023.0;80.0;Somme;32.0;Hauts-de-France;924494.4117
2023.0;971.0;Guadeloupe;1.0;Guadeloupe;0.0
2019.0;976.0;Mayotte;6.0;Mayotte;0.0
2022.0;32.0;Gers;76.0;Occitanie;139928.29313
2018.0;63.0;Puy-de-Dôme;84.0;Auvergne-Rhône-Alpes;1527589.83285
2022.0;41.0;Loir-et-Cher;24.0;Centre-Val de Loire;515167.31003
2020.0;49.0;Maine-et-Loire;52.0;Pays de la Loire;1126411.31946
2024.0;6.0;Alpes-Maritimes;93.0;Provence-Alpes-Côte d'Azur;1433242.09151
2019.0;92.0;Hauts-de-Seine;11.0;Île-de-France;4601734.90103
2023.0;76.0;Seine-Maritime;28.0;Normandie;2042464.37988
2019.0;60.0;Oise;32.0;Hauts-de-France;1789916.09082
2019.0;88.0;Vosges;44.0;Grand Est;866575.86297
2022.0;2.0;Aisne;32.0;Hauts-de-France;994000.41848
2020.0;65.0;Hautes-Pyrénées;76.0;Occitanie;525314.81528
2022.0;46.0;Lot;76.0;Occitanie;104531.14399
2023.0;68.0;Haut-Rhin;44.0;Grand Est;1510694.86297
2023.0;2B;Haute-Corse;94.0;Corse;0.0
2018.0;79.0;Deux-Sèvres;75.0;Nouvelle-Aquitaine;463791.01896
2020.0;71.0;Saône-et-Loire;27.0;Bourgogne-Franche-Comté;1490925.08382
2019.0;79.0;Deux-Sèvres;75.0;Nouvelle-Aquitaine;458662.0844
2022.0;33.0;Gironde;75.0;Nouvelle-Aquitaine;2837102.72806
2022.0;86.0;Vienne;75.0;Nouvelle-Aquitaine;495822.93177
2021.0;43.0;Haute-Loire;84.0;Auvergne-Rhône-Alpes;358169.60605
2020.0;56.0;Morbihan;53.0;Bretagne;1032622.86793
2023.0;86.0;Vienne;75.0;Nouvelle-Aquitaine;457874.12991
2024.0;31.0;Haute-Garonne;76.0;Occitanie;2037332.55408
2022.0;39.0;Jura;27.0;Bourgogne-Franche-Comté;359117.15329
2018.0;84.0;Vaucluse;93.0;Provence-Alpes-Côte d'Azur;568152.79179
2020.0;66.0;Pyrénées-Orientales;76.0;Occitanie;377113.68404
2024.0;69.0;Rhône;84.0;Auvergne-Rhône-Alpes;3435584.08207
2022.0;3.0;Allier;84.0;Auvergne-Rhône-Alpes;744829.92273
2024.0;68.0;Haut-Rhin;44.0;Grand Est;1516121.93271
2018.0;973.0;Guyane;3.0;Guyane;0.0
2022.0;93.0;Seine-Saint-Denis;11.0;Île-de-France;3037939.03213
2019.0;89.0;Yonne;27.0;Bourgogne-Franche-Comté;793610.56205
2022.0;9.0;Ariège;76.0;Occitanie;204159.76133
2018.0;65.0;Hautes-Pyrénées;76.0;Occitanie;581475.17089
2019.0;51.0;Marne;44.0;Grand Est;1424191.43736
2022.0;48.0;Lozère;76.0;Occitanie;0.0
2024.0;7.0;Ardèche;84.0;Auvergne-Rhône-Alpes;197191.44506
2021.0;21.0;Côte-d'Or;27.0;Bourgogne-Franche-Comté;1450609.12071
2021.0;72.0;Sarthe;52.0;Pays de la Loire;1122066.97605
2023.0;62.0;Pas-de-Calais;32.0;Hauts-de-France;3424953.7967
2021.0;53.0;Mayenne;52.0;Pays de la Loire;413775.34298
2020.0;55.0;Meuse;44.0;Grand Est;355766.06815
2023.0;91.0;Essonne;11.0;Île-de-France;2727716.45577
2022.0;63.0;Puy-de-Dôme;84.0;Auvergne-Rhône-Alpes;1267727.721
2022.0;74.0;Haute-Savoie;84.0;Auvergne-Rhône-Alpes;1096013.57761
2020.0;32.0;Gers;76.0;Occitanie;162035.93509
2019.0;75.0;Paris;11.0;Île-de-France;5510951.76101
2023.0;31.0;Haute-Garonne;76.0;Occitanie;2186884.99884
2023.0;33.0;Gironde;75.0;Nouvelle-Aquitaine;2618045.98819
2022.0;44.0;Loire-Atlantique;52.0;Pays de la Loire;2311891.39753
2018.0;77.0;Seine-et-Marne;11.0;Île-de-France;3931597.99312
2018.0;43.0;Haute-Loire;84.0;Auvergne-Rhône-Alpes;344664.32783
2021.0;2B;Haute-Corse;94.0;Corse;0.0
2019.0;68.0;Haut-Rhin;44.0;Grand Est;2066858.2206
2023.0;35.0;Ille-et-Vilaine;53.0;Bretagne;1526867.77764
2018.0;971.0;Guadeloupe;1.0;Guadeloupe;0.0
2018.0;81.0;Tarn;76.0;Occitanie;469870.33446
2021.0;85.0;Vendée;52.0;Pays de la Loire;745330.71622
2020.0;971.0;Guadeloupe;1.0;Guadeloupe;0.0
2018.0;66.0;Pyrénées-Orientales;76.0;Occitanie;417268.12552
2022.0;26.0;Drôme;84.0;Auvergne-Rhône-Alpes;650102.7225
2023.0;71.0;Saône-et-Loire;27.0;Bourgogne-Franche-Comté;1190155.56495
2023.0;56.0;Morbihan;53.0;Bretagne;861064.75095
2018.0;25.0;Doubs;27.0;Bourgogne-Franche-Comté;1047506.00393
2021.0;32.0;Gers;76.0;Occitanie;171015.77465
2019.0;21.0;Côte-d'Or;27.0;Bourgogne-Franche-Comté;1406979.7614
2019.0;25.0;Doubs;27.0;Bourgogne-Franche-Comté;1072267.59751
2022.0;6.0;Alpes-Maritimes;93.0;Provence-Alpes-Côte d'Azur;1696092.5268
2024.0;37.0;Indre-et-Loire;24.0;Centre-Val de Loire;929239.94561
2019.0;74.0;Haute-Savoie;84.0;Auvergne-Rhône-Alpes;1365604.58794
2022.0;27.0;Eure;28.0;Normandie;794959.58704
2020.0;14.0;Calvados;28.0;Normandie;1269024.59861
2024.0;9.0;Ariège;76.0;Occitanie;175002.19815
2022.0;24.0;Dordogne;75.0;Nouvelle-Aquitaine;478301.4658
2018.0;52.0;Haute-Marne;44.0;Grand Est;333834.89097
2023.0;84.0;Vaucluse;93.0;Provence-Alpes-Côte d'Azur;418112.72013
2024.0;972.0;Martinique;2.0;Martinique;0.0
2022.0;31.0;Haute-Garonne;76.0;Occitanie;2310973.10028
2022.0;62.0;Pas-de-Calais;32.0;Hauts-de-France;3569357.98212
2022.0;82.0;Tarn-et-Garonne;76.0;Occitanie;205178.55096
2023.0;93.0;Seine-Saint-Denis;11.0;Île-de-France;2866179.25873
2021.0;24.0;Dordogne;75.0;Nouvelle-Aquitaine;589155.34491
2023.0;53.0;Mayenne;52.0;Pays de la Loire;313989.8983
2020.0;40.0;Landes;75.0;Nouvelle-Aquitaine;435384.89042
2020.0;60.0;Oise;32.0;Hauts-de-France;1622214.19883
2023.0;23.0;Creuse;75.0;Nouvelle-Aquitaine;94088.48968
2019.0;971.0;Guadeloupe;1.0;Guadeloupe;0.0
2018.0;7.0;Ardèche;84.0;Auvergne-Rhône-Alpes;276362.08911
2024.0;33.0;Gironde;75.0;Nouvelle-Aquitaine;2551047.19301
2021.0;74.0;Haute-Savoie;84.0;Auvergne-Rhône-Alpes;1388643.53698
2021.0;11.0;Aude;76.0;Occitanie;383257.5654
2020.0;61.0;Orne;28.0;Normandie;299469.89639
2019.0;81.0;Tarn;76.0;Occitanie;467900.47619
2019.0;83.0;Var;93.0;Provence-Alpes-Côte d'Azur;808027.98485
2023.0;7.0;Ardèche;84.0;Auvergne-Rhône-Alpes;199135.58065
2020.0;79.0;Deux-Sèvres;75.0;Nouvelle-Aquitaine;424157.01576
2021.0;4.0;Alpes-de-Haute-Provence;93.0;Provence-Alpes-Côte d'Azur;91181.02594
2018.0;56.0;Morbihan;53.0;Bretagne;1139351.59726
2021.0;971.0;Guadeloupe;1.0;Guadeloupe;0.0
2018.0;34.0;Hérault;76.0;Occitanie;1630752.60657
2019.0;26.0;Drôme;84.0;Auvergne-Rhône-Alpes;794979.54141
2024.0;40.0;Landes;75.0;Nouvelle-Aquitaine;342552.02855
2020.0;39.0;Jura;27.0;Bourgogne-Franche-Comté;401655.86541
2022.0;21.0;Côte-d'Or;27.0;Bourgogne-Franche-Comté;1170207.31759
2021.0;974.0;La Réunion;4.0;La Réunion;0.0
2020.0;38.0;Isère;84.0;Auvergne-Rhône-Alpes;1751969.62867
2019.0;17.0;Charente-Maritime;75.0;Nouvelle-Aquitaine;839534.49456
2024.0;66.0;Pyrénées-Orientales;76.0;Occitanie;241573.5104
2023.0;77.0;Seine-et-Marne;11.0;Île-de-France;2878890.48729
2019.0;84.0;Vaucluse;93.0;Provence-Alpes-Côte d'Azur;571117.74173
2023.0;11.0;Aude;76.0;Occitanie;284060.8073
2021.0;58.0;Nièvre;27.0;Bourgogne-Franche-Comté;445484.83801
2021.0;10.0;Aube;44.0;Grand Est;672571.45098
2022.0;36.0;Indre;24.0;Centre-Val de Loire;338110.98225
2018.0;68.0;Haut-Rhin;44.0;Grand Est;2119087.97186
2019.0;40.0;Landes;75.0;Nouvelle-Aquitaine;451010.40505
2021.0;45.0;Loiret;24.0;Centre-Val de Loire;1622878.39801
2024.0;74.0;Haute-Savoie;84.0;Auvergne-Rhône-Alpes;1102421.06528
2021.0;36.0;Indre;24.0;Centre-Val de Loire;426391.18719
2019.0;9.0;Ariège;76.0;Occitanie;257780.77469
2020.0;82.0;Tarn-et-Garonne;76.0;Occitanie;236113.43703
2020.0;976.0;Mayotte;6.0;Mayotte;0.0
2020.0;2.0;Aisne;32.0;Hauts-de-France;1127293.7321
2018.0;6.0;Alpes-Maritimes;93.0;Provence-Alpes-Côte d'Azur;2021354.0867
2019.0;42.0;Loire;84.0;Auvergne-Rhône-Alpes;1899667.31705
2021.0;35.0;Ille-et-Vilaine;53.0;Bretagne;1966911.04648
2019.0;15.0;Cantal;84.0;Auvergne-Rhône-Alpes;126460.93792
2021.0;5.0;Hautes-Alpes;93.0;Provence-Alpes-Côte d'Azur;110828.51274
2018.0;57.0;Moselle;44.0;Grand Est;4089918.33736
2022.0;75.0;Paris;11.0;Île-de-France;4398620.42646
2023.0;65.0;Hautes-Pyrénées;76.0;Occitanie;427710.49516
2018.0;86.0;Vienne;75.0;Nouvelle-Aquitaine;653587.60212
2020.0;74.0;Haute-Savoie;84.0;Auvergne-Rhône-Alpes;1295553.6652
2021.0;973.0;Guyane;3.0;Guyane;0.0
2024.0;64.0;Pyrénées-Atlantiques;75.0;Nouvelle-Aquitaine;1111913.23416
2023.0;47.0;Lot-et-Garonne;75.0;Nouvelle-Aquitaine;366485.45151
2018.0;49.0;Maine-et-Loire;52.0;Pays de la Loire;1295162.48841
2020.0;28.0;Eure-et-Loir;24.0;Centre-Val de Loire;847173.62429
2024.0;46.0;Lot;76.0;Occitanie;93891.6092
2024.0;82.0;Tarn-et-Garonne;76.0;Occitanie;175970.22051
2022.0;71.0;Saône-et-Loire;27.0;Bourgogne-Franche-Comté;1289442.50807
2024.0;58.0;Nièvre;27.0;Bourgogne-Franche-Comté;320484.37398
2019.0;44.0;Loire-Atlantique;52.0;Pays de la Loire;2888208.0363
2024.0;36.0;Indre;24.0;Centre-Val de Loire;306546.41918
2023.0;972.0;Martinique;2.0;Martinique;0.0
2024.0;85.0;Vendée;52.0;Pays de la Loire;565127.43707
2024.0;44.0;Loire-Atlantique;52.0;Pays de la Loire;2240471.522
2024.0;88.0;Vosges;44.0;Grand Est;617444.98565
2021.0;38.0;Isère;84.0;Auvergne-Rhône-Alpes;1852396.36378
2023.0;37.0;Indre-et-Loire;24.0;Centre-Val de Loire;933562.56194
2023.0;28.0;Eure-et-Loir;24.0;Centre-Val de Loire;672277.92449
2024.0;59.0;Nord;32.0;Hauts-de-France;6828315.03746999
2022.0;79.0;Deux-Sèvres;75.0;Nouvelle-Aquitaine;377591.43253
2018.0;11.0;Aude;76.0;Occitanie;411075.18544
2019.0;82.0;Tarn-et-Garonne;76.0;Occitanie;249422.53588
2024.0;38.0;Isère;84.0;Auvergne-Rhône-Alpes;1246975.8078
2022.0;92.0;Hauts-de-Seine;11.0;Île-de-France;3642098.71749
2023.0;974.0;La Réunion;4.0;La Réunion;0.0
2021.0;79.0;Deux-Sèvres;75.0;Nouvelle-Aquitaine;472746.49279
2024.0;54.0;Meurthe-et-Moselle;44.0;Grand Est;1996627.98576
2018.0;61.0;Orne;28.0;Normandie;338590.61707
2018.0;40.0;Landes;75.0;Nouvelle-Aquitaine;478025.77359
2018.0;18.0;Cher;24.0;Centre-Val de Loire;706989.18317
2018.0;29.0;Finistère;53.0;Bretagne;1298256.52747
2024.0;39.0;Jura;27.0;Bourgogne-Franche-Comté;328692.59782
2021.0;40.0;Landes;75.0;Nouvelle-Aquitaine;466055.24521
2024.0;24.0;Dordogne;75.0;Nouvelle-Aquitaine;425546.76751
2023.0;10.0;Aube;44.0;Grand Est;500808.70918
2019.0;62.0;Pas-de-Calais;32.0;Hauts-de-France;4396209.24315
2024.0;2A;Corse-du-Sud;94.0;Corse;0.0
2018.0;15.0;Cantal;84.0;Auvergne-Rhône-Alpes;124701.31997
2018.0;14.0;Calvados;28.0;Normandie;1397716.49973
2018.0;91.0;Essonne;11.0;Île-de-France;3854383.59142
2023.0;2A;Corse-du-Sud;94.0;Corse;0.0
2021.0;7.0;Ardèche;84.0;Auvergne-Rhône-Alpes;279636.142
2019.0;3.0;Allier;84.0;Auvergne-Rhône-Alpes;891311.89223
2024.0;93.0;Seine-Saint-Denis;11.0;Île-de-France;2924522.61079
2023.0;78.0;Yvelines;11.0;Île-de-France;3469205.26143
2020.0;2B;Haute-Corse;94.0;Corse;0.0
2024.0;61.0;Orne;28.0;Normandie;247118.91043
2018.0;12.0;Aveyron;76.0;Occitanie;396303.15581
2021.0;27.0;Eure;28.0;Normandie;986835.01642
2021.0;77.0;Seine-et-Marne;11.0;Île-de-France;3835674.76983
2022.0;65.0;Hautes-Pyrénées;76.0;Occitanie;477461.31256
2024.0;92.0;Hauts-de-Seine;11.0;Île-de-France;3522065.75209
2018.0;71.0;Saône-et-Loire;27.0;Bourgogne-Franche-Comté;1577975.86005
2023.0;61.0;Orne;28.0;Normandie;245622.96591
2020.0;8.0;Ardennes;44.0;Grand Est;760427.5779
2021.0;12.0;Aveyron;76.0;Occitanie;380597.35882
2021.0;30.0;Gard;76.0;Occitanie;998874.1142
2024.0;77.0;Seine-et-Marne;11.0;Île-de-France;2891565.01222
2024.0;22.0;Côtes-d'Armor;53.0;Bretagne;513696.00099
2024.0;70.0;Haute-Saône;27.0;Bourgogne-Franche-Comté;211626.27791
2022.0;40.0;Landes;75.0;Nouvelle-Aquitaine;382802.28132
2019.0;12.0;Aveyron;76.0;Occitanie;400371.28369
2024.0;13.0;Bouches-du-Rhône;93.0;Provence-Alpes-Côte d'Azur;1694479.52111
2023.0;90.0;Territoire de Belfort;27.0;Bourgogne-Franche-Comté;305571.54729
2019.0;59.0;Nord;32.0;Hauts-de-France;9015649.99557
2022.0;85.0;Vendée;52.0;Pays de la Loire;594074.20129
2022.0;60.0;Oise;32.0;Hauts-de-France;1429930.56141
2023.0;25.0;Doubs;27.0;Bourgogne-Franche-Comté;797411.15977
2019.0;6.0;Alpes-Maritimes;93.0;Provence-Alpes-Côte d'Azur;2022629.75915
2021.0;6.0;Alpes-Maritimes;93.0;Provence-Alpes-Côte d'Azur;2008052.03461
2021.0;52.0;Haute-Marne;44.0;Grand Est;327400.42661
2023.0;24.0;Dordogne;75.0;Nouvelle-Aquitaine;441765.5541
2024.0;60.0;Oise;32.0;Hauts-de-France;1335199.10924
2021.0;13.0;Bouches-du-Rhône;93.0;Provence-Alpes-Côte d'Azur;2449909.61882
2024.0;3.0;Allier;84.0;Auvergne-Rhône-Alpes;666164.55213
2024.0;45.0;Loiret;24.0;Centre-Val de Loire;1216824.08478
2023.0;41.0;Loir-et-Cher;24.0;Centre-Val de Loire;475053.19782
2018.0;87.0;Haute-Vienne;75.0;Nouvelle-Aquitaine;814420.68469
2019.0;2A;Corse-du-Sud;94.0;Corse;0.0
2021.0;25.0;Doubs;27.0;Bourgogne-Franche-Comté;1088414.76041
2018.0;50.0;Manche;28.0;Normandie;608952.17842
2018.0;75.0;Paris;11.0;Île-de-France;5666976.23272
2022.0;971.0;Guadeloupe;1.0;Guadeloupe;0.0
2018.0;28.0;Eure-et-Loir;24.0;Centre-Val de Loire;916716.78156
2024.0;25.0;Doubs;27.0;Bourgogne-Franche-Comté;805777.83143
2019.0;16.0;Charente;75.0;Nouvelle-Aquitaine;686645.2351
2018.0;38.0;Isère;84.0;Auvergne-Rhône-Alpes;1554351.31724
2018.0;83.0;Var;93.0;Provence-Alpes-Côte d'Azur;817090.44647
2023.0;16.0;Charente;75.0;Nouvelle-Aquitaine;514109.54675
2022.0;28.0;Eure-et-Loir;24.0;Centre-Val de Loire;708190.98896
2020.0;21.0;Côte-d'Or;27.0;Bourgogne-Franche-Comté;1315925.62248
2020.0;37.0;Indre-et-Loire;24.0;Centre-Val de Loire;1103843.48077
2020.0;70.0;Haute-Saône;27.0;Bourgogne-Franche-Comté;262380.83393
2020.0;68.0;Haut-Rhin;44.0;Grand Est;1963821.51913
2020.0;27.0;Eure;28.0;Normandie;907805.50383
2023.0;85.0;Vendée;52.0;Pays de la Loire;562375.75186
2019.0;53.0;Mayenne;52.0;Pays de la Loire;403798.49902
2023.0;6.0;Alpes-Maritimes;93.0;Provence-Alpes-Côte d'Azur;1450756.82727
2022.0;23.0;Creuse;75.0;Nouvelle-Aquitaine;99405.13717
2018.0;32.0;Gers;76.0;Occitanie;177705.54095
2024.0;19.0;Corrèze;75.0;Nouvelle-Aquitaine;296137.96329
2020.0;3.0;Allier;84.0;Auvergne-Rhône-Alpes;822147.61216
2023.0;42.0;Loire;84.0;Auvergne-Rhône-Alpes;1473243.13571
2020.0;31.0;Haute-Garonne;76.0;Occitanie;2611511.50718
2019.0;78.0;Yvelines;11.0;Île-de-France;4658849.75245
2018.0;33.0;Gironde;75.0;Nouvelle-Aquitaine;3510752.50343
2021.0;41.0;Loir-et-Cher;24.0;Centre-Val de Loire;644216.934479999
2023.0;52.0;Haute-Marne;44.0;Grand Est;240076.25688
2024.0;78.0;Yvelines;11.0;Île-de-France;3542706.6941
2019.0;58.0;Nièvre;27.0;Bourgogne-Franche-Comté;428618.97002
2020.0;22.0;Côtes-d'Armor;53.0;Bretagne;628411.41826
2022.0;59.0;Nord;32.0;Hauts-de-France;7375501.93806
2022.0;58.0;Nièvre;27.0;Bourgogne-Franche-Comté;359203.24538
2021.0;39.0;Jura;27.0;Bourgogne-Franche-Comté;460550.83567
2019.0;1.0;Ain;84.0;Auvergne-Rhône-Alpes;1157960.06789
2020.0;26.0;Drôme;84.0;Auvergne-Rhône-Alpes;759560.9887
2019.0;2B;Haute-Corse;94.0;Corse;0.0
2021.0;64.0;Pyrénées-Atlantiques;75.0;Nouvelle-Aquitaine;1530944.80863
2021.0;56.0;Morbihan;53.0;Bretagne;1130463.69373
2021.0;87.0;Haute-Vienne;75.0;Nouvelle-Aquitaine;825625.41746
2023.0;18.0;Cher;24.0;Centre-Val de Loire;534755.91565
2020.0;13.0;Bouches-du-Rhône;93.0;Provence-Alpes-Côte d'Azur;2317255.89239
2018.0;64.0;Pyrénées-Atlantiques;75.0;Nouvelle-Aquitaine;1630821.6739
2018.0;35.0;Ille-et-Vilaine;53.0;Bretagne;1886817.97626
2020.0;92.0;Hauts-de-Seine;11.0;Île-de-France;4103977.91812
2018.0;62.0;Pas-de-Calais;32.0;Hauts-de-France;4557541.93892
2018.0;89.0;Yonne;27.0;Bourgogne-Franche-Comté;789359.55059
2020.0;83.0;Var;93.0;Provence-Alpes-Côte d'Azur;776170.87707
2020.0;9.0;Ariège;76.0;Occitanie;244837.61418
2022.0;45.0;Loiret;24.0;Centre-Val de Loire;1291173.68311
2023.0;21.0;Côte-d'Or;27.0;Bourgogne-Franche-Comté;1081895.70361
2019.0;41.0;Loir-et-Cher;24.0;Centre-Val de Loire;636788.76247
2018.0;37.0;Indre-et-Loire;24.0;Centre-Val de Loire;1202913.88618
2018.0;74.0;Haute-Savoie;84.0;Auvergne-Rhône-Alpes;1236911.15972
2024.0;47.0;Lot-et-Garonne;75.0;Nouvelle-Aquitaine;342298.62162
2019.0;45.0;Loiret;24.0;Centre-Val de Loire;1557819.72009
2021.0;19.0;Corrèze;75.0;Nouvelle-Aquitaine;402130.62835
2020.0;85.0;Vendée;52.0;Pays de la Loire;661237.35543
2023.0;15.0;Cantal;84.0;Auvergne-Rhône-Alpes;96097.61242
2020.0;34.0;Hérault;76.0;Occitanie;1479034.47046
2024.0;8.0;Ardennes;44.0;Grand Est;614062.46252
2021.0;31.0;Haute-Garonne;76.0;Occitanie;2766273.80529
2019.0;36.0;Indre;24.0;Centre-Val de Loire;413843.87952
2019.0;76.0;Seine-Maritime;28.0;Normandie;2739055.69432
2024.0;86.0;Vienne;75.0;Nouvelle-Aquitaine;470839.02057
2018.0;72.0;Sarthe;52.0;Pays de la Loire;1120610.95078
2024.0;43.0;Haute-Loire;84.0;Auvergne-Rhône-Alpes;263957.57471
2021.0;57.0;Moselle;44.0;Grand Est;4180618.02985
2023.0;46.0;Lot;76.0;Occitanie;98439.48784
2020.0;30.0;Gard;76.0;Occitanie;951257.2741
2020.0;19.0;Corrèze;75.0;Nouvelle-Aquitaine;370501.15644
2022.0;973.0;Guyane;3.0;Guyane;0.0
2020.0;973.0;Guyane;3.0;Guyane;0.0
2019.0;63.0;Puy-de-Dôme;84.0;Auvergne-Rhône-Alpes;1527119.58025
2023.0;36.0;Indre;24.0;Centre-Val de Loire;311882.04858
2018.0;21.0;Côte-d'Or;27.0;Bourgogne-Franche-Comté;1394670.31195
2023.0;43.0;Haute-Loire;84.0;Auvergne-Rhône-Alpes;267894.67637
2021.0;90.0;Territoire de Belfort;27.0;Bourgogne-Franche-Comté;410190.38962
2021.0;95.0;Val-d'Oise;11.0;Île-de-France;3263225.412
2019.0;974.0;La Réunion;4.0;La Réunion;0.0
2018.0;60.0;Oise;32.0;Hauts-de-France;1820457.05422
2021.0;70.0;Haute-Saône;27.0;Bourgogne-Franche-Comté;293914.00638
2023.0;19.0;Corrèze;75.0;Nouvelle-Aquitaine;308875.43752
2019.0;67.0;Bas-Rhin;44.0;Grand Est;2182656.18489
2024.0;21.0;Côte-d'Or;27.0;Bourgogne-Franche-Comté;1082447.70288
2018.0;24.0;Dordogne;75.0;Nouvelle-Aquitaine;585701.08737
2021.0;2.0;Aisne;32.0;Hauts-de-France;1251712.11776
2018.0;54.0;Meurthe-et-Moselle;44.0;Grand Est;2752742.55819
2020.0;972.0;Martinique;2.0;Martinique;0.0
2022.0;37.0;Indre-et-Loire;24.0;Centre-Val de Loire;1004318.86497
2024.0;973.0;Guyane;3.0;Guyane;0.0
2021.0;1.0;Ain;84.0;Auvergne-Rhône-Alpes;1117959.80542
2020.0;48.0;Lozère;76.0;Occitanie;0.0
2018.0;1.0;Ain;84.0;Auvergne-Rhône-Alpes;1127740.56482
2020.0;51.0;Marne;44.0;Grand Est;1256702.28874
2018.0;23.0;Creuse;75.0;Nouvelle-Aquitaine;125421.48485
2019.0;27.0;Eure;28.0;Normandie;985953.33366
2024.0;32.0;Gers;76.0;Occitanie;120600.18954
2020.0;80.0;Somme;32.0;Hauts-de-France;1086361.39138
2019.0;18.0;Cher;24.0;Centre-Val de Loire;700627.26432
2020.0;7.0;Ardèche;84.0;Auvergne-Rhône-Alpes;254328.20053
2023.0;12.0;Aveyron;76.0;Occitanie;289308.58826
2023.0;60.0;Oise;32.0;Hauts-de-France;1347826.85802
2023.0;72.0;Sarthe;52.0;Pays de la Loire;836213.61953
2022.0;47.0;Lot-et-Garonne;75.0;Nouvelle-Aquitaine;400278.73977
2023.0;58.0;Nièvre;27.0;Bourgogne-Franche-Comté;329169.71686
2019.0;43.0;Haute-Loire;84.0;Auvergne-Rhône-Alpes;349611.85978
2021.0;34.0;Hérault;76.0;Occitanie;1543792.25016
2024.0;79.0;Deux-Sèvres;75.0;Nouvelle-Aquitaine;357919.56782
2023.0;13.0;Bouches-du-Rhône;93.0;Provence-Alpes-Côte d'Azur;1821325.93331
2020.0;29.0;Finistère;53.0;Bretagne;1221590.54012
2021.0;76.0;Seine-Maritime;28.0;Normandie;2648101.06952
2020.0;12.0;Aveyron;76.0;Occitanie;366494.93939
2020.0;46.0;Lot;76.0;Occitanie;117714.19256
2020.0;23.0;Creuse;75.0;Nouvelle-Aquitaine;112501.70363
2021.0;86.0;Vienne;75.0;Nouvelle-Aquitaine;615615.56391
2018.0;13.0;Bouches-du-Rhône;93.0;Provence-Alpes-Côte d'Azur;2409403.38441
2021.0;49.0;Maine-et-Loire;52.0;Pays de la Loire;1218105.78847
2019.0;7.0;Ardèche;84.0;Auvergne-Rhône-Alpes;279936.8913
2023.0;83.0;Var;93.0;Provence-Alpes-Côte d'Azur;599973.29641
2020.0;33.0;Gironde;75.0;Nouvelle-Aquitaine;3158476.53335
2022.0;2B;Haute-Corse;94.0;Corse;0.0
2024.0;81.0;Tarn;76.0;Occitanie;373792.81038
2024.0;56.0;Morbihan;53.0;Bretagne;866926.09117
2018.0;10.0;Aube;44.0;Grand Est;778884.64061
2024.0;16.0;Charente;75.0;Nouvelle-Aquitaine;495172.90124
2024.0;34.0;Hérault;76.0;Occitanie;1061583.54541
2019.0;24.0;Dordogne;75.0;Nouvelle-Aquitaine;576197.04895
2018.0;58.0;Nièvre;27.0;Bourgogne-Franche-Comté;427778.36703
2024.0;49.0;Maine-et-Loire;52.0;Pays de la Loire;933266.64267
2022.0;19.0;Corrèze;75.0;Nouvelle-Aquitaine;328701.2256
2023.0;57.0;Moselle;44.0;Grand Est;3132007.89023
2021.0;972.0;Martinique;2.0;Martinique;0.0
2022.0;78.0;Yvelines;11.0;Île-de-France;3652995.64146
2022.0;8.0;Ardennes;44.0;Grand Est;671897.31112
2022.0;69.0;Rhône;84.0;Auvergne-Rhône-Alpes;3651398.61776
2021.0;65.0;Hautes-Pyrénées;76.0;Occitanie;539733.53386
2023.0;67.0;Bas-Rhin;44.0;Grand Est;1627265.04881
2022.0;55.0;Meuse;44.0;Grand Est;322209.51472
2022.0;68.0;Haut-Rhin;44.0;Grand Est;1709586.74162
2022.0;972.0;Martinique;2.0;Martinique;0.0
2021.0;88.0;Vosges;44.0;Grand Est;849198.71169
2018.0;82.0;Tarn-et-Garonne;76.0;Occitanie;257159.76476
2020.0;24.0;Dordogne;75.0;Nouvelle-Aquitaine;536576.43579
2024.0;974.0;La Réunion;4.0;La Réunion;0.0
2024.0;80.0;Somme;32.0;Hauts-de-France;907794.45739
2022.0;50.0;Manche;28.0;Normandie;480240.93045
2023.0;81.0;Tarn;76.0;Occitanie;424498.04782
2021.0;69.0;Rhône;84.0;Auvergne-Rhône-Alpes;4544539.99494
2018.0;69.0;Rhône;84.0;Auvergne-Rhône-Alpes;4397759.80709
2020.0;64.0;Pyrénées-Atlantiques;75.0;Nouvelle-Aquitaine;1444058.62917
2023.0;45.0;Loiret;24.0;Centre-Val de Loire;1207687.0761
2022.0;80.0;Somme;32.0;Hauts-de-France;1009900.43273
2019.0;73.0;Savoie;84.0;Auvergne-Rhône-Alpes;618001.44253
2020.0;17.0;Charente-Maritime;75.0;Nouvelle-Aquitaine;772049.62302
2021.0;91.0;Essonne;11.0;Île-de-France;3598337.52401
2024.0;41.0;Loir-et-Cher;24.0;Centre-Val de Loire;503108.68672
2023.0;48.0;Lozère;76.0;Occitanie;0.0
2018.0;972.0;Martinique;2.0;Martinique;0.0
2020.0;6.0;Alpes-Maritimes;93.0;Provence-Alpes-Côte d'Azur;1981527.84553
2023.0;82.0;Tarn-et-Garonne;76.0;Occitanie;189190.81497
2024.0;12.0;Aveyron;76.0;Occitanie;273862.09875
2018.0;95.0;Val-d'Oise;11.0;Île-de-France;3487610.81175
2020.0;11.0;Aude;76.0;Occitanie;370357.26948
2023.0;3.0;Allier;84.0;Auvergne-Rhône-Alpes;680318.21693
2020.0;45.0;Loiret;24.0;Centre-Val de Loire;1449676.50104
2021.0;84.0;Vaucluse;93.0;Provence-Alpes-Côte d'Azur;577707.22578
2019.0;57.0;Moselle;44.0;Grand Est;4157179.95852
2023.0;63.0;Puy-de-Dôme;84.0;Auvergne-Rhône-Alpes;1191958.93119
2021.0;67.0;Bas-Rhin;44.0;Grand Est;2351315.71182
2018.0;88.0;Vosges;44.0;Grand Est;850498.55718
2022.0;16.0;Charente;75.0;Nouvelle-Aquitaine;550984.76278
2019.0;54.0;Meurthe-et-Moselle;44.0;Grand Est;2766791.42752
2019.0;80.0;Somme;32.0;Hauts-de-France;1253545.89689
2024.0;2.0;Aisne;32.0;Hauts-de-France;904238.81076
2018.0;44.0;Loire-Atlantique;52.0;Pays de la Loire;2918456.14893
2022.0;2A;Corse-du-Sud;94.0;Corse;0.0
2024.0;18.0;Cher;24.0;Centre-Val de Loire;528429.74168
2018.0;73.0;Savoie;84.0;Auvergne-Rhône-Alpes;604642.32346
2023.0;64.0;Pyrénées-Atlantiques;75.0;Nouvelle-Aquitaine;1169453.54754
2021.0;94.0;Val-de-Marne;11.0;Île-de-France;3563740.89799
2019.0;66.0;Pyrénées-Orientales;76.0;Occitanie;394168.11491
2020.0;1.0;Ain;84.0;Auvergne-Rhône-Alpes;1085791.91065
2022.0;54.0;Meurthe-et-Moselle;44.0;Grand Est;2161175.73173
2020.0;78.0;Yvelines;11.0;Île-de-France;4064345.78365
2023.0;9.0;Ariège;76.0;Occitanie;190619.01758
2019.0;11.0;Aude;76.0;Occitanie;393333.77887
2023.0;70.0;Haute-Saône;27.0;Bourgogne-Franche-Comté;211044.36623
2022.0;67.0;Bas-Rhin;44.0;Grand Est;1865140.80375
2021.0;89.0;Yonne;27.0;Bourgogne-Franche-Comté;834857.29106
2022.0;38.0;Isère;84.0;Auvergne-Rhône-Alpes;1504222.64174
2020.0;62.0;Pas-de-Calais;32.0;Hauts-de-France;4105833.50738
2018.0;8.0;Ardennes;44.0;Grand Est;851921.43841
2022.0;29.0;Finistère;53.0;Bretagne;1046811.65912
2020.0;88.0;Vosges;44.0;Grand Est;757987.9837
2021.0;17.0;Charente-Maritime;75.0;Nouvelle-Aquitaine;852861.81949
2021.0;55.0;Meuse;44.0;Grand Est;416855.46687
2022.0;10.0;Aube;44.0;Grand Est;540294.65739
2022.0;53.0;Mayenne;52.0;Pays de la Loire;331734.81977
2019.0;77.0;Seine-et-Marne;11.0;Île-de-France;3898179.8716
2019.0;5.0;Hautes-Alpes;93.0;Provence-Alpes-Côte d'Azur;108203.88908
2024.0;90.0;Territoire de Belfort;27.0;Bourgogne-Franche-Comté;308777.27018
2019.0;39.0;Jura;27.0;Bourgogne-Franche-Comté;435021.76773
2019.0;8.0;Ardennes;44.0;Grand Est;847576.85542
2021.0;66.0;Pyrénées-Orientales;76.0;Occitanie;378995.26816
2018.0;5.0;Hautes-Alpes;93.0;Provence-Alpes-Côte d'Azur;104951.5824
2018.0;76.0;Seine-Maritime;28.0;Normandie;2825587.50653
2018.0;976.0;Mayotte;6.0;Mayotte;0.0
2023.0;88.0;Vosges;44.0;Grand Est;628043.88537
2018.0;78.0;Yvelines;11.0;Île-de-France;4747179.36296
2018.0;94.0;Val-de-Marne;11.0;Île-de-France;3821617.93903
2024.0;87.0;Haute-Vienne;75.0;Nouvelle-Aquitaine;604261.41962
2019.0;972.0;Martinique;2.0;Martinique;0.0
2019.0;30.0;Gard;76.0;Occitanie;997236.91293
2023.0;95.0;Val-d'Oise;11.0;Île-de-France;2498850.34401
2023.0;14.0;Calvados;28.0;Normandie;1049297.12822
2020.0;36.0;Indre;24.0;Centre-Val de Loire;379871.88071
2018.0;19.0;Corrèze;75.0;Nouvelle-Aquitaine;407984.16754
2020.0;75.0;Paris;11.0;Île-de-France;5023350.66225
2021.0;976.0;Mayotte;6.0;Mayotte;0.0
2020.0;84.0;Vaucluse;93.0;Provence-Alpes-Côte d'Azur;533177.52588
2019.0;70.0;Haute-Saône;27.0;Bourgogne-Franche-Comté;286406.87175
2024.0;30.0;Gard;76.0;Occitanie;674071.15077
2023.0;79.0;Deux-Sèvres;75.0;Nouvelle-Aquitaine;359316.462
2023.0;94.0;Val-de-Marne;11.0;Île-de-France;2717439.04175
2024.0;72.0;Sarthe;52.0;Pays de la Loire;848294.61226
2019.0;64.0;Pyrénées-Atlantiques;75.0;Nouvelle-Aquitaine;1552777.76047
2018.0;90.0;Territoire de Belfort;27.0;Bourgogne-Franche-Comté;383853.23496
2020.0;4.0;Alpes-de-Haute-Provence;93.0;Provence-Alpes-Côte d'Azur;87670.12988
2024.0;95.0;Val-d'Oise;11.0;Île-de-France;2533711.82674
2020.0;25.0;Doubs;27.0;Bourgogne-Franche-Comté;981306.62586
2021.0;22.0;Côtes-d'Armor;53.0;Bretagne;668868.0622
2018.0;30.0;Gard;76.0;Occitanie;1043570.26875
2018.0;51.0;Marne;44.0;Grand Est;1429699.92013
2021.0;59.0;Nord;32.0;Hauts-de-France;9374582.59137001
2018.0;26.0;Drôme;84.0;Auvergne-Rhône-Alpes;809766.21245
2020.0;86.0;Vienne;75.0;Nouvelle-Aquitaine;593505.869
2024.0;91.0;Essonne;11.0;Île-de-France;2726018.75875
2020.0;18.0;Cher;24.0;Centre-Val de Loire;646579.92463
2018.0;16.0;Charente;75.0;Nouvelle-Aquitaine;700835.94944
2021.0;44.0;Loire-Atlantique;52.0;Pays de la Loire;2897853.02711
2021.0;78.0;Yvelines;11.0;Île-de-France;4521896.40743
2024.0;65.0;Hautes-Pyrénées;76.0;Occitanie;366488.43906
2021.0;33.0;Gironde;75.0;Nouvelle-Aquitaine;3475242.08756
2021.0;50.0;Manche;28.0;Normandie;605880.33347
2023.0;5.0;Hautes-Alpes;93.0;Provence-Alpes-Côte d'Azur;79622.40624
2024.0;10.0;Aube;44.0;Grand Est;488958.03228
2019.0;87.0;Haute-Vienne;75.0;Nouvelle-Aquitaine;817272.31592
2023.0;1.0;Ain;84.0;Auvergne-Rhône-Alpes;842999.35731
2023.0;2.0;Aisne;32.0;Hauts-de-France;930707.81985
2021.0;51.0;Marne;44.0;Grand Est;1427630.7398
2022.0;25.0;Doubs;27.0;Bourgogne-Franche-Comté;858091.18448
2022.0;91.0;Essonne;11.0;Île-de-France;2886955.09876
2021.0;54.0;Meurthe-et-Moselle;44.0;Grand Est;2723835.54202
2024.0;67.0;Bas-Rhin;44.0;Grand Est;1633279.19712
2019.0;48.0;Lozère;76.0;Occitanie;0.0
2022.0;976.0;Mayotte;6.0;Mayotte;0.0
