Année;Code département;Libellé département;Code région;Libellé région;Consommation tertiaire (MWh)
2012.0;9.0;Ariège;76.0;Occitanie;153944.85
2012.0;10.0;Aube;44.0;Grand Est;788109.56
2012.0;38.0;Isère;84.0;Auvergne-Rhône-Alpes;2670237.1399999997
2012.0;84.0;Vaucluse;93.0;Provence-Alpes-Côte d'Azur;1380965.24
2012.0;88.0;Vosges;44.0;Grand Est;789574.0800000001
2013.0;36.0;Indre;24.0;Centre-Val de Loire;577085.51
2013.0;68.0;Haut-Rhin;44.0;Grand Est;1947595.17
2014.0;11.0;Aude;76.0;Occitanie;700067.87
2014.0;21.0;Côte-d'Or;27.0;Bourgogne-Franche-Comté;1746281.38
2014.0;29.0;Finistère;53.0;Bretagne;1827821.85
2014.0;36.0;Indre;24.0;Centre-Val de Loire;541419.01
2015.0;29.0;Finistère;53.0;Bretagne;1827191.49
2015.0;2B;Haute-Corse;94.0;Corse;0.0
2015.0;75.0;Paris;11.0;Île-de-France;9114869.280000001
2016.0;3.0;Allier;84.0;Auvergne-Rhône-Alpes;808357.2
2016.0;42.0;Loire;84.0;Auvergne-Rhône-Alpes;1824234.33
2016.0;57.0;Moselle;44.0;Grand Est;1826439.19
2016.0;72.0;Sarthe;52.0;Pays de la Loire;1570235.3199999998
2016.0;973.0;Guyane;3.0;Guyane;0.0
2017.0;3.0;Allier;84.0;Auvergne-Rhône-Alpes;796509.3
2017.0;4.0;Alpes-de-Haute-Provence;93.0;Provence-Alpes-Côte d'Azur;347899.41
2017.0;8.0;Ardennes;44.0;Grand Est;435267.76
2017.0;11.0;Aude;76.0;Occitanie;674358.2
2017.0;18.0;Cher;24.0;Centre-Val de Loire;687690.44
2017.0;41.0;Loir-et-Cher;24.0;Centre-Val de Loire;717152.46
2017.0;46.0;Lot;76.0;Occitanie;260386.05
2017.0;48.0;Lozère;76.0;Occitanie;93371.23
2017.0;49.0;Maine-et-Loire;52.0;Pays de la Loire;1509663.69
2012.0;35.0;Ille-et-Vilaine;53.0;Bretagne;2622836.55
2012.0;45.0;Loiret;24.0;Centre-Val de Loire;1908298.53
2012.0;47.0;Lot-et-Garonne;75.0;Nouvelle-Aquitaine;768581.75
2012.0;971.0;Guadeloupe;1.0;Guadeloupe;0.0
2013.0;6.0;Alpes-Maritimes;93.0;Provence-Alpes-Côte d'Azur;2244657.05
2013.0;8.0;Ardennes;44.0;Grand Est;261836.11000000002
2013.0;33.0;Gironde;75.0;Nouvelle-Aquitaine;3483413.94
2013.0;50.0;Manche;28.0;Normandie;959325.65
2013.0;52.0;Haute-Marne;44.0;Grand Est;586085.33
2013.0;59.0;Nord;32.0;Hauts-de-France;7457319.15
2013.0;83.0;Var;93.0;Provence-Alpes-Côte d'Azur;1956947.62
2014.0;28.0;Eure-et-Loir;24.0;Centre-Val de Loire;894864.08
2014.0;56.0;Morbihan;53.0;Bretagne;1301355.1
2015.0;2.0;Aisne;32.0;Hauts-de-France;1234545.47
2015.0;28.0;Eure-et-Loir;24.0;Centre-Val de Loire;1068472.5
2015.0;38.0;Isère;84.0;Auvergne-Rhône-Alpes;3478411.79
2015.0;64.0;Pyrénées-Atlantiques;75.0;Nouvelle-Aquitaine;1361057.23
2015.0;974.0;La Réunion;4.0;La Réunion;0.0
2016.0;4.0;Alpes-de-Haute-Provence;93.0;Provence-Alpes-Côte d'Azur;348935.85
2016.0;43.0;Haute-Loire;84.0;Auvergne-Rhône-Alpes;327511.97
2016.0;47.0;Lot-et-Garonne;75.0;Nouvelle-Aquitaine;794084.26
2016.0;55.0;Meuse;44.0;Grand Est;598404.4099999999
2016.0;61.0;Orne;28.0;Normandie;493625.55
2017.0;1.0;Ain;84.0;Auvergne-Rhône-Alpes;2689522.34
2017.0;14.0;Calvados;28.0;Normandie;1773202.35
2017.0;29.0;Finistère;53.0;Bretagne;1943180.44
2017.0;51.0;Marne;44.0;Grand Est;1674021.99
2017.0;68.0;Haut-Rhin;44.0;Grand Est;1983578.96
2012.0;86.0;Vienne;75.0;Nouvelle-Aquitaine;882175.52
2013.0;65.0;Hautes-Pyrénées;76.0;Occitanie;559532.9199999999
2013.0;974.0;La Réunion;4.0;La Réunion;0.0
2014.0;31.0;Haute-Garonne;76.0;Occitanie;3187285.08
2015.0;89.0;Yonne;27.0;Bourgogne-Franche-Comté;1063816.7
2016.0;36.0;Indre;24.0;Centre-Val de Loire;529470.85
2017.0;25.0;Doubs;27.0;Bourgogne-Franche-Comté;1287479.37
2017.0;39.0;Jura;27.0;Bourgogne-Franche-Comté;498115.74
2017.0;78.0;Yvelines;11.0;Île-de-France;4448180.25
2012.0;7.0;Ardèche;84.0;Auvergne-Rhône-Alpes;321180.55
2012.0;51.0;Marne;44.0;Grand Est;1727111.6400000001
2012.0;63.0;Puy-de-Dôme;84.0;Auvergne-Rhône-Alpes;1621680.15
2013.0;49.0;Maine-et-Loire;52.0;Pays de la Loire;1641815.3
2014.0;17.0;Charente-Maritime;75.0;Nouvelle-Aquitaine;1092788.76
2014.0;37.0;Indre-et-Loire;24.0;Centre-Val de Loire;1539098.5
2014.0;67.0;Bas-Rhin;44.0;Grand Est;3065960.83
2015.0;19.0;Corrèze;75.0;Nouvelle-Aquitaine;519454.2
2015.0;43.0;Haute-Loire;84.0;Auvergne-Rhône-Alpes;325291.64
2013.0;28.0;Eure-et-Loir;24.0;Centre-Val de Loire;996787.91
2013.0;53.0;Mayenne;52.0;Pays de la Loire;552861.9299999999
2013.0;87.0;Haute-Vienne;75.0;Nouvelle-Aquitaine;849304.1599999999
2014.0;49.0;Maine-et-Loire;52.0;Pays de la Loire;1515550.32
2014.0;973.0;Guyane;3.0;Guyane;0.0
2015.0;4.0;Alpes-de-Haute-Provence;93.0;Provence-Alpes-Côte d'Azur;342970.23
2015.0;27.0;Eure;28.0;Normandie;1257504.69
2015.0;79.0;Deux-Sèvres;75.0;Nouvelle-Aquitaine;540420.76
2015.0;80.0;Somme;32.0;Hauts-de-France;1463094.03
2016.0;24.0;Dordogne;75.0;Nouvelle-Aquitaine;664692.7
2016.0;64.0;Pyrénées-Atlantiques;75.0;Nouvelle-Aquitaine;1368971.02
2016.0;73.0;Savoie;84.0;Auvergne-Rhône-Alpes;1607108.768
2016.0;86.0;Vienne;75.0;Nouvelle-Aquitaine;821011.9099999999
2016.0;93.0;Seine-Saint-Denis;11.0;Île-de-France;5454219.0600000005
2017.0;21.0;Côte-d'Or;27.0;Bourgogne-Franche-Comté;1684180.63
2017.0;2B;Haute-Corse;94.0;Corse;296800.0
2017.0;50.0;Manche;28.0;Normandie;888832.71
2017.0;73.0;Savoie;84.0;Auvergne-Rhône-Alpes;1663077.13
2012.0;39.0;Jura;27.0;Bourgogne-Franche-Comté;502429.81
2012.0;59.0;Nord;32.0;Hauts-de-France;7381505.9399999995
2012.0;93.0;Seine-Saint-Denis;11.0;Île-de-France;5440740.25
2013.0;13.0;Bouches-du-Rhône;93.0;Provence-Alpes-Côte d'Azur;5346120.3100000005
2013.0;58.0;Nièvre;27.0;Bourgogne-Franche-Comté;557149.58
2013.0;89.0;Yonne;27.0;Bourgogne-Franche-Comté;1157322.37
2013.0;972.0;Martinique;2.0;Martinique;0.0
2014.0;58.0;Nièvre;27.0;Bourgogne-Franche-Comté;466805.11
2014.0;72.0;Sarthe;52.0;Pays de la Loire;1581744.38
2014.0;84.0;Vaucluse;93.0;Provence-Alpes-Côte d'Azur;1292489.4300000002
2014.0;974.0;La Réunion;4.0;La Réunion;0.0
2015.0;37.0;Indre-et-Loire;24.0;Centre-Val de Loire;1544614.6
2015.0;58.0;Nièvre;27.0;Bourgogne-Franche-Comté;463093.88
2015.0;971.0;Guadeloupe;1.0;Guadeloupe;0.0
2016.0;8.0;Ardennes;44.0;Grand Est;452757.07
2016.0;11.0;Aude;76.0;Occitanie;665846.6799999999
2016.0;13.0;Bouches-du-Rhône;93.0;Provence-Alpes-Côte d'Azur;5153613.97
2016.0;17.0;Charente-Maritime;75.0;Nouvelle-Aquitaine;1111677.49
2016.0;50.0;Manche;28.0;Normandie;871073.68
2016.0;58.0;Nièvre;27.0;Bourgogne-Franche-Comté;469609.51
2016.0;71.0;Saône-et-Loire;27.0;Bourgogne-Franche-Comté;1583509.99
2017.0;5.0;Hautes-Alpes;93.0;Provence-Alpes-Côte d'Azur;413702.98
2017.0;9.0;Ariège;76.0;Occitanie;255715.37
2017.0;23.0;Creuse;75.0;Nouvelle-Aquitaine;174552.55
2017.0;34.0;Hérault;76.0;Occitanie;2379993.3600000003
2017.0;61.0;Orne;28.0;Normandie;525251.9199999999
2017.0;77.0;Seine-et-Marne;11.0;Île-de-France;4739771.140000001
2017.0;95.0;Val-d'Oise;11.0;Île-de-France;3275485.1799999997
2013.0;41.0;Loir-et-Cher;24.0;Centre-Val de Loire;823147.1699999999
2014.0;63.0;Puy-de-Dôme;84.0;Auvergne-Rhône-Alpes;1472814.9
2014.0;79.0;Deux-Sèvres;75.0;Nouvelle-Aquitaine;407171.1
2014.0;85.0;Vendée;52.0;Pays de la Loire;1314169.35
2015.0;6.0;Alpes-Maritimes;93.0;Provence-Alpes-Côte d'Azur;3138944.72
2015.0;36.0;Indre;24.0;Centre-Val de Loire;527231.81
2015.0;41.0;Loir-et-Cher;24.0;Centre-Val de Loire;724304.5800000001
2015.0;94.0;Val-de-Marne;11.0;Île-de-France;4497227.93
2016.0;41.0;Loir-et-Cher;24.0;Centre-Val de Loire;736753.35
2016.0;65.0;Hautes-Pyrénées;76.0;Occitanie;562217.77
2016.0;81.0;Tarn;76.0;Occitanie;558273.65
2017.0;973.0;Guyane;3.0;Guyane;340657.0
2012.0;4.0;Alpes-de-Haute-Provence;93.0;Provence-Alpes-Côte d'Azur;287308.02999999997
2012.0;34.0;Hérault;76.0;Occitanie;2402852.7800000003
2012.0;46.0;Lot;76.0;Occitanie;267975.94
2012.0;49.0;Maine-et-Loire;52.0;Pays de la Loire;1651266.67
2013.0;4.0;Alpes-de-Haute-Provence;93.0;Provence-Alpes-Côte d'Azur;294529.52
2013.0;46.0;Lot;76.0;Occitanie;266469.48
2013.0;56.0;Morbihan;53.0;Bretagne;1377149.15
2013.0;67.0;Bas-Rhin;44.0;Grand Est;3669985.17
2013.0;88.0;Vosges;44.0;Grand Est;802431.96
2013.0;93.0;Seine-Saint-Denis;11.0;Île-de-France;5709782.58
2014.0;2.0;Aisne;32.0;Hauts-de-France;603099.13
2014.0;23.0;Creuse;75.0;Nouvelle-Aquitaine;187106.02000000002
2014.0;2A;Corse-du-Sud;94.0;Corse;0.0
2014.0;68.0;Haut-Rhin;44.0;Grand Est;1730030.06
2014.0;89.0;Yonne;27.0;Bourgogne-Franche-Comté;1048224.35
2015.0;62.0;Pas-de-Calais;32.0;Hauts-de-France;3508084.05
2015.0;65.0;Hautes-Pyrénées;76.0;Occitanie;539396.04
2015.0;76.0;Seine-Maritime;28.0;Normandie;3630046.8600000003
2015.0;92.0;Hauts-de-Seine;11.0;Île-de-France;6341338.71
2016.0;22.0;Côtes-d'Armor;53.0;Bretagne;1219427.37
2016.0;23.0;Creuse;75.0;Nouvelle-Aquitaine;185719.22
2016.0;68.0;Haut-Rhin;44.0;Grand Est;1989553.28
2016.0;95.0;Val-d'Oise;11.0;Île-de-France;3452758.73
2017.0;2A;Corse-du-Sud;94.0;Corse;278101.0
2017.0;65.0;Hautes-Pyrénées;76.0;Occitanie;546480.19
2017.0;85.0;Vendée;52.0;Pays de la Loire;1489162.42
2012.0;3.0;Allier;84.0;Auvergne-Rhône-Alpes;464535.29
2012.0;15.0;Cantal;84.0;Auvergne-Rhône-Alpes;215720.7
2012.0;17.0;Charente-Maritime;75.0;Nouvelle-Aquitaine;1148749.0899999999
2012.0;25.0;Doubs;27.0;Bourgogne-Franche-Comté;1353378.6600000001
2012.0;73.0;Savoie;84.0;Auvergne-Rhône-Alpes;1578074.72
2012.0;92.0;Hauts-de-Seine;11.0;Île-de-France;6832532.47
2013.0;25.0;Doubs;27.0;Bourgogne-Franche-Comté;1406688.76
2013.0;2B;Haute-Corse;94.0;Corse;0.0
2013.0;71.0;Saône-et-Loire;27.0;Bourgogne-Franche-Comté;1791848.4
2013.0;72.0;Sarthe;52.0;Pays de la Loire;1775872.4100000001
2013.0;92.0;Hauts-de-Seine;11.0;Île-de-France;7106807.55
2014.0;5.0;Hautes-Alpes;93.0;Provence-Alpes-Côte d'Azur;326865.58
2014.0;15.0;Cantal;84.0;Auvergne-Rhône-Alpes;202124.12
2014.0;30.0;Gard;76.0;Occitanie;1298769.9300000002
2014.0;35.0;Ille-et-Vilaine;53.0;Bretagne;2340654.55
2014.0;43.0;Haute-Loire;84.0;Auvergne-Rhône-Alpes;318286.95999999996
2014.0;65.0;Hautes-Pyrénées;76.0;Occitanie;507300.79
2015.0;1.0;Ain;84.0;Auvergne-Rhône-Alpes;2747061.72
2015.0;45.0;Loiret;24.0;Centre-Val de Loire;1798983.05
2015.0;59.0;Nord;32.0;Hauts-de-France;6719312.83
2015.0;78.0;Yvelines;11.0;Île-de-France;4440541.4
2015.0;86.0;Vienne;75.0;Nouvelle-Aquitaine;808523.86
2016.0;26.0;Drôme;84.0;Auvergne-Rhône-Alpes;1343244.02
2016.0;51.0;Marne;44.0;Grand Est;1699935.55
2016.0;79.0;Deux-Sèvres;75.0;Nouvelle-Aquitaine;637328.52
2017.0;31.0;Haute-Garonne;76.0;Occitanie;3271461.5700000003
2017.0;40.0;Landes;75.0;Nouvelle-Aquitaine;951482.64
2017.0;64.0;Pyrénées-Atlantiques;75.0;Nouvelle-Aquitaine;1432324.88
2012.0;62.0;Pas-de-Calais;32.0;Hauts-de-France;3801987.58
2012.0;76.0;Seine-Maritime;28.0;Normandie;3787707.4
2012.0;87.0;Haute-Vienne;75.0;Nouvelle-Aquitaine;832129.5700000001
2013.0;1.0;Ain;84.0;Auvergne-Rhône-Alpes;1422818.94
2013.0;54.0;Meurthe-et-Moselle;44.0;Grand Est;2257197.38
2013.0;66.0;Pyrénées-Orientales;76.0;Occitanie;914560.98
2013.0;971.0;Guadeloupe;1.0;Guadeloupe;0.0
2015.0;82.0;Tarn-et-Garonne;76.0;Occitanie;508185.73
2016.0;9.0;Ariège;76.0;Occitanie;250166.81
2016.0;28.0;Eure-et-Loir;24.0;Centre-Val de Loire;1014851.32
2016.0;2B;Haute-Corse;94.0;Corse;0.0
2016.0;62.0;Pas-de-Calais;32.0;Hauts-de-France;3614077.67
2016.0;67.0;Bas-Rhin;44.0;Grand Est;3306591.67
2016.0;76.0;Seine-Maritime;28.0;Normandie;3672744.06
2016.0;78.0;Yvelines;11.0;Île-de-France;4543146.48
2017.0;53.0;Mayenne;52.0;Pays de la Loire;522290.6
2017.0;87.0;Haute-Vienne;75.0;Nouvelle-Aquitaine;759550.04
2017.0;90.0;Territoire de Belfort;27.0;Bourgogne-Franche-Comté;434722.49
2017.0;972.0;Martinique;2.0;Martinique;454880.0
2012.0;16.0;Charente;75.0;Nouvelle-Aquitaine;751764.45
2012.0;26.0;Drôme;84.0;Auvergne-Rhône-Alpes;1482466.67
2012.0;30.0;Gard;76.0;Occitanie;1451499.49
2012.0;41.0;Loir-et-Cher;24.0;Centre-Val de Loire;802612.3300000001
2012.0;48.0;Lozère;76.0;Occitanie;89268.04
2012.0;66.0;Pyrénées-Orientales;76.0;Occitanie;895819.39
2012.0;80.0;Somme;32.0;Hauts-de-France;1416949.97
2012.0;91.0;Essonne;11.0;Île-de-France;4660435.48
2013.0;24.0;Dordogne;75.0;Nouvelle-Aquitaine;760676.89
2013.0;27.0;Eure;28.0;Normandie;1472251.17
2013.0;45.0;Loiret;24.0;Centre-Val de Loire;1979144.56
2013.0;90.0;Territoire de Belfort;27.0;Bourgogne-Franche-Comté;435927.92000000004
2014.0;2B;Haute-Corse;94.0;Corse;0.0
2014.0;71.0;Saône-et-Loire;27.0;Bourgogne-Franche-Comté;1629870.81
2014.0;80.0;Somme;32.0;Hauts-de-France;1467645.6400000001
2014.0;94.0;Val-de-Marne;11.0;Île-de-France;4358862.91
2015.0;21.0;Côte-d'Or;27.0;Bourgogne-Franche-Comté;1730413.76
2015.0;46.0;Lot;76.0;Occitanie;258641.65
2015.0;972.0;Martinique;2.0;Martinique;0.0
2016.0;14.0;Calvados;28.0;Normandie;1839578.53
2016.0;39.0;Jura;27.0;Bourgogne-Franche-Comté;490481.63
2016.0;69.0;Rhône;84.0;Auvergne-Rhône-Alpes;5802005.82
2016.0;976.0;Mayotte;6.0;Mayotte;72729.06
2017.0;36.0;Indre;24.0;Centre-Val de Loire;584208.03
2017.0;38.0;Isère;84.0;Auvergne-Rhône-Alpes;3106126.55
2017.0;84.0;Vaucluse;93.0;Provence-Alpes-Côte d'Azur;1421877.32
2012.0;56.0;Morbihan;53.0;Bretagne;1366051.75
2012.0;61.0;Orne;28.0;Normandie;567293.2
2012.0;65.0;Hautes-Pyrénées;76.0;Occitanie;564274.65
2012.0;85.0;Vendée;52.0;Pays de la Loire;1290110.55
2013.0;12.0;Aveyron;76.0;Occitanie;509707.41
2017.0;81.0;Tarn;76.0;Occitanie;555556.0800000001
2012.0;78.0;Yvelines;11.0;Île-de-France;4547753.42
2012.0;79.0;Deux-Sèvres;75.0;Nouvelle-Aquitaine;459720.77
2012.0;95.0;Val-d'Oise;11.0;Île-de-France;3592167.59
2013.0;29.0;Finistère;53.0;Bretagne;1903565.83
2013.0;63.0;Puy-de-Dôme;84.0;Auvergne-Rhône-Alpes;1670821.78
2013.0;74.0;Haute-Savoie;84.0;Auvergne-Rhône-Alpes;2213697.33
2014.0;19.0;Corrèze;75.0;Nouvelle-Aquitaine;505409.53
2014.0;27.0;Eure;28.0;Normandie;1323379.1600000001
2014.0;69.0;Rhône;84.0;Auvergne-Rhône-Alpes;5534131.640000001
2014.0;93.0;Seine-Saint-Denis;11.0;Île-de-France;5275022.3100000005
2015.0;39.0;Jura;27.0;Bourgogne-Franche-Comté;473459.09
2015.0;40.0;Landes;75.0;Nouvelle-Aquitaine;989456.61
2015.0;66.0;Pyrénées-Orientales;76.0;Occitanie;895856.53
2015.0;95.0;Val-d'Oise;11.0;Île-de-France;3352229.94
2016.0;6.0;Alpes-Maritimes;93.0;Provence-Alpes-Côte d'Azur;3141963.38
2016.0;75.0;Paris;11.0;Île-de-France;9268526.43
2016.0;94.0;Val-de-Marne;11.0;Île-de-France;4492265.54
2017.0;2.0;Aisne;32.0;Hauts-de-France;1277876.79
2017.0;10.0;Aube;44.0;Grand Est;740011.15
2017.0;12.0;Aveyron;76.0;Occitanie;530365.11
2017.0;19.0;Corrèze;75.0;Nouvelle-Aquitaine;532198.78
2017.0;55.0;Meuse;44.0;Grand Est;601077.29
2013.0;2A;Corse-du-Sud;94.0;Corse;0.0
2013.0;61.0;Orne;28.0;Normandie;587839.6699999999
2013.0;76.0;Seine-Maritime;28.0;Normandie;3956623.31
2013.0;86.0;Vienne;75.0;Nouvelle-Aquitaine;897718.02
2014.0;12.0;Aveyron;76.0;Occitanie;463834.42
2014.0;64.0;Pyrénées-Atlantiques;75.0;Nouvelle-Aquitaine;1310080.48
2015.0;8.0;Ardennes;44.0;Grand Est;438635.12
2015.0;16.0;Charente;75.0;Nouvelle-Aquitaine;747459.52
2015.0;42.0;Loire;84.0;Auvergne-Rhône-Alpes;1787688.81
2015.0;84.0;Vaucluse;93.0;Provence-Alpes-Côte d'Azur;1342627.55
2016.0;31.0;Haute-Garonne;76.0;Occitanie;3254794.92
2016.0;38.0;Isère;84.0;Auvergne-Rhône-Alpes;3449918.84
2012.0;19.0;Corrèze;75.0;Nouvelle-Aquitaine;543262.73
2012.0;55.0;Meuse;44.0;Grand Est;580557.27
2012.0;60.0;Oise;32.0;Hauts-de-France;2297594.4299999997
2012.0;82.0;Tarn-et-Garonne;76.0;Occitanie;514197.37
2013.0;39.0;Jura;27.0;Bourgogne-Franche-Comté;499059.86
2014.0;57.0;Moselle;44.0;Grand Est;1544315.17
2014.0;95.0;Val-d'Oise;11.0;Île-de-France;3292453.04
2016.0;12.0;Aveyron;76.0;Occitanie;478613.54
2016.0;56.0;Morbihan;53.0;Bretagne;1339458.26
2016.0;84.0;Vaucluse;93.0;Provence-Alpes-Côte d'Azur;1352446.3900000001
2012.0;8.0;Ardennes;44.0;Grand Est;258763.09
2012.0;68.0;Haut-Rhin;44.0;Grand Est;1940501.65
2012.0;77.0;Seine-et-Marne;11.0;Île-de-France;4637522.18
2013.0;5.0;Hautes-Alpes;93.0;Provence-Alpes-Côte d'Azur;356336.36
2012.0;14.0;Calvados;28.0;Normandie;1929175.0899999999
2012.0;64.0;Pyrénées-Atlantiques;75.0;Nouvelle-Aquitaine;1356381.21
2013.0;48.0;Lozère;76.0;Occitanie;89756.97
2013.0;64.0;Pyrénées-Atlantiques;75.0;Nouvelle-Aquitaine;1389511.46
2013.0;84.0;Vaucluse;93.0;Provence-Alpes-Côte d'Azur;1394889.31
2013.0;95.0;Val-d'Oise;11.0;Île-de-France;3690599.08
2014.0;14.0;Calvados;28.0;Normandie;1816149.0699999998
2014.0;16.0;Charente;75.0;Nouvelle-Aquitaine;753891.39
2014.0;46.0;Lot;76.0;Occitanie;247136.68
2014.0;88.0;Vosges;44.0;Grand Est;678761.56
2015.0;11.0;Aude;76.0;Occitanie;674481.37
2015.0;14.0;Calvados;28.0;Normandie;1784530.99
2012.0;81.0;Tarn;76.0;Occitanie;667439.5700000001
2013.0;40.0;Landes;75.0;Nouvelle-Aquitaine;1001855.66
2013.0;60.0;Oise;32.0;Hauts-de-France;2390689.9699999997
2013.0;973.0;Guyane;3.0;Guyane;0.0
2015.0;52.0;Haute-Marne;44.0;Grand Est;483199.46
2015.0;61.0;Orne;28.0;Normandie;476083.52999999997
2015.0;90.0;Territoire de Belfort;27.0;Bourgogne-Franche-Comté;404248.06
2016.0;48.0;Lozère;76.0;Occitanie;95832.63
2017.0;54.0;Meurthe-et-Moselle;44.0;Grand Est;2016091.61
2017.0;71.0;Saône-et-Loire;27.0;Bourgogne-Franche-Comté;1669057.1300000001
2012.0;50.0;Manche;28.0;Normandie;937573.59
2012.0;57.0;Moselle;44.0;Grand Est;1852325.19
2014.0;55.0;Meuse;44.0;Grand Est;580674.4
2014.0;90.0;Territoire de Belfort;27.0;Bourgogne-Franche-Comté;376737.41000000003
2016.0;83.0;Var;93.0;Provence-Alpes-Côte d'Azur;1893672.23
2017.0;22.0;Côtes-d'Armor;53.0;Bretagne;1240250.3399999999
2012.0;12.0;Aveyron;76.0;Occitanie;493620.21
2012.0;54.0;Meurthe-et-Moselle;44.0;Grand Est;2191164.7
2012.0;75.0;Paris;11.0;Île-de-France;9510371.8
2013.0;2.0;Aisne;32.0;Hauts-de-France;635479.86
2013.0;10.0;Aube;44.0;Grand Est;830034.4099999999
2013.0;15.0;Cantal;84.0;Auvergne-Rhône-Alpes;219837.15
2016.0;971.0;Guadeloupe;1.0;Guadeloupe;0.0
2016.0;974.0;La Réunion;4.0;La Réunion;0.0
2017.0;42.0;Loire;84.0;Auvergne-Rhône-Alpes;1838182.4100000001
2017.0;57.0;Moselle;44.0;Grand Est;2181368.96
2017.0;94.0;Val-de-Marne;11.0;Île-de-France;4249399.4
2017.0;974.0;La Réunion;4.0;La Réunion;839297.0
2017.0;976.0;Mayotte;6.0;Mayotte;73953.7
2013.0;35.0;Ille-et-Vilaine;53.0;Bretagne;2599707.52
2013.0;75.0;Paris;11.0;Île-de-France;9653044.6
2013.0;82.0;Tarn-et-Garonne;76.0;Occitanie;512332.24
2014.0;33.0;Gironde;75.0;Nouvelle-Aquitaine;3176692.39
2014.0;86.0;Vienne;75.0;Nouvelle-Aquitaine;795678.1599999999
2015.0;5.0;Hautes-Alpes;93.0;Provence-Alpes-Côte d'Azur;406117.31
2015.0;9.0;Ariège;76.0;Occitanie;254480.05
2015.0;22.0;Côtes-d'Armor;53.0;Bretagne;1186316.67
2015.0;2A;Corse-du-Sud;94.0;Corse;0.0
2015.0;32.0;Gers;76.0;Occitanie;321696.88
2015.0;71.0;Saône-et-Loire;27.0;Bourgogne-Franche-Comté;1621822.15
2016.0;1.0;Ain;84.0;Auvergne-Rhône-Alpes;2716951.08
2016.0;46.0;Lot;76.0;Occitanie;254766.86000000002
2016.0;60.0;Oise;32.0;Hauts-de-France;1820817.84
2016.0;87.0;Haute-Vienne;75.0;Nouvelle-Aquitaine;779524.77
2016.0;92.0;Hauts-de-Seine;11.0;Île-de-France;6415442.15
2017.0;33.0;Gironde;75.0;Nouvelle-Aquitaine;3996761.2
2017.0;74.0;Haute-Savoie;84.0;Auvergne-Rhône-Alpes;2228542.16
2017.0;82.0;Tarn-et-Garonne;76.0;Occitanie;502454.27999999997
2017.0;83.0;Var;93.0;Provence-Alpes-Côte d'Azur;1945428.84
2013.0;94.0;Val-de-Marne;11.0;Île-de-France;4864231.279999999
2014.0;1.0;Ain;84.0;Auvergne-Rhône-Alpes;1578582.2999999998
2014.0;22.0;Côtes-d'Armor;53.0;Bretagne;1101031.22
2014.0;40.0;Landes;75.0;Nouvelle-Aquitaine;973560.95
2014.0;52.0;Haute-Marne;44.0;Grand Est;480865.38
2014.0;74.0;Haute-Savoie;84.0;Auvergne-Rhône-Alpes;1963621.19
2014.0;76.0;Seine-Maritime;28.0;Normandie;3538876.4299999997
2015.0;12.0;Aveyron;76.0;Occitanie;471660.42
2015.0;44.0;Loire-Atlantique;52.0;Pays de la Loire;2912550.04
2016.0;16.0;Charente;75.0;Nouvelle-Aquitaine;755785.59
2016.0;44.0;Loire-Atlantique;52.0;Pays de la Loire;2997120.19
2016.0;59.0;Nord;32.0;Hauts-de-France;6991957.0600000005
2016.0;63.0;Puy-de-Dôme;84.0;Auvergne-Rhône-Alpes;1568396.0899999999
2017.0;43.0;Haute-Loire;84.0;Auvergne-Rhône-Alpes;314283.03
2012.0;5.0;Hautes-Alpes;93.0;Provence-Alpes-Côte d'Azur;344730.86
2012.0;58.0;Nièvre;27.0;Bourgogne-Franche-Comté;568110.95
2013.0;11.0;Aude;76.0;Occitanie;748439.01
2013.0;23.0;Creuse;75.0;Nouvelle-Aquitaine;220617.65
2013.0;31.0;Haute-Garonne;76.0;Occitanie;3502709.07
2013.0;51.0;Marne;44.0;Grand Est;1748670.72
2013.0;70.0;Haute-Saône;27.0;Bourgogne-Franche-Comté;478433.51
2014.0;26.0;Drôme;84.0;Auvergne-Rhône-Alpes;1314013.5899999999
2014.0;54.0;Meurthe-et-Moselle;44.0;Grand Est;1947145.9
2014.0;61.0;Orne;28.0;Normandie;527594.0800000001
2014.0;77.0;Seine-et-Marne;11.0;Île-de-France;4283590.84
2014.0;81.0;Tarn;76.0;Occitanie;622761.36
2015.0;30.0;Gard;76.0;Occitanie;1264467.71
2015.0;31.0;Haute-Garonne;76.0;Occitanie;3250448.38
2015.0;35.0;Ille-et-Vilaine;53.0;Bretagne;2377661.55
2015.0;63.0;Puy-de-Dôme;84.0;Auvergne-Rhône-Alpes;1540888.4
2015.0;85.0;Vendée;52.0;Pays de la Loire;1347978.1800000002
2016.0;27.0;Eure;28.0;Normandie;1313222.45
2016.0;35.0;Ille-et-Vilaine;53.0;Bretagne;2454252.08
2016.0;66.0;Pyrénées-Orientales;76.0;Occitanie;890259.5
2016.0;77.0;Seine-et-Marne;11.0;Île-de-France;4610203.59
2016.0;91.0;Essonne;11.0;Île-de-France;4547908.9
2017.0;6.0;Alpes-Maritimes;93.0;Provence-Alpes-Côte d'Azur;3162949.2
2017.0;28.0;Eure-et-Loir;24.0;Centre-Val de Loire;1094166.37
2017.0;44.0;Loire-Atlantique;52.0;Pays de la Loire;3167797.9
2017.0;45.0;Loiret;24.0;Centre-Val de Loire;1822346.74
2017.0;89.0;Yonne;27.0;Bourgogne-Franche-Comté;1085556.0499999998
2017.0;93.0;Seine-Saint-Denis;11.0;Île-de-France;5165530.98
2013.0;44.0;Loire-Atlantique;52.0;Pays de la Loire;3048936.7199999997
2014.0;7.0;Ardèche;84.0;Auvergne-Rhône-Alpes;319857.38
2014.0;10.0;Aube;44.0;Grand Est;733278.2
2014.0;18.0;Cher;24.0;Centre-Val de Loire;652596.28
2014.0;24.0;Dordogne;75.0;Nouvelle-Aquitaine;697244.81
2014.0;34.0;Hérault;76.0;Occitanie;2311954.01
2014.0;47.0;Lot-et-Garonne;75.0;Nouvelle-Aquitaine;751912.65
2014.0;53.0;Mayenne;52.0;Pays de la Loire;509229.01
2015.0;13.0;Bouches-du-Rhône;93.0;Provence-Alpes-Côte d'Azur;5189637.37
2015.0;49.0;Maine-et-Loire;52.0;Pays de la Loire;1503788.13
2015.0;69.0;Rhône;84.0;Auvergne-Rhône-Alpes;5737661.85
2016.0;5.0;Hautes-Alpes;93.0;Provence-Alpes-Côte d'Azur;417732.63
2016.0;10.0;Aube;44.0;Grand Est;704280.8200000001
2016.0;15.0;Cantal;84.0;Auvergne-Rhône-Alpes;210752.85
2017.0;35.0;Ille-et-Vilaine;53.0;Bretagne;2438837.81
2017.0;59.0;Nord;32.0;Hauts-de-France;7128390.66
2017.0;60.0;Oise;32.0;Hauts-de-France;1797637.9
2017.0;91.0;Essonne;11.0;Île-de-France;4410716.8
2012.0;13.0;Bouches-du-Rhône;93.0;Provence-Alpes-Côte d'Azur;5273373.43
2012.0;2A;Corse-du-Sud;94.0;Corse;0.0
2012.0;32.0;Gers;76.0;Occitanie;345945.38
2012.0;44.0;Loire-Atlantique;52.0;Pays de la Loire;2983375.63
2012.0;53.0;Mayenne;52.0;Pays de la Loire;556425.14
2012.0;69.0;Rhône;84.0;Auvergne-Rhône-Alpes;6124007.02
2012.0;972.0;Martinique;2.0;Martinique;0.0
2013.0;17.0;Charente-Maritime;75.0;Nouvelle-Aquitaine;1178530.04
2013.0;57.0;Moselle;44.0;Grand Est;1840636.72
2013.0;78.0;Yvelines;11.0;Île-de-France;4797004.33
2013.0;91.0;Essonne;11.0;Île-de-France;4713256.09
2014.0;13.0;Bouches-du-Rhône;93.0;Provence-Alpes-Côte d'Azur;4988822.640000001
2014.0;39.0;Jura;27.0;Bourgogne-Franche-Comté;455457.95
2014.0;50.0;Manche;28.0;Normandie;879523.47
2014.0;51.0;Marne;44.0;Grand Est;1540508.13
2014.0;82.0;Tarn-et-Garonne;76.0;Occitanie;482759.58
2015.0;3.0;Allier;84.0;Auvergne-Rhône-Alpes;789873.44
2015.0;26.0;Drôme;84.0;Auvergne-Rhône-Alpes;1375487.3900000001
2015.0;47.0;Lot-et-Garonne;75.0;Nouvelle-Aquitaine;785997.97
2015.0;57.0;Moselle;44.0;Grand Est;2087257.66
2016.0;29.0;Finistère;53.0;Bretagne;1862441.21
2016.0;82.0;Tarn-et-Garonne;76.0;Occitanie;490224.6
2017.0;16.0;Charente;75.0;Nouvelle-Aquitaine;806365.54
2017.0;24.0;Dordogne;75.0;Nouvelle-Aquitaine;677086.02
2017.0;30.0;Gard;76.0;Occitanie;1294535.26
2017.0;37.0;Indre-et-Loire;24.0;Centre-Val de Loire;1573933.56
2012.0;29.0;Finistère;53.0;Bretagne;1892096.8
2013.0;37.0;Indre-et-Loire;24.0;Centre-Val de Loire;1781266.37
2013.0;47.0;Lot-et-Garonne;75.0;Nouvelle-Aquitaine;783192.8
2014.0;6.0;Alpes-Maritimes;93.0;Provence-Alpes-Côte d'Azur;2188693.57
2014.0;41.0;Loir-et-Cher;24.0;Centre-Val de Loire;739295.31
2014.0;42.0;Loire;84.0;Auvergne-Rhône-Alpes;1757936.8399999999
2015.0;50.0;Manche;28.0;Normandie;840263.87
2015.0;73.0;Savoie;84.0;Auvergne-Rhône-Alpes;1596445.84
2015.0;93.0;Seine-Saint-Denis;11.0;Île-de-France;5419807.82
2017.0;56.0;Morbihan;53.0;Bretagne;1352063.3199999998
2017.0;70.0;Haute-Saône;27.0;Bourgogne-Franche-Comté;435028.77999999997
2017.0;75.0;Paris;11.0;Île-de-France;9021207.01
2012.0;22.0;Côtes-d'Armor;53.0;Bretagne;1151524.0
2012.0;28.0;Eure-et-Loir;24.0;Centre-Val de Loire;968725.41
2013.0;7.0;Ardèche;84.0;Auvergne-Rhône-Alpes;322297.01
2013.0;16.0;Charente;75.0;Nouvelle-Aquitaine;787633.37
2013.0;18.0;Cher;24.0;Centre-Val de Loire;735336.8
2013.0;69.0;Rhône;84.0;Auvergne-Rhône-Alpes;6360174.71
2013.0;73.0;Savoie;84.0;Auvergne-Rhône-Alpes;1647071.181
2014.0;3.0;Allier;84.0;Auvergne-Rhône-Alpes;462961.5
2014.0;8.0;Ardennes;44.0;Grand Est;249089.73
2014.0;25.0;Doubs;27.0;Bourgogne-Franche-Comté;1222595.05
2014.0;78.0;Yvelines;11.0;Île-de-France;4251479.859999999
2014.0;91.0;Essonne;11.0;Île-de-France;4159001.82
2014.0;971.0;Guadeloupe;1.0;Guadeloupe;0.0
2015.0;7.0;Ardèche;84.0;Auvergne-Rhône-Alpes;448853.35
2016.0;33.0;Gironde;75.0;Nouvelle-Aquitaine;3887691.0
2016.0;37.0;Indre-et-Loire;24.0;Centre-Val de Loire;1588794.94
2016.0;90.0;Territoire de Belfort;27.0;Bourgogne-Franche-Comté;437186.48
2017.0;67.0;Bas-Rhin;44.0;Grand Est;3689020.3
2012.0;6.0;Alpes-Maritimes;93.0;Provence-Alpes-Côte d'Azur;2224724.08
2012.0;21.0;Côte-d'Or;27.0;Bourgogne-Franche-Comté;2040542.8399999999
2012.0;37.0;Indre-et-Loire;24.0;Centre-Val de Loire;1793763.69
2012.0;70.0;Haute-Saône;27.0;Bourgogne-Franche-Comté;468542.84
2012.0;71.0;Saône-et-Loire;27.0;Bourgogne-Franche-Comté;1750750.31
2012.0;90.0;Territoire de Belfort;27.0;Bourgogne-Franche-Comté;378214.87
2012.0;973.0;Guyane;3.0;Guyane;0.0
2013.0;9.0;Ariège;76.0;Occitanie;163183.59
2013.0;22.0;Côtes-d'Armor;53.0;Bretagne;1135222.3900000001
2014.0;9.0;Ariège;76.0;Occitanie;156964.37
2014.0;48.0;Lozère;76.0;Occitanie;83756.73
2014.0;60.0;Oise;32.0;Hauts-de-France;2115105.23
2014.0;972.0;Martinique;2.0;Martinique;0.0
2015.0;34.0;Hérault;76.0;Occitanie;2370527.5700000003
2015.0;51.0;Marne;44.0;Grand Est;1612529.0
2015.0;55.0;Meuse;44.0;Grand Est;593163.9199999999
2015.0;72.0;Sarthe;52.0;Pays de la Loire;1548979.85
2016.0;7.0;Ardèche;84.0;Auvergne-Rhône-Alpes;472065.65
2016.0;32.0;Gers;76.0;Occitanie;317157.57999999996
2016.0;52.0;Haute-Marne;44.0;Grand Est;439846.8
2016.0;74.0;Haute-Savoie;84.0;Auvergne-Rhône-Alpes;2189287.4
2016.0;85.0;Vendée;52.0;Pays de la Loire;1372599.51
2016.0;972.0;Martinique;2.0;Martinique;0.0
2017.0;62.0;Pas-de-Calais;32.0;Hauts-de-France;3560918.77
2017.0;72.0;Sarthe;52.0;Pays de la Loire;1559525.6
2017.0;76.0;Seine-Maritime;28.0;Normandie;3554729.5
2017.0;86.0;Vienne;75.0;Nouvelle-Aquitaine;1016187.64
2017.0;971.0;Guadeloupe;1.0;Guadeloupe;505424.0
2012.0;67.0;Bas-Rhin;44.0;Grand Est;641590.2
2012.0;74.0;Haute-Savoie;84.0;Auvergne-Rhône-Alpes;2031626.39
2012.0;83.0;Var;93.0;Provence-Alpes-Côte d'Azur;1903831.93
2012.0;94.0;Val-de-Marne;11.0;Île-de-France;4721367.05
2013.0;3.0;Allier;84.0;Auvergne-Rhône-Alpes;476568.05
2013.0;30.0;Gard;76.0;Occitanie;1464966.22
2013.0;38.0;Isère;84.0;Auvergne-Rhône-Alpes;2770612.4299999997
2013.0;81.0;Tarn;76.0;Occitanie;681684.95
2014.0;32.0;Gers;76.0;Occitanie;324386.6
2014.0;87.0;Haute-Vienne;75.0;Nouvelle-Aquitaine;757725.5800000001
2015.0;67.0;Bas-Rhin;44.0;Grand Est;3282011.45
2015.0;81.0;Tarn;76.0;Occitanie;562900.62
2015.0;973.0;Guyane;3.0;Guyane;0.0
2016.0;2A;Corse-du-Sud;94.0;Corse;0.0
2016.0;54.0;Meurthe-et-Moselle;44.0;Grand Est;2028411.66
2017.0;13.0;Bouches-du-Rhône;93.0;Provence-Alpes-Côte d'Azur;5336722.9
2017.0;17.0;Charente-Maritime;75.0;Nouvelle-Aquitaine;1144835.47
2012.0;1.0;Ain;84.0;Auvergne-Rhône-Alpes;2172604.67
2012.0;18.0;Cher;24.0;Centre-Val de Loire;744893.1599999999
2012.0;40.0;Landes;75.0;Nouvelle-Aquitaine;972903.68
2012.0;43.0;Haute-Loire;84.0;Auvergne-Rhône-Alpes;359475.1
2012.0;72.0;Sarthe;52.0;Pays de la Loire;1744261.47
2013.0;21.0;Côte-d'Or;27.0;Bourgogne-Franche-Comté;1975532.4100000001
2013.0;42.0;Loire;84.0;Auvergne-Rhône-Alpes;2023873.26
2013.0;62.0;Pas-de-Calais;32.0;Hauts-de-France;3803204.44
2013.0;77.0;Seine-et-Marne;11.0;Île-de-France;4780810.05
2014.0;70.0;Haute-Saône;27.0;Bourgogne-Franche-Comté;427808.33999999997
2015.0;24.0;Dordogne;75.0;Nouvelle-Aquitaine;656532.8300000001
2015.0;53.0;Mayenne;52.0;Pays de la Loire;513456.16
2015.0;68.0;Haut-Rhin;44.0;Grand Est;1747723.6400000001
2015.0;91.0;Essonne;11.0;Île-de-France;4365280.609999999
2016.0;19.0;Corrèze;75.0;Nouvelle-Aquitaine;523519.1
2016.0;30.0;Gard;76.0;Occitanie;1264703.1600000001
2016.0;40.0;Landes;75.0;Nouvelle-Aquitaine;967159.94
2016.0;49.0;Maine-et-Loire;52.0;Pays de la Loire;1535106.72
2017.0;7.0;Ardèche;84.0;Auvergne-Rhône-Alpes;491857.97000000003
2017.0;32.0;Gers;76.0;Occitanie;321974.43
2017.0;52.0;Haute-Marne;44.0;Grand Est;492956.64
2017.0;63.0;Puy-de-Dôme;84.0;Auvergne-Rhône-Alpes;1610632.53
2017.0;79.0;Deux-Sèvres;75.0;Nouvelle-Aquitaine;721570.0900000001
2017.0;80.0;Somme;32.0;Hauts-de-France;1497601.79
2017.0;92.0;Hauts-de-Seine;11.0;Île-de-France;6214787.57
2012.0;11.0;Aude;76.0;Occitanie;725948.72
2012.0;24.0;Dordogne;75.0;Nouvelle-Aquitaine;748342.6699999999
2012.0;2B;Haute-Corse;94.0;Corse;0.0
2012.0;31.0;Haute-Garonne;76.0;Occitanie;3500000.13
2013.0;32.0;Gers;76.0;Occitanie;361213.27
2014.0;38.0;Isère;84.0;Auvergne-Rhône-Alpes;2547714.29
2014.0;45.0;Loiret;24.0;Centre-Val de Loire;1787660.41
2014.0;62.0;Pas-de-Calais;32.0;Hauts-de-France;3434649.89
2014.0;73.0;Savoie;84.0;Auvergne-Rhône-Alpes;1494357.61
2014.0;75.0;Paris;11.0;Île-de-France;8930367.98
2015.0;10.0;Aube;44.0;Grand Est;669834.19
2015.0;17.0;Charente-Maritime;75.0;Nouvelle-Aquitaine;1129301.7
2015.0;23.0;Creuse;75.0;Nouvelle-Aquitaine;175354.46000000002
2015.0;48.0;Lozère;76.0;Occitanie;85883.38
2015.0;77.0;Seine-et-Marne;11.0;Île-de-France;4441053.359999999
2015.0;83.0;Var;93.0;Provence-Alpes-Côte d'Azur;1910616.52
2015.0;87.0;Haute-Vienne;75.0;Nouvelle-Aquitaine;772631.65
2015.0;976.0;Mayotte;6.0;Mayotte;27208.239999999998
2016.0;25.0;Doubs;27.0;Bourgogne-Franche-Comté;1319489.92
2016.0;45.0;Loiret;24.0;Centre-Val de Loire;1819950.27
2016.0;80.0;Somme;32.0;Hauts-de-France;1503459.55
2016.0;89.0;Yonne;27.0;Bourgogne-Franche-Comté;1091886.1400000001
2017.0;26.0;Drôme;84.0;Auvergne-Rhône-Alpes;1375215.72
2017.0;27.0;Eure;28.0;Normandie;1298797.45
2017.0;58.0;Nièvre;27.0;Bourgogne-Franche-Comté;461582.93
2017.0;88.0;Vosges;44.0;Grand Est;900557.75
2012.0;2.0;Aisne;32.0;Hauts-de-France;637364.89
2012.0;23.0;Creuse;75.0;Nouvelle-Aquitaine;212743.91999999998
2012.0;27.0;Eure;28.0;Normandie;1472063.15
2012.0;42.0;Loire;84.0;Auvergne-Rhône-Alpes;1951230.8399999999
2012.0;974.0;La Réunion;4.0;La Réunion;0.0
2013.0;19.0;Corrèze;75.0;Nouvelle-Aquitaine;542878.41
2013.0;34.0;Hérault;76.0;Occitanie;2401687.29
2013.0;43.0;Haute-Loire;84.0;Auvergne-Rhône-Alpes;367001.38
2013.0;55.0;Meuse;44.0;Grand Est;583560.9299999999
2013.0;80.0;Somme;32.0;Hauts-de-France;1514134.88
2013.0;85.0;Vendée;52.0;Pays de la Loire;1391735.85
2014.0;4.0;Alpes-de-Haute-Provence;93.0;Provence-Alpes-Côte d'Azur;279767.68
2014.0;44.0;Loire-Atlantique;52.0;Pays de la Loire;2898837.96
2015.0;25.0;Doubs;27.0;Bourgogne-Franche-Comté;1270223.88
2015.0;33.0;Gironde;75.0;Nouvelle-Aquitaine;3876179.2699999996
2015.0;56.0;Morbihan;53.0;Bretagne;1301173.51
2015.0;88.0;Vosges;44.0;Grand Est;709364.8300000001
2016.0;34.0;Hérault;76.0;Occitanie;2342847.31
2016.0;70.0;Haute-Saône;27.0;Bourgogne-Franche-Comté;415397.63
2016.0;88.0;Vosges;44.0;Grand Est;714475.61
2017.0;15.0;Cantal;84.0;Auvergne-Rhône-Alpes;213329.48
2017.0;47.0;Lot-et-Garonne;75.0;Nouvelle-Aquitaine;802956.04
2017.0;69.0;Rhône;84.0;Auvergne-Rhône-Alpes;5836848.41
2012.0;33.0;Gironde;75.0;Nouvelle-Aquitaine;3392278.37
2012.0;36.0;Indre;24.0;Centre-Val de Loire;547924.5700000001
2014.0;59.0;Nord;32.0;Hauts-de-France;6463910.4
2014.0;66.0;Pyrénées-Orientales;76.0;Occitanie;871288.42
2014.0;83.0;Var;93.0;Provence-Alpes-Côte d'Azur;1853595.85
2014.0;92.0;Hauts-de-Seine;11.0;Île-de-France;6262159.98
2015.0;60.0;Oise;32.0;Hauts-de-France;1843321.82
2015.0;70.0;Haute-Saône;27.0;Bourgogne-Franche-Comté;397089.69
2015.0;74.0;Haute-Savoie;84.0;Auvergne-Rhône-Alpes;2032311.17
2012.0;52.0;Haute-Marne;44.0;Grand Est;614925.9299999999
2012.0;89.0;Yonne;27.0;Bourgogne-Franche-Comté;1124104.52
2013.0;14.0;Calvados;28.0;Normandie;1973601.45
2013.0;26.0;Drôme;84.0;Auvergne-Rhône-Alpes;1491633.17
2013.0;79.0;Deux-Sèvres;75.0;Nouvelle-Aquitaine;469272.72
2015.0;15.0;Cantal;84.0;Auvergne-Rhône-Alpes;204727.77
2015.0;18.0;Cher;24.0;Centre-Val de Loire;663929.99
2015.0;54.0;Meurthe-et-Moselle;44.0;Grand Est;2004942.3
2016.0;2.0;Aisne;32.0;Hauts-de-France;1269798.85
2016.0;18.0;Cher;24.0;Centre-Val de Loire;674790.6
2016.0;21.0;Côte-d'Or;27.0;Bourgogne-Franche-Comté;1701486.06
2016.0;53.0;Mayenne;52.0;Pays de la Loire;528792.13
2017.0;66.0;Pyrénées-Orientales;76.0;Occitanie;902118.79
2024.0;976.0;Mayotte;6.0;Mayotte;0.0
2020.0;63.0;Puy-de-Dôme;84.0;Auvergne-Rhône-Alpes;2160774.67553
2024.0;28.0;Eure-et-Loir;24.0;Centre-Val de Loire;1368406.74844
2019.0;29.0;Finistère;53.0;Bretagne;3519270.81196
2018.0;31.0;Haute-Garonne;76.0;Occitanie;4114827.40415
2024.0;42.0;Loire;84.0;Auvergne-Rhône-Alpes;1956266.90703
2021.0;37.0;Indre-et-Loire;24.0;Centre-Val de Loire;1839452.07728
2023.0;74.0;Haute-Savoie;84.0;Auvergne-Rhône-Alpes;2743281.93569
2022.0;95.0;Val-d'Oise;11.0;Île-de-France;4091723.43605
2020.0;93.0;Seine-Saint-Denis;11.0;Île-de-France;6646818.23365
2024.0;1.0;Ain;84.0;Auvergne-Rhône-Alpes;3089071.9068
2020.0;974.0;La Réunion;4.0;La Réunion;1088782.478
2019.0;10.0;Aube;44.0;Grand Est;881815.2307
2023.0;976.0;Mayotte;6.0;Mayotte;111460.716
2018.0;39.0;Jura;27.0;Bourgogne-Franche-Comté;1880923.41617
2020.0;52.0;Haute-Marne;44.0;Grand Est;541919.61801
2019.0;28.0;Eure-et-Loir;24.0;Centre-Val de Loire;1382746.83093
2020.0;43.0;Haute-Loire;84.0;Auvergne-Rhône-Alpes;485550.1117
2018.0;53.0;Mayenne;52.0;Pays de la Loire;738732.58356
2023.0;30.0;Gard;76.0;Occitanie;1767342.65781
2021.0;73.0;Savoie;84.0;Auvergne-Rhône-Alpes;2099916.99893
2021.0;8.0;Ardennes;44.0;Grand Est;881208.79907
2021.0;26.0;Drôme;84.0;Auvergne-Rhône-Alpes;1842982.61386
2024.0;17.0;Charente-Maritime;75.0;Nouvelle-Aquitaine;1587101.85731
2019.0;91.0;Essonne;11.0;Île-de-France;5437902.31465
2019.0;86.0;Vienne;75.0;Nouvelle-Aquitaine;1267768.81311
2024.0;50.0;Manche;28.0;Normandie;1256793.32848
2024.0;53.0;Mayenne;52.0;Pays de la Loire;680706.40325
2021.0;42.0;Loire;84.0;Auvergne-Rhône-Alpes;2224063.02106
2023.0;55.0;Meuse;44.0;Grand Est;637441.46142
2022.0;974.0;La Réunion;4.0;La Réunion;1225758.353
2018.0;47.0;Lot-et-Garonne;75.0;Nouvelle-Aquitaine;1091117.62463
2022.0;56.0;Morbihan;53.0;Bretagne;1882061.73629
2021.0;18.0;Cher;24.0;Centre-Val de Loire;966636.84859
2022.0;18.0;Cher;24.0;Centre-Val de Loire;904796.89552
2021.0;2A;Corse-du-Sud;94.0;Corse;350273.581
2021.0;81.0;Tarn;76.0;Occitanie;833079.58805
2021.0;3.0;Allier;84.0;Auvergne-Rhône-Alpes;1191141.08083
2019.0;32.0;Gers;76.0;Occitanie;466944.15169
2022.0;57.0;Moselle;44.0;Grand Est;3454572.20698
2022.0;42.0;Loire;84.0;Auvergne-Rhône-Alpes;2130009.56015
2022.0;90.0;Territoire de Belfort;27.0;Bourgogne-Franche-Comté;466704.07408
2022.0;43.0;Haute-Loire;84.0;Auvergne-Rhône-Alpes;505164.17285
2021.0;9.0;Ariège;76.0;Occitanie;482527.39697
2018.0;85.0;Vendée;52.0;Pays de la Loire;2020905.38641
2018.0;48.0;Lozère;76.0;Occitanie;148245.7377
2020.0;15.0;Cantal;84.0;Auvergne-Rhône-Alpes;324098.00941
2023.0;59.0;Nord;32.0;Hauts-de-France;7110025.53148
2018.0;59.0;Nord;32.0;Hauts-de-France;9258537.82412
2022.0;81.0;Tarn;76.0;Occitanie;796728.80965
2019.0;14.0;Calvados;28.0;Normandie;2061914.79703
2020.0;72.0;Sarthe;52.0;Pays de la Loire;1713619.25593
2019.0;71.0;Saône-et-Loire;27.0;Bourgogne-Franche-Comté;2142179.51581
2024.0;15.0;Cantal;84.0;Auvergne-Rhône-Alpes;302303.65693
2022.0;88.0;Vosges;44.0;Grand Est;1061527.86499
2020.0;69.0;Rhône;84.0;Auvergne-Rhône-Alpes;6492580.86626
2023.0;4.0;Alpes-de-Haute-Provence;93.0;Provence-Alpes-Côte d'Azur;434896.8014
2022.0;7.0;Ardèche;84.0;Auvergne-Rhône-Alpes;723110.1976
2022.0;1.0;Ain;84.0;Auvergne-Rhône-Alpes;3147434.59526
2020.0;16.0;Charente;75.0;Nouvelle-Aquitaine;969048.3515
2023.0;75.0;Paris;11.0;Île-de-France;11448577.70253
2018.0;41.0;Loir-et-Cher;24.0;Centre-Val de Loire;927286.96313
2020.0;53.0;Mayenne;52.0;Pays de la Loire;687392.31131
2020.0;91.0;Essonne;11.0;Île-de-France;5300550.69177
2020.0;77.0;Seine-et-Marne;11.0;Île-de-France;5103565.4102
2018.0;93.0;Seine-Saint-Denis;11.0;Île-de-France;6939146.1537
2019.0;973.0;Guyane;3.0;Guyane;415472.596
2019.0;93.0;Seine-Saint-Denis;11.0;Île-de-France;6814857.08777
2020.0;81.0;Tarn;76.0;Occitanie;764440.07727
2021.0;60.0;Oise;32.0;Hauts-de-France;2580556.21119
2022.0;51.0;Marne;44.0;Grand Est;2252795.04218
2023.0;34.0;Hérault;76.0;Occitanie;2845052.394
2023.0;29.0;Finistère;53.0;Bretagne;2329050.30964
2022.0;64.0;Pyrénées-Atlantiques;75.0;Nouvelle-Aquitaine;1953847.91658
2019.0;19.0;Corrèze;75.0;Nouvelle-Aquitaine;671836.82498
2018.0;80.0;Somme;32.0;Hauts-de-France;2267706.86249
2022.0;49.0;Maine-et-Loire;52.0;Pays de la Loire;2120693.45619
2018.0;22.0;Côtes-d'Armor;53.0;Bretagne;1733566.17157
2022.0;76.0;Seine-Maritime;28.0;Normandie;10506257.78343
2023.0;32.0;Gers;76.0;Occitanie;434744.25299
2019.0;72.0;Sarthe;52.0;Pays de la Loire;1852240.19062
2023.0;22.0;Côtes-d'Armor;53.0;Bretagne;1489226.16469
2024.0;73.0;Savoie;84.0;Auvergne-Rhône-Alpes;2045347.7362
2022.0;4.0;Alpes-de-Haute-Provence;93.0;Provence-Alpes-Côte d'Azur;463747.66085
2019.0;65.0;Hautes-Pyrénées;76.0;Occitanie;855817.54499
2022.0;77.0;Seine-et-Marne;11.0;Île-de-France;5570302.94662
2022.0;35.0;Ille-et-Vilaine;53.0;Bretagne;3193420.17834
2020.0;76.0;Seine-Maritime;28.0;Normandie;9739414.44679
2023.0;44.0;Loire-Atlantique;52.0;Pays de la Loire;3692141.62156
2023.0;27.0;Eure;28.0;Normandie;1468719.20551
2024.0;83.0;Var;93.0;Provence-Alpes-Côte d'Azur;2620924.93779
2019.0;22.0;Côtes-d'Armor;53.0;Bretagne;1813360.42581
2022.0;87.0;Haute-Vienne;75.0;Nouvelle-Aquitaine;976877.11135
2024.0;48.0;Lozère;76.0;Occitanie;154955.96307
2019.0;69.0;Rhône;84.0;Auvergne-Rhône-Alpes;7048395.13883
2023.0;51.0;Marne;44.0;Grand Est;1972468.51792
2020.0;87.0;Haute-Vienne;75.0;Nouvelle-Aquitaine;930316.49268
2023.0;49.0;Maine-et-Loire;52.0;Pays de la Loire;1958240.07017
2019.0;85.0;Vendée;52.0;Pays de la Loire;2044474.31328
2020.0;89.0;Yonne;27.0;Bourgogne-Franche-Comté;1161171.46121
2019.0;56.0;Morbihan;53.0;Bretagne;2078193.42077
2023.0;73.0;Savoie;84.0;Auvergne-Rhône-Alpes;1988162.41155
2019.0;33.0;Gironde;75.0;Nouvelle-Aquitaine;4934742.74737
2021.0;62.0;Pas-de-Calais;32.0;Hauts-de-France;4254948.27355
2018.0;55.0;Meuse;44.0;Grand Est;702208.05227
2021.0;83.0;Var;93.0;Provence-Alpes-Côte d'Azur;2753557.0681
2022.0;17.0;Charente-Maritime;75.0;Nouvelle-Aquitaine;1644425.22576
2020.0;50.0;Manche;28.0;Normandie;1289591.16824
2023.0;38.0;Isère;84.0;Auvergne-Rhône-Alpes;4317064.90528
2022.0;83.0;Var;93.0;Provence-Alpes-Côte d'Azur;2768396.38246
2018.0;2B;Haute-Corse;94.0;Corse;357114.357
2019.0;37.0;Indre-et-Loire;24.0;Centre-Val de Loire;1865491.34742
2020.0;67.0;Bas-Rhin;44.0;Grand Est;3966500.10554
2020.0;47.0;Lot-et-Garonne;75.0;Nouvelle-Aquitaine;1085950.73143
2019.0;38.0;Isère;84.0;Auvergne-Rhône-Alpes;5565904.70632
2019.0;46.0;Lot;76.0;Occitanie;360661.21131
2018.0;9.0;Ariège;76.0;Occitanie;456850.96002
2023.0;40.0;Landes;75.0;Nouvelle-Aquitaine;1209107.0052
2020.0;41.0;Loir-et-Cher;24.0;Centre-Val de Loire;904968.78672
2023.0;39.0;Jura;27.0;Bourgogne-Franche-Comté;813928.83418
2020.0;57.0;Moselle;44.0;Grand Est;3584995.2682
2022.0;94.0;Val-de-Marne;11.0;Île-de-France;4902666.70329
2021.0;80.0;Somme;32.0;Hauts-de-France;1816026.94564
2023.0;26.0;Drôme;84.0;Auvergne-Rhône-Alpes;1558444.68001
2020.0;59.0;Nord;32.0;Hauts-de-France;8323310.92078
2022.0;73.0;Savoie;84.0;Auvergne-Rhône-Alpes;5212213.74193
2024.0;29.0;Finistère;53.0;Bretagne;2319808.54695
2024.0;55.0;Meuse;44.0;Grand Est;638414.46762
2024.0;51.0;Marne;44.0;Grand Est;1974791.83178
2021.0;46.0;Lot;76.0;Occitanie;373923.2072
2018.0;67.0;Bas-Rhin;44.0;Grand Est;3074717.15133
2023.0;92.0;Hauts-de-Seine;11.0;Île-de-France;6232840.50406
2024.0;62.0;Pas-de-Calais;32.0;Hauts-de-France;3444524.80353
2022.0;13.0;Bouches-du-Rhône;93.0;Provence-Alpes-Côte d'Azur;8576946.31845
2018.0;2.0;Aisne;32.0;Hauts-de-France;2114477.8926
2019.0;90.0;Territoire de Belfort;27.0;Bourgogne-Franche-Comté;547044.01659
2021.0;48.0;Lozère;76.0;Occitanie;154516.88456
2024.0;5.0;Hautes-Alpes;93.0;Provence-Alpes-Côte d'Azur;534371.86769
2020.0;2A;Corse-du-Sud;94.0;Corse;319784.776
2019.0;34.0;Hérault;76.0;Occitanie;3301885.84936
2024.0;14.0;Calvados;28.0;Normandie;2008015.11747
2022.0;22.0;Côtes-d'Armor;53.0;Bretagne;1592582.8454
2024.0;89.0;Yonne;27.0;Bourgogne-Franche-Comté;1146842.54633
2018.0;974.0;La Réunion;4.0;La Réunion;1097608.844
2024.0;84.0;Vaucluse;93.0;Provence-Alpes-Côte d'Azur;1578374.31311
2022.0;61.0;Orne;28.0;Normandie;800979.03994
2021.0;61.0;Orne;28.0;Normandie;892450.90341
2024.0;57.0;Moselle;44.0;Grand Est;2791455.10166
2018.0;46.0;Lot;76.0;Occitanie;357336.64994
2018.0;3.0;Allier;84.0;Auvergne-Rhône-Alpes;1205480.60987
2019.0;55.0;Meuse;44.0;Grand Est;682231.35834
2019.0;49.0;Maine-et-Loire;52.0;Pays de la Loire;2160204.57622
2022.0;11.0;Aude;76.0;Occitanie;978613.18874
2021.0;47.0;Lot-et-Garonne;75.0;Nouvelle-Aquitaine;1084390.43681
2019.0;61.0;Orne;28.0;Normandie;852074.21895
2021.0;75.0;Paris;11.0;Île-de-France;12049915.18059
2022.0;30.0;Gard;76.0;Occitanie;2079317.88234
2022.0;14.0;Calvados;28.0;Normandie;2044123.75856
2019.0;2.0;Aisne;32.0;Hauts-de-France;2107128.17367
2020.0;94.0;Val-de-Marne;11.0;Île-de-France;4979845.84569
2022.0;34.0;Hérault;76.0;Occitanie;3069472.059
2024.0;52.0;Haute-Marne;44.0;Grand Est;527918.63751
2024.0;76.0;Seine-Maritime;28.0;Normandie;3445518.94338
2020.0;42.0;Loire;84.0;Auvergne-Rhône-Alpes;2054705.71025
2024.0;971.0;Guadeloupe;1.0;Guadeloupe;598085.411
2019.0;50.0;Manche;28.0;Normandie;1306535.34435
2023.0;50.0;Manche;28.0;Normandie;1335731.35101
2024.0;94.0;Val-de-Marne;11.0;Île-de-France;4658290.27098
2021.0;28.0;Eure-et-Loir;24.0;Centre-Val de Loire;1369763.93744
2019.0;52.0;Haute-Marne;44.0;Grand Est;575290.6345
2024.0;27.0;Eure;28.0;Normandie;1432741.88274
2021.0;68.0;Haut-Rhin;44.0;Grand Est;2857376.27999
2024.0;23.0;Creuse;75.0;Nouvelle-Aquitaine;232301.65326
2021.0;23.0;Creuse;75.0;Nouvelle-Aquitaine;266318.32721
2022.0;89.0;Yonne;27.0;Bourgogne-Franche-Comté;1197494.10802
2018.0;27.0;Eure;28.0;Normandie;1601481.27849
2020.0;44.0;Loire-Atlantique;52.0;Pays de la Loire;3765383.63546
2023.0;87.0;Haute-Vienne;75.0;Nouvelle-Aquitaine;919536.6958
2020.0;54.0;Meurthe-et-Moselle;44.0;Grand Est;2314447.58563
2019.0;23.0;Creuse;75.0;Nouvelle-Aquitaine;231954.57947
2022.0;5.0;Hautes-Alpes;93.0;Provence-Alpes-Côte d'Azur;566312.26032
2023.0;54.0;Meurthe-et-Moselle;44.0;Grand Est;2052092.9466
2023.0;66.0;Pyrénées-Orientales;76.0;Occitanie;1086537.63282
2024.0;11.0;Aude;76.0;Occitanie;897401.49202
2018.0;42.0;Loire;84.0;Auvergne-Rhône-Alpes;2306931.75142
2019.0;31.0;Haute-Garonne;76.0;Occitanie;4148979.78768
2020.0;90.0;Territoire de Belfort;27.0;Bourgogne-Franche-Comté;481268.34114
2024.0;71.0;Saône-et-Loire;27.0;Bourgogne-Franche-Comté;1938425.80623
2023.0;17.0;Charente-Maritime;75.0;Nouvelle-Aquitaine;1564721.19005
2022.0;52.0;Haute-Marne;44.0;Grand Est;552468.57885
2018.0;70.0;Haute-Saône;27.0;Bourgogne-Franche-Comté;612138.40282
2020.0;95.0;Val-d'Oise;11.0;Île-de-France;3919671.2947
2021.0;63.0;Puy-de-Dôme;84.0;Auvergne-Rhône-Alpes;2363653.20054
2024.0;2B;Haute-Corse;94.0;Corse;373228.001
2021.0;16.0;Charente;75.0;Nouvelle-Aquitaine;1043901.67107
2019.0;95.0;Val-d'Oise;11.0;Île-de-France;4118689.49842
2024.0;4.0;Alpes-de-Haute-Provence;93.0;Provence-Alpes-Côte d'Azur;433382.50185
2023.0;8.0;Ardennes;44.0;Grand Est;612019.93809
2018.0;17.0;Charente-Maritime;75.0;Nouvelle-Aquitaine;1592155.24867
2021.0;82.0;Tarn-et-Garonne;76.0;Occitanie;751000.54737
2019.0;47.0;Lot-et-Garonne;75.0;Nouvelle-Aquitaine;1113700.65077
2021.0;93.0;Seine-Saint-Denis;11.0;Île-de-France;7186138.9455
2021.0;29.0;Finistère;53.0;Bretagne;2787676.8973
2021.0;14.0;Calvados;28.0;Normandie;2135043.19386
2018.0;2A;Corse-du-Sud;94.0;Corse;364054.089
2018.0;4.0;Alpes-de-Haute-Provence;93.0;Provence-Alpes-Côte d'Azur;474178.66151
2019.0;13.0;Bouches-du-Rhône;93.0;Provence-Alpes-Côte d'Azur;7529103.51593
2022.0;70.0;Haute-Saône;27.0;Bourgogne-Franche-Comté;574068.75968
2020.0;10.0;Aube;44.0;Grand Est;962741.20937
2024.0;26.0;Drôme;84.0;Auvergne-Rhône-Alpes;1552282.20918
2021.0;15.0;Cantal;84.0;Auvergne-Rhône-Alpes;330258.96892
2020.0;58.0;Nièvre;27.0;Bourgogne-Franche-Comté;582949.4609
2019.0;94.0;Val-de-Marne;11.0;Île-de-France;5152326.55673
2023.0;89.0;Yonne;27.0;Bourgogne-Franche-Comté;1130396.69818
2022.0;12.0;Aveyron;76.0;Occitanie;715915.10209
2022.0;15.0;Cantal;84.0;Auvergne-Rhône-Alpes;309551.73938
2024.0;75.0;Paris;11.0;Île-de-France;11260276.95962
2020.0;73.0;Savoie;84.0;Auvergne-Rhône-Alpes;2095357.05167
2020.0;35.0;Ille-et-Vilaine;53.0;Bretagne;3069425.51873
2023.0;69.0;Rhône;84.0;Auvergne-Rhône-Alpes;6236839.59622
2023.0;973.0;Guyane;3.0;Guyane;446269.398
2022.0;72.0;Sarthe;52.0;Pays de la Loire;1758684.43264
2018.0;36.0;Indre;24.0;Centre-Val de Loire;649639.52214
2021.0;71.0;Saône-et-Loire;27.0;Bourgogne-Franche-Comté;2260510.90511
2018.0;92.0;Hauts-de-Seine;11.0;Île-de-France;7347334.33823
2019.0;4.0;Alpes-de-Haute-Provence;93.0;Provence-Alpes-Côte d'Azur;478492.17581
2024.0;35.0;Ille-et-Vilaine;53.0;Bretagne;3186084.30146
2021.0;92.0;Hauts-de-Seine;11.0;Île-de-France;7151855.67759
2024.0;63.0;Puy-de-Dôme;84.0;Auvergne-Rhône-Alpes;1864384.38885
2022.0;66.0;Pyrénées-Orientales;76.0;Occitanie;1187691.24157
2022.0;84.0;Vaucluse;93.0;Provence-Alpes-Côte d'Azur;1769922.65782
2018.0;45.0;Loiret;24.0;Centre-Val de Loire;2265879.85684
2019.0;35.0;Ille-et-Vilaine;53.0;Bretagne;3487185.52131
2020.0;5.0;Hautes-Alpes;93.0;Provence-Alpes-Côte d'Azur;535178.97928
2023.0;80.0;Somme;32.0;Hauts-de-France;1524210.48176
2023.0;971.0;Guadeloupe;1.0;Guadeloupe;579925.65
2019.0;976.0;Mayotte;6.0;Mayotte;35730.572
2022.0;32.0;Gers;76.0;Occitanie;447282.21142
2018.0;63.0;Puy-de-Dôme;84.0;Auvergne-Rhône-Alpes;2345698.85856
2022.0;41.0;Loir-et-Cher;24.0;Centre-Val de Loire;944065.22038
2020.0;49.0;Maine-et-Loire;52.0;Pays de la Loire;2011411.1173
2024.0;6.0;Alpes-Maritimes;93.0;Provence-Alpes-Côte d'Azur;3903570.5561
2019.0;92.0;Hauts-de-Seine;11.0;Île-de-France;7083315.11065
2023.0;76.0;Seine-Maritime;28.0;Normandie;11641135.24288
2019.0;60.0;Oise;32.0;Hauts-de-France;2388280.64534
2019.0;88.0;Vosges;44.0;Grand Est;1177799.17378
2022.0;2.0;Aisne;32.0;Hauts-de-France;1506819.80223
2020.0;65.0;Hautes-Pyrénées;76.0;Occitanie;638905.72232
2022.0;46.0;Lot;76.0;Occitanie;371065.76001
2023.0;68.0;Haut-Rhin;44.0;Grand Est;2165535.58155
2023.0;2B;Haute-Corse;94.0;Corse;374746.606
2018.0;79.0;Deux-Sèvres;75.0;Nouvelle-Aquitaine;744490.64185
2020.0;71.0;Saône-et-Loire;27.0;Bourgogne-Franche-Comté;2005493.9555
2019.0;79.0;Deux-Sèvres;75.0;Nouvelle-Aquitaine;725853.01713
2022.0;33.0;Gironde;75.0;Nouvelle-Aquitaine;4906215.71429
2022.0;86.0;Vienne;75.0;Nouvelle-Aquitaine;1208107.16717
2021.0;43.0;Haute-Loire;84.0;Auvergne-Rhône-Alpes;534443.36023
2020.0;56.0;Morbihan;53.0;Bretagne;1912703.77
2023.0;86.0;Vienne;75.0;Nouvelle-Aquitaine;1164884.37384
2024.0;31.0;Haute-Garonne;76.0;Occitanie;3762764.98057
2022.0;39.0;Jura;27.0;Bourgogne-Franche-Comté;1547230.11927
2018.0;84.0;Vaucluse;93.0;Provence-Alpes-Côte d'Azur;1790418.45924
2020.0;66.0;Pyrénées-Orientales;76.0;Occitanie;1137321.23574
2024.0;69.0;Rhône;84.0;Auvergne-Rhône-Alpes;6088061.86763
2022.0;3.0;Allier;84.0;Auvergne-Rhône-Alpes;1101638.85414
2024.0;68.0;Haut-Rhin;44.0;Grand Est;2294931.21997
2018.0;973.0;Guyane;3.0;Guyane;408137.663
2022.0;93.0;Seine-Saint-Denis;11.0;Île-de-France;6255521.61626
2019.0;89.0;Yonne;27.0;Bourgogne-Franche-Comté;1297378.1242
2022.0;9.0;Ariège;76.0;Occitanie;385180.11099
2018.0;65.0;Hautes-Pyrénées;76.0;Occitanie;857336.92032
2019.0;51.0;Marne;44.0;Grand Est;2361343.91214
2022.0;48.0;Lozère;76.0;Occitanie;151137.46429
2024.0;7.0;Ardèche;84.0;Auvergne-Rhône-Alpes;652278.01468
2021.0;21.0;Côte-d'Or;27.0;Bourgogne-Franche-Comté;2005194.25385
2021.0;72.0;Sarthe;52.0;Pays de la Loire;1879596.57076
2023.0;62.0;Pas-de-Calais;32.0;Hauts-de-France;3831821.61503
2021.0;53.0;Mayenne;52.0;Pays de la Loire;758208.09264
2020.0;55.0;Meuse;44.0;Grand Est;608108.15652
2023.0;91.0;Essonne;11.0;Île-de-France;5011737.02798
2022.0;63.0;Puy-de-Dôme;84.0;Auvergne-Rhône-Alpes;2134964.40703
2022.0;74.0;Haute-Savoie;84.0;Auvergne-Rhône-Alpes;2831749.60773
2020.0;32.0;Gers;76.0;Occitanie;462355.04898
2019.0;75.0;Paris;11.0;Île-de-France;12062193.59184
2023.0;31.0;Haute-Garonne;76.0;Occitanie;3833667.226
2023.0;33.0;Gironde;75.0;Nouvelle-Aquitaine;4753813.04956
2022.0;44.0;Loire-Atlantique;52.0;Pays de la Loire;3929363.90043
2018.0;77.0;Seine-et-Marne;11.0;Île-de-France;5549390.74364
2018.0;43.0;Haute-Loire;84.0;Auvergne-Rhône-Alpes;519155.77603
2021.0;2B;Haute-Corse;94.0;Corse;340508.121
2019.0;68.0;Haut-Rhin;44.0;Grand Est;2593553.85035
2023.0;35.0;Ille-et-Vilaine;53.0;Bretagne;3097643.86264
2018.0;971.0;Guadeloupe;1.0;Guadeloupe;579488.071
2018.0;81.0;Tarn;76.0;Occitanie;842496.98094
2021.0;85.0;Vendée;52.0;Pays de la Loire;2030609.98399
2020.0;971.0;Guadeloupe;1.0;Guadeloupe;523955.677
2018.0;66.0;Pyrénées-Orientales;76.0;Occitanie;1219192.52672
2022.0;26.0;Drôme;84.0;Auvergne-Rhône-Alpes;1879906.22614
2023.0;71.0;Saône-et-Loire;27.0;Bourgogne-Franche-Comté;1934328.83777
2023.0;56.0;Morbihan;53.0;Bretagne;1772914.09768
2018.0;25.0;Doubs;27.0;Bourgogne-Franche-Comté;1884064.33204
2021.0;32.0;Gers;76.0;Occitanie;483729.92453
2019.0;21.0;Côte-d'Or;27.0;Bourgogne-Franche-Comté;2149567.46997
2019.0;25.0;Doubs;27.0;Bourgogne-Franche-Comté;1822123.85005
2022.0;6.0;Alpes-Maritimes;93.0;Provence-Alpes-Côte d'Azur;4015549.15763
2024.0;37.0;Indre-et-Loire;24.0;Centre-Val de Loire;1713000.83712
2019.0;74.0;Haute-Savoie;84.0;Auvergne-Rhône-Alpes;2819218.06013
2022.0;27.0;Eure;28.0;Normandie;1533609.18013
2020.0;14.0;Calvados;28.0;Normandie;1954937.883
2024.0;9.0;Ariège;76.0;Occitanie;340309.04345
2022.0;24.0;Dordogne;75.0;Nouvelle-Aquitaine;980052.66626
2018.0;52.0;Haute-Marne;44.0;Grand Est;564779.2312
2023.0;84.0;Vaucluse;93.0;Provence-Alpes-Côte d'Azur;1648791.28736
2024.0;972.0;Martinique;2.0;Martinique;590631.203
2022.0;31.0;Haute-Garonne;76.0;Occitanie;4073741.67463
2022.0;62.0;Pas-de-Calais;32.0;Hauts-de-France;4032046.46984
2022.0;82.0;Tarn-et-Garonne;76.0;Occitanie;643325.54861
2023.0;93.0;Seine-Saint-Denis;11.0;Île-de-France;6048498.0204
2021.0;24.0;Dordogne;75.0;Nouvelle-Aquitaine;1013926.69066
2023.0;53.0;Mayenne;52.0;Pays de la Loire;667584.94192
2020.0;40.0;Landes;75.0;Nouvelle-Aquitaine;1319810.91275
2020.0;60.0;Oise;32.0;Hauts-de-France;2269660.9683
2023.0;23.0;Creuse;75.0;Nouvelle-Aquitaine;228945.96694
2019.0;971.0;Guadeloupe;1.0;Guadeloupe;549338.615
2018.0;7.0;Ardèche;84.0;Auvergne-Rhône-Alpes;735376.91338
2024.0;33.0;Gironde;75.0;Nouvelle-Aquitaine;4826368.22872
2021.0;74.0;Haute-Savoie;84.0;Auvergne-Rhône-Alpes;2841513.1394
2021.0;11.0;Aude;76.0;Occitanie;971336.44101
2020.0;61.0;Orne;28.0;Normandie;837030.93058
2019.0;81.0;Tarn;76.0;Occitanie;806319.02847
2019.0;83.0;Var;93.0;Provence-Alpes-Côte d'Azur;2729162.46506
2023.0;7.0;Ardèche;84.0;Auvergne-Rhône-Alpes;664145.30291
2020.0;79.0;Deux-Sèvres;75.0;Nouvelle-Aquitaine;847843.10899
2021.0;4.0;Alpes-de-Haute-Provence;93.0;Provence-Alpes-Côte d'Azur;466369.41559
2018.0;56.0;Morbihan;53.0;Bretagne;2047723.47185
2021.0;971.0;Guadeloupe;1.0;Guadeloupe;528105.68
2018.0;34.0;Hérault;76.0;Occitanie;3319112.56589
2019.0;26.0;Drôme;84.0;Auvergne-Rhône-Alpes;2023144.67834
2024.0;40.0;Landes;75.0;Nouvelle-Aquitaine;1330472.35069
2020.0;39.0;Jura;27.0;Bourgogne-Franche-Comté;1752613.71438
2022.0;21.0;Côte-d'Or;27.0;Bourgogne-Franche-Comté;1862581.08582
2021.0;974.0;La Réunion;4.0;La Réunion;1153367.809
2020.0;38.0;Isère;84.0;Auvergne-Rhône-Alpes;5253207.52748
2019.0;17.0;Charente-Maritime;75.0;Nouvelle-Aquitaine;1590598.38062
2024.0;66.0;Pyrénées-Orientales;76.0;Occitanie;1063343.44684
2023.0;77.0;Seine-et-Marne;11.0;Île-de-France;5458712.15309
2019.0;84.0;Vaucluse;93.0;Provence-Alpes-Côte d'Azur;1764710.51012
2023.0;11.0;Aude;76.0;Occitanie;915241.38203
2021.0;58.0;Nièvre;27.0;Bourgogne-Franche-Comté;610705.49569
2021.0;10.0;Aube;44.0;Grand Est;1021559.12481
2022.0;36.0;Indre;24.0;Centre-Val de Loire;595748.49475
2018.0;68.0;Haut-Rhin;44.0;Grand Est;2813651.66714
2019.0;40.0;Landes;75.0;Nouvelle-Aquitaine;1328936.69206
2021.0;45.0;Loiret;24.0;Centre-Val de Loire;2247159.49768
2024.0;74.0;Haute-Savoie;84.0;Auvergne-Rhône-Alpes;2690704.51189
2021.0;36.0;Indre;24.0;Centre-Val de Loire;647447.2392
2019.0;9.0;Ariège;76.0;Occitanie;459036.11782
2020.0;82.0;Tarn-et-Garonne;76.0;Occitanie;735428.00601
2020.0;976.0;Mayotte;6.0;Mayotte;32170.144
2020.0;2.0;Aisne;32.0;Hauts-de-France;2038256.19097
2018.0;6.0;Alpes-Maritimes;93.0;Provence-Alpes-Côte d'Azur;4093311.23935
2019.0;42.0;Loire;84.0;Auvergne-Rhône-Alpes;2300275.07339
2021.0;35.0;Ille-et-Vilaine;53.0;Bretagne;3247182.82148
2019.0;15.0;Cantal;84.0;Auvergne-Rhône-Alpes;347622.65286
2021.0;5.0;Hautes-Alpes;93.0;Provence-Alpes-Côte d'Azur;558445.59639
2018.0;57.0;Moselle;44.0;Grand Est;3647505.46778
2022.0;75.0;Paris;11.0;Île-de-France;11792847.17486
2023.0;65.0;Hautes-Pyrénées;76.0;Occitanie;637314.85566
2018.0;86.0;Vienne;75.0;Nouvelle-Aquitaine;1239805.59524
2020.0;74.0;Haute-Savoie;84.0;Auvergne-Rhône-Alpes;2566130.37784
2021.0;973.0;Guyane;3.0;Guyane;411313.62
2024.0;64.0;Pyrénées-Atlantiques;75.0;Nouvelle-Aquitaine;1742749.31436
2023.0;47.0;Lot-et-Garonne;75.0;Nouvelle-Aquitaine;918989.06444
2018.0;49.0;Maine-et-Loire;52.0;Pays de la Loire;2153959.77114
2020.0;28.0;Eure-et-Loir;24.0;Centre-Val de Loire;1322295.63606
2024.0;46.0;Lot;76.0;Occitanie;339930.38151
2024.0;82.0;Tarn-et-Garonne;76.0;Occitanie;578546.48762
2022.0;71.0;Saône-et-Loire;27.0;Bourgogne-Franche-Comté;2035922.66653
2024.0;58.0;Nièvre;27.0;Bourgogne-Franche-Comté;488549.68277
2019.0;44.0;Loire-Atlantique;52.0;Pays de la Loire;4861945.74335
2024.0;36.0;Indre;24.0;Centre-Val de Loire;560378.01122
2023.0;972.0;Martinique;2.0;Martinique;562040.027
2024.0;85.0;Vendée;52.0;Pays de la Loire;1797768.35121
2024.0;44.0;Loire-Atlantique;52.0;Pays de la Loire;3784887.89724
2024.0;88.0;Vosges;44.0;Grand Est;894921.78649
2021.0;38.0;Isère;84.0;Auvergne-Rhône-Alpes;5306466.42972
2023.0;37.0;Indre-et-Loire;24.0;Centre-Val de Loire;1644500.22487
2023.0;28.0;Eure-et-Loir;24.0;Centre-Val de Loire;1272341.1746
2024.0;59.0;Nord;32.0;Hauts-de-France;7148548.83475
2022.0;79.0;Deux-Sèvres;75.0;Nouvelle-Aquitaine;915049.29282
2018.0;11.0;Aude;76.0;Occitanie;958601.66773
2019.0;82.0;Tarn-et-Garonne;76.0;Occitanie;660966.04878
2024.0;38.0;Isère;84.0;Auvergne-Rhône-Alpes;4414109.60992
2022.0;92.0;Hauts-de-Seine;11.0;Île-de-France;6577152.31539
2023.0;974.0;La Réunion;4.0;La Réunion;1245957.526
2021.0;79.0;Deux-Sèvres;75.0;Nouvelle-Aquitaine;971787.29399
2024.0;54.0;Meurthe-et-Moselle;44.0;Grand Est;2011301.36911
2018.0;61.0;Orne;28.0;Normandie;875090.74664
2018.0;40.0;Landes;75.0;Nouvelle-Aquitaine;1424689.58602
2018.0;18.0;Cher;24.0;Centre-Val de Loire;948764.3737
2018.0;29.0;Finistère;53.0;Bretagne;3605684.12855
2024.0;39.0;Jura;27.0;Bourgogne-Franche-Comté;856407.21691
2021.0;40.0;Landes;75.0;Nouvelle-Aquitaine;1409088.02671
2024.0;24.0;Dordogne;75.0;Nouvelle-Aquitaine;881168.42365
2023.0;10.0;Aube;44.0;Grand Est;880479.07499
2019.0;62.0;Pas-de-Calais;32.0;Hauts-de-France;4260370.76016
2024.0;2A;Corse-du-Sud;94.0;Corse;395411.75
2018.0;15.0;Cantal;84.0;Auvergne-Rhône-Alpes;348481.04199
2018.0;14.0;Calvados;28.0;Normandie;2107413.15548
2018.0;91.0;Essonne;11.0;Île-de-France;5512542.67986
2023.0;2A;Corse-du-Sud;94.0;Corse;392322.985
2021.0;7.0;Ardèche;84.0;Auvergne-Rhône-Alpes;741256.77555
2019.0;3.0;Allier;84.0;Auvergne-Rhône-Alpes;1196791.31045
2024.0;93.0;Seine-Saint-Denis;11.0;Île-de-France;6230134.79801
2023.0;78.0;Yvelines;11.0;Île-de-France;5028607.39456
2020.0;2B;Haute-Corse;94.0;Corse;316414.286
2024.0;61.0;Orne;28.0;Normandie;785647.91042
2018.0;12.0;Aveyron;76.0;Occitanie;779777.47635
2021.0;27.0;Eure;28.0;Normandie;1544271.27372
2021.0;77.0;Seine-et-Marne;11.0;Île-de-France;5709109.71597
2022.0;65.0;Hautes-Pyrénées;76.0;Occitanie;667158.85092
2024.0;92.0;Hauts-de-Seine;11.0;Île-de-France;6313161.6205
2018.0;71.0;Saône-et-Loire;27.0;Bourgogne-Franche-Comté;2198436.47575
2023.0;61.0;Orne;28.0;Normandie;778646.24022
2020.0;8.0;Ardennes;44.0;Grand Est;774654.81103
2021.0;12.0;Aveyron;76.0;Occitanie;774257.41671
2021.0;30.0;Gard;76.0;Occitanie;2033780.6342
2024.0;77.0;Seine-et-Marne;11.0;Île-de-France;5564857.82538
2024.0;22.0;Côtes-d'Armor;53.0;Bretagne;1521019.06166
2024.0;70.0;Haute-Saône;27.0;Bourgogne-Franche-Comté;562249.18647
2022.0;40.0;Landes;75.0;Nouvelle-Aquitaine;1342149.66324
2019.0;12.0;Aveyron;76.0;Occitanie;757241.9747
2024.0;13.0;Bouches-du-Rhône;93.0;Provence-Alpes-Côte d'Azur;7210725.16939
2023.0;90.0;Territoire de Belfort;27.0;Bourgogne-Franche-Comté;429987.57516
2019.0;59.0;Nord;32.0;Hauts-de-France;8981822.12245
2022.0;85.0;Vendée;52.0;Pays de la Loire;1837181.71882
2022.0;60.0;Oise;32.0;Hauts-de-France;2337122.32439
2023.0;25.0;Doubs;27.0;Bourgogne-Franche-Comté;1425449.59321
2019.0;6.0;Alpes-Maritimes;93.0;Provence-Alpes-Côte d'Azur;4109628.34931
2021.0;6.0;Alpes-Maritimes;93.0;Provence-Alpes-Côte d'Azur;3998138.30489
2021.0;52.0;Haute-Marne;44.0;Grand Est;594695.75829
2023.0;24.0;Dordogne;75.0;Nouvelle-Aquitaine;890264.32739
2024.0;60.0;Oise;32.0;Hauts-de-France;2323107.5283
2021.0;13.0;Bouches-du-Rhône;93.0;Provence-Alpes-Côte d'Azur;7512620.13364
2024.0;3.0;Allier;84.0;Auvergne-Rhône-Alpes;945264.89846
2024.0;45.0;Loiret;24.0;Centre-Val de Loire;2026381.95026
2023.0;41.0;Loir-et-Cher;24.0;Centre-Val de Loire;895580.17163
2018.0;87.0;Haute-Vienne;75.0;Nouvelle-Aquitaine;1020030.7529
2019.0;2A;Corse-du-Sud;94.0;Corse;322839.899
2021.0;25.0;Doubs;27.0;Bourgogne-Franche-Comté;1781372.66489
2018.0;50.0;Manche;28.0;Normandie;1272570.59555
2018.0;75.0;Paris;11.0;Île-de-France;12593606.23909
2022.0;971.0;Guadeloupe;1.0;Guadeloupe;588884.991
2018.0;28.0;Eure-et-Loir;24.0;Centre-Val de Loire;1406563.62457
2024.0;25.0;Doubs;27.0;Bourgogne-Franche-Comté;1420823.34334
2019.0;16.0;Charente;75.0;Nouvelle-Aquitaine;995999.0148
2018.0;38.0;Isère;84.0;Auvergne-Rhône-Alpes;5463978.72419
2018.0;83.0;Var;93.0;Provence-Alpes-Côte d'Azur;2706814.36519
2023.0;16.0;Charente;75.0;Nouvelle-Aquitaine;964594.55082
2022.0;28.0;Eure-et-Loir;24.0;Centre-Val de Loire;1361914.37613
2020.0;21.0;Côte-d'Or;27.0;Bourgogne-Franche-Comté;1844863.87809
2020.0;37.0;Indre-et-Loire;24.0;Centre-Val de Loire;1692157.04749
2020.0;70.0;Haute-Saône;27.0;Bourgogne-Franche-Comté;518757.15762
2020.0;68.0;Haut-Rhin;44.0;Grand Est;2471555.54341
2020.0;27.0;Eure;28.0;Normandie;1455533.70745
2023.0;85.0;Vendée;52.0;Pays de la Loire;1741264.08327
2019.0;53.0;Mayenne;52.0;Pays de la Loire;703407.05957
2023.0;6.0;Alpes-Maritimes;93.0;Provence-Alpes-Côte d'Azur;3883639.93934
2022.0;23.0;Creuse;75.0;Nouvelle-Aquitaine;243882.09739
2018.0;32.0;Gers;76.0;Occitanie;453776.90219
2024.0;19.0;Corrèze;75.0;Nouvelle-Aquitaine;592416.50641
2020.0;3.0;Allier;84.0;Auvergne-Rhône-Alpes;1081456.41173
2023.0;42.0;Loire;84.0;Auvergne-Rhône-Alpes;2034929.17528
2020.0;31.0;Haute-Garonne;76.0;Occitanie;3868044.34329
2019.0;78.0;Yvelines;11.0;Île-de-France;5614600.00447
2018.0;33.0;Gironde;75.0;Nouvelle-Aquitaine;4989479.67646
2021.0;41.0;Loir-et-Cher;24.0;Centre-Val de Loire;1023923.9946
2023.0;52.0;Haute-Marne;44.0;Grand Est;542915.06636
2024.0;78.0;Yvelines;11.0;Île-de-France;5142715.33595
2019.0;58.0;Nièvre;27.0;Bourgogne-Franche-Comté;608184.11382
2020.0;22.0;Côtes-d'Armor;53.0;Bretagne;1848940.10073
2022.0;59.0;Nord;32.0;Hauts-de-France;8315752.5333
2022.0;58.0;Nièvre;27.0;Bourgogne-Franche-Comté;552396.46906
2021.0;39.0;Jura;27.0;Bourgogne-Franche-Comté;1875531.46686
2019.0;1.0;Ain;84.0;Auvergne-Rhône-Alpes;2556441.7935
2020.0;26.0;Drôme;84.0;Auvergne-Rhône-Alpes;1830477.00732
2019.0;2B;Haute-Corse;94.0;Corse;317190.943
2021.0;64.0;Pyrénées-Atlantiques;75.0;Nouvelle-Aquitaine;2203005.35175
2021.0;56.0;Morbihan;53.0;Bretagne;2077975.58048
2021.0;87.0;Haute-Vienne;75.0;Nouvelle-Aquitaine;1024343.4503
2023.0;18.0;Cher;24.0;Centre-Val de Loire;784640.81912
2020.0;13.0;Bouches-du-Rhône;93.0;Provence-Alpes-Côte d'Azur;6981214.68789
2018.0;64.0;Pyrénées-Atlantiques;75.0;Nouvelle-Aquitaine;2068158.43662
2018.0;35.0;Ille-et-Vilaine;53.0;Bretagne;3528726.90643
2020.0;92.0;Hauts-de-Seine;11.0;Île-de-France;6576288.21319
2018.0;62.0;Pas-de-Calais;32.0;Hauts-de-France;4402509.26692
2018.0;89.0;Yonne;27.0;Bourgogne-Franche-Comté;1392006.14151
2020.0;83.0;Var;93.0;Provence-Alpes-Côte d'Azur;2609384.70274
2020.0;9.0;Ariège;76.0;Occitanie;456212.63617
2022.0;45.0;Loiret;24.0;Centre-Val de Loire;2073098.11699
2023.0;21.0;Côte-d'Or;27.0;Bourgogne-Franche-Comté;1758075.05324
2019.0;41.0;Loir-et-Cher;24.0;Centre-Val de Loire;955336.2438
2018.0;37.0;Indre-et-Loire;24.0;Centre-Val de Loire;1884692.42142
2018.0;74.0;Haute-Savoie;84.0;Auvergne-Rhône-Alpes;2727201.29676
2024.0;47.0;Lot-et-Garonne;75.0;Nouvelle-Aquitaine;944828.16783
2019.0;45.0;Loiret;24.0;Centre-Val de Loire;2255234.08806
2021.0;19.0;Corrèze;75.0;Nouvelle-Aquitaine;655313.75138
2020.0;85.0;Vendée;52.0;Pays de la Loire;1807227.14919
2023.0;15.0;Cantal;84.0;Auvergne-Rhône-Alpes;307114.73626
2020.0;34.0;Hérault;76.0;Occitanie;3065640.59092
2024.0;8.0;Ardennes;44.0;Grand Est;608754.50547
2021.0;31.0;Haute-Garonne;76.0;Occitanie;4160803.77042
2019.0;36.0;Indre;24.0;Centre-Val de Loire;639238.53117
2019.0;76.0;Seine-Maritime;28.0;Normandie;10143528.49104
2024.0;86.0;Vienne;75.0;Nouvelle-Aquitaine;1187148.19157
2018.0;72.0;Sarthe;52.0;Pays de la Loire;1865844.05513
2024.0;43.0;Haute-Loire;84.0;Auvergne-Rhône-Alpes;493509.33105
2021.0;57.0;Moselle;44.0;Grand Est;3865795.20417
2023.0;46.0;Lot;76.0;Occitanie;347511.13998
2020.0;30.0;Gard;76.0;Occitanie;1874502.72983
2020.0;19.0;Corrèze;75.0;Nouvelle-Aquitaine;616334.46469
2022.0;973.0;Guyane;3.0;Guyane;444862.089
2020.0;973.0;Guyane;3.0;Guyane;406747.659
2019.0;63.0;Puy-de-Dôme;84.0;Auvergne-Rhône-Alpes;2326733.54842
2023.0;36.0;Indre;24.0;Centre-Val de Loire;577000.2238
2018.0;21.0;Côte-d'Or;27.0;Bourgogne-Franche-Comté;2152336.55992
2023.0;43.0;Haute-Loire;84.0;Auvergne-Rhône-Alpes;483750.64431
2021.0;90.0;Territoire de Belfort;27.0;Bourgogne-Franche-Comté;532768.73792
2021.0;95.0;Val-d'Oise;11.0;Île-de-France;4405848.66597
2019.0;974.0;La Réunion;4.0;La Réunion;1128790.334
2018.0;60.0;Oise;32.0;Hauts-de-France;2401524.76243
2021.0;70.0;Haute-Saône;27.0;Bourgogne-Franche-Comté;636069.02225
2023.0;19.0;Corrèze;75.0;Nouvelle-Aquitaine;594435.00771
2019.0;67.0;Bas-Rhin;44.0;Grand Est;3577658.62195
2024.0;21.0;Côte-d'Or;27.0;Bourgogne-Franche-Comté;1801683.3006
2018.0;24.0;Dordogne;75.0;Nouvelle-Aquitaine;954299.26132
2021.0;2.0;Aisne;32.0;Hauts-de-France;2130415.37132
2018.0;54.0;Meurthe-et-Moselle;44.0;Grand Est;2535235.51255
2020.0;972.0;Martinique;2.0;Martinique;501910.195
2022.0;37.0;Indre-et-Loire;24.0;Centre-Val de Loire;1763851.07868
2024.0;973.0;Guyane;3.0;Guyane;447513.0
2021.0;1.0;Ain;84.0;Auvergne-Rhône-Alpes;3138935.80229
2020.0;48.0;Lozère;76.0;Occitanie;142647.18193
2018.0;1.0;Ain;84.0;Auvergne-Rhône-Alpes;3371613.79903
2020.0;51.0;Marne;44.0;Grand Est;2238115.70754
2018.0;23.0;Creuse;75.0;Nouvelle-Aquitaine;233190.62121
2019.0;27.0;Eure;28.0;Normandie;1541215.36451
2024.0;32.0;Gers;76.0;Occitanie;432646.71
2020.0;80.0;Somme;32.0;Hauts-de-France;1768308.33079
2019.0;18.0;Cher;24.0;Centre-Val de Loire;939866.30373
2020.0;7.0;Ardèche;84.0;Auvergne-Rhône-Alpes;699120.5174
2023.0;12.0;Aveyron;76.0;Occitanie;688484.34163
2023.0;60.0;Oise;32.0;Hauts-de-France;2232079.8757
2023.0;72.0;Sarthe;52.0;Pays de la Loire;1639414.03458
2022.0;47.0;Lot-et-Garonne;75.0;Nouvelle-Aquitaine;1038148.7774
2023.0;58.0;Nièvre;27.0;Bourgogne-Franche-Comté;483983.08106
2019.0;43.0;Haute-Loire;84.0;Auvergne-Rhône-Alpes;514113.90364
2021.0;34.0;Hérault;76.0;Occitanie;3168846.35445
2024.0;79.0;Deux-Sèvres;75.0;Nouvelle-Aquitaine;770350.62677
2023.0;13.0;Bouches-du-Rhône;93.0;Provence-Alpes-Côte d'Azur;7267890.69889
2020.0;29.0;Finistère;53.0;Bretagne;2625393.3622
2021.0;76.0;Seine-Maritime;28.0;Normandie;9558148.4443
2020.0;12.0;Aveyron;76.0;Occitanie;713983.78558
2020.0;46.0;Lot;76.0;Occitanie;346967.54637
2020.0;23.0;Creuse;75.0;Nouvelle-Aquitaine;242062.78129
2021.0;86.0;Vienne;75.0;Nouvelle-Aquitaine;1245084.03611
2018.0;13.0;Bouches-du-Rhône;93.0;Provence-Alpes-Côte d'Azur;7515945.94552
2021.0;49.0;Maine-et-Loire;52.0;Pays de la Loire;2253657.18519
2019.0;7.0;Ardèche;84.0;Auvergne-Rhône-Alpes;729760.68577
2023.0;83.0;Var;93.0;Provence-Alpes-Côte d'Azur;2633041.85721
2020.0;33.0;Gironde;75.0;Nouvelle-Aquitaine;4684670.67778
2022.0;2B;Haute-Corse;94.0;Corse;404018.015
2024.0;81.0;Tarn;76.0;Occitanie;729200.37687
2024.0;56.0;Morbihan;53.0;Bretagne;1807960.49009
2018.0;10.0;Aube;44.0;Grand Est;934181.20715
2024.0;16.0;Charente;75.0;Nouvelle-Aquitaine;942334.34346
2024.0;34.0;Hérault;76.0;Occitanie;2775809.34015
2019.0;24.0;Dordogne;75.0;Nouvelle-Aquitaine;948510.32861
2018.0;58.0;Nièvre;27.0;Bourgogne-Franche-Comté;583471.58484
2024.0;49.0;Maine-et-Loire;52.0;Pays de la Loire;2092229.63472
2022.0;19.0;Corrèze;75.0;Nouvelle-Aquitaine;619066.19583
2023.0;57.0;Moselle;44.0;Grand Est;2807453.04816
2021.0;972.0;Martinique;2.0;Martinique;503456.278
2022.0;78.0;Yvelines;11.0;Île-de-France;5292790.71797
2022.0;8.0;Ardennes;44.0;Grand Est;806526.31823
2022.0;69.0;Rhône;84.0;Auvergne-Rhône-Alpes;6626816.81839
2021.0;65.0;Hautes-Pyrénées;76.0;Occitanie;686602.66615
2023.0;67.0;Bas-Rhin;44.0;Grand Est;4600305.95804
2022.0;55.0;Meuse;44.0;Grand Est;604714.39348
2022.0;68.0;Haut-Rhin;44.0;Grand Est;2597075.89513
2022.0;972.0;Martinique;2.0;Martinique;567705.824
2021.0;88.0;Vosges;44.0;Grand Est;1213016.53064
2018.0;82.0;Tarn-et-Garonne;76.0;Occitanie;659913.44941
2020.0;24.0;Dordogne;75.0;Nouvelle-Aquitaine;954336.3368
2024.0;974.0;La Réunion;4.0;La Réunion;1251757.859
2024.0;80.0;Somme;32.0;Hauts-de-France;1610125.34341
2022.0;50.0;Manche;28.0;Normandie;1399439.41018
2023.0;81.0;Tarn;76.0;Occitanie;741915.53994
2021.0;69.0;Rhône;84.0;Auvergne-Rhône-Alpes;6963656.74102
2018.0;69.0;Rhône;84.0;Auvergne-Rhône-Alpes;7092777.34819
2020.0;64.0;Pyrénées-Atlantiques;75.0;Nouvelle-Aquitaine;1926858.24243
2023.0;45.0;Loiret;24.0;Centre-Val de Loire;1989709.09903
2022.0;80.0;Somme;32.0;Hauts-de-France;1684471.61253
2019.0;73.0;Savoie;84.0;Auvergne-Rhône-Alpes;2320211.54923
2020.0;17.0;Charente-Maritime;75.0;Nouvelle-Aquitaine;1513937.88807
2021.0;91.0;Essonne;11.0;Île-de-France;5870481.17689
2024.0;41.0;Loir-et-Cher;24.0;Centre-Val de Loire;967246.14909
2023.0;48.0;Lozère;76.0;Occitanie;145142.63725
2018.0;972.0;Martinique;2.0;Martinique;577161.856
2020.0;6.0;Alpes-Maritimes;93.0;Provence-Alpes-Côte d'Azur;3810916.40931
2023.0;82.0;Tarn-et-Garonne;76.0;Occitanie;589540.92752
2024.0;12.0;Aveyron;76.0;Occitanie;669182.13558
2018.0;95.0;Val-d'Oise;11.0;Île-de-France;4132979.63895
2020.0;11.0;Aude;76.0;Occitanie;903481.18705
2023.0;3.0;Allier;84.0;Auvergne-Rhône-Alpes;980055.44453
2020.0;45.0;Loiret;24.0;Centre-Val de Loire;2062007.69186
2021.0;84.0;Vaucluse;93.0;Provence-Alpes-Côte d'Azur;1750424.65594
2019.0;57.0;Moselle;44.0;Grand Est;3564928.41275
2023.0;63.0;Puy-de-Dôme;84.0;Auvergne-Rhône-Alpes;1874340.65575
2021.0;67.0;Bas-Rhin;44.0;Grand Est;4942743.52769
2018.0;88.0;Vosges;44.0;Grand Est;1234433.23107
2022.0;16.0;Charente;75.0;Nouvelle-Aquitaine;1019359.62201
2019.0;54.0;Meurthe-et-Moselle;44.0;Grand Est;2452842.8972
2019.0;80.0;Somme;32.0;Hauts-de-France;2172798.53823
2024.0;2.0;Aisne;32.0;Hauts-de-France;1471373.56915
2018.0;44.0;Loire-Atlantique;52.0;Pays de la Loire;4800011.5681
2022.0;2A;Corse-du-Sud;94.0;Corse;423821.975
2024.0;18.0;Cher;24.0;Centre-Val de Loire;803085.21506
2018.0;73.0;Savoie;84.0;Auvergne-Rhône-Alpes;2273798.54491
2023.0;64.0;Pyrénées-Atlantiques;75.0;Nouvelle-Aquitaine;1735421.89515
2021.0;94.0;Val-de-Marne;11.0;Île-de-France;5402081.96332
2019.0;66.0;Pyrénées-Orientales;76.0;Occitanie;1208602.15902
2020.0;1.0;Ain;84.0;Auvergne-Rhône-Alpes;2401892.03104
2022.0;54.0;Meurthe-et-Moselle;44.0;Grand Est;2451282.29086
2020.0;78.0;Yvelines;11.0;Île-de-France;5298407.336
2023.0;9.0;Ariège;76.0;Occitanie;350357.71447
2019.0;11.0;Aude;76.0;Occitanie;960058.47412
2023.0;70.0;Haute-Saône;27.0;Bourgogne-Franche-Comté;539365.58726
2022.0;67.0;Bas-Rhin;44.0;Grand Est;4453302.42228
2021.0;89.0;Yonne;27.0;Bourgogne-Franche-Comté;1243944.3307
2022.0;38.0;Isère;84.0;Auvergne-Rhône-Alpes;5087116.29516
2020.0;62.0;Pas-de-Calais;32.0;Hauts-de-France;3960718.3805
2018.0;8.0;Ardennes;44.0;Grand Est;880052.86468
2022.0;29.0;Finistère;53.0;Bretagne;2600532.49324
2020.0;88.0;Vosges;44.0;Grand Est;1160272.39223
2021.0;17.0;Charente-Maritime;75.0;Nouvelle-Aquitaine;1636071.71273
2021.0;55.0;Meuse;44.0;Grand Est;656549.75695
2022.0;10.0;Aube;44.0;Grand Est;972684.91625
2022.0;53.0;Mayenne;52.0;Pays de la Loire;745191.47418
2019.0;77.0;Seine-et-Marne;11.0;Île-de-France;5492597.59077
2019.0;5.0;Hautes-Alpes;93.0;Provence-Alpes-Côte d'Azur;523297.82832
2024.0;90.0;Territoire de Belfort;27.0;Bourgogne-Franche-Comté;441813.1841
2019.0;39.0;Jura;27.0;Bourgogne-Franche-Comté;1898381.51563
2019.0;8.0;Ardennes;44.0;Grand Est;857178.0024
2021.0;66.0;Pyrénées-Orientales;76.0;Occitanie;1177681.56438
2018.0;5.0;Hautes-Alpes;93.0;Provence-Alpes-Côte d'Azur;520911.57049
2018.0;76.0;Seine-Maritime;28.0;Normandie;11249558.81297
2018.0;976.0;Mayotte;6.0;Mayotte;33598.091
2023.0;88.0;Vosges;44.0;Grand Est;912902.86913
2018.0;78.0;Yvelines;11.0;Île-de-France;5709735.80801
2018.0;94.0;Val-de-Marne;11.0;Île-de-France;5240594.3638
2024.0;87.0;Haute-Vienne;75.0;Nouvelle-Aquitaine;902401.96642
2019.0;972.0;Martinique;2.0;Martinique;521512.907
2019.0;30.0;Gard;76.0;Occitanie;1978101.03601
2023.0;95.0;Val-d'Oise;11.0;Île-de-France;3965239.47548
2023.0;14.0;Calvados;28.0;Normandie;1962454.90964
2020.0;36.0;Indre;24.0;Centre-Val de Loire;587451.94007
2018.0;19.0;Corrèze;75.0;Nouvelle-Aquitaine;663296.92533
2020.0;75.0;Paris;11.0;Île-de-France;10997006.67663
2021.0;976.0;Mayotte;6.0;Mayotte;31207.181
2020.0;84.0;Vaucluse;93.0;Provence-Alpes-Côte d'Azur;1616669.35273
2019.0;70.0;Haute-Saône;27.0;Bourgogne-Franche-Comté;620875.04127
2024.0;30.0;Gard;76.0;Occitanie;1850117.38537
2023.0;79.0;Deux-Sèvres;75.0;Nouvelle-Aquitaine;753248.83404
2023.0;94.0;Val-de-Marne;11.0;Île-de-France;4665276.6668
2024.0;72.0;Sarthe;52.0;Pays de la Loire;1634359.3113
2019.0;64.0;Pyrénées-Atlantiques;75.0;Nouvelle-Aquitaine;2026269.03072
2018.0;90.0;Territoire de Belfort;27.0;Bourgogne-Franche-Comté;538906.76497
2020.0;4.0;Alpes-de-Haute-Provence;93.0;Provence-Alpes-Côte d'Azur;447834.46458
2024.0;95.0;Val-d'Oise;11.0;Île-de-France;3959174.65549
2020.0;25.0;Doubs;27.0;Bourgogne-Franche-Comté;1632454.90986
2021.0;22.0;Côtes-d'Armor;53.0;Bretagne;1690676.75979
2018.0;30.0;Gard;76.0;Occitanie;1983601.63882
2018.0;51.0;Marne;44.0;Grand Est;2394323.59929
2021.0;59.0;Nord;32.0;Hauts-de-France;9064449.74679
2018.0;26.0;Drôme;84.0;Auvergne-Rhône-Alpes;1978428.6798
2020.0;86.0;Vienne;75.0;Nouvelle-Aquitaine;1203163.10673
2024.0;91.0;Essonne;11.0;Île-de-France;5524206.45935
2020.0;18.0;Cher;24.0;Centre-Val de Loire;856250.28531
2018.0;16.0;Charente;75.0;Nouvelle-Aquitaine;975237.11528
2021.0;44.0;Loire-Atlantique;52.0;Pays de la Loire;4146961.10859
2021.0;78.0;Yvelines;11.0;Île-de-France;5781253.91563
2024.0;65.0;Hautes-Pyrénées;76.0;Occitanie;646064.55408
2021.0;33.0;Gironde;75.0;Nouvelle-Aquitaine;5036605.28046
2021.0;50.0;Manche;28.0;Normandie;1470233.13965
2023.0;5.0;Hautes-Alpes;93.0;Provence-Alpes-Côte d'Azur;524303.78489
2024.0;10.0;Aube;44.0;Grand Est;898915.55769
2019.0;87.0;Haute-Vienne;75.0;Nouvelle-Aquitaine;983867.90674
2023.0;1.0;Ain;84.0;Auvergne-Rhône-Alpes;2904975.86433
2023.0;2.0;Aisne;32.0;Hauts-de-France;1448173.11067
2021.0;51.0;Marne;44.0;Grand Est;2360806.72429
2022.0;25.0;Doubs;27.0;Bourgogne-Franche-Comté;1596156.87436
2022.0;91.0;Essonne;11.0;Île-de-France;5596814.85444
2021.0;54.0;Meurthe-et-Moselle;44.0;Grand Est;2466085.94325
2024.0;67.0;Bas-Rhin;44.0;Grand Est;4651678.91614
2019.0;48.0;Lozère;76.0;Occitanie;147241.95549
2022.0;976.0;Mayotte;6.0;Mayotte;28383.148
