Année;Code département;Libellé département;Code région;Libellé région;Consommation gaz industrie (MWh)
2012.0;9.0;Ariège;76.0;Occitanie;0.0
2012.0;10.0;Aube;44.0;Grand Est;2423717.49
2012.0;38.0;Isère;84.0;Auvergne-Rhône-Alpes;6200724.72
2012.0;84.0;Vaucluse;93.0;Provence-Alpes-Côte d'Azur;1257016.7
2012.0;88.0;Vosges;44.0;Grand Est;2153901.74
2013.0;36.0;Indre;24.0;Centre-Val de Loire;645366.41
2013.0;68.0;Haut-Rhin;44.0;Grand Est;10576980.639999999
2014.0;11.0;Aude;76.0;Occitanie;526319.64
2014.0;21.0;Côte-d'Or;27.0;Bourgogne-Franche-Comté;1441512.71
2014.0;29.0;Finistère;53.0;Bretagne;1812573.71
2014.0;36.0;Indre;24.0;Centre-Val de Loire;556683.71
2015.0;29.0;Finistère;53.0;Bretagne;1910637.96
2015.0;2B;Haute-Corse;94.0;Corse;0.0
2015.0;75.0;Paris;11.0;Île-de-France;72348.8
2016.0;3.0;Allier;84.0;Auvergne-Rhône-Alpes;3728067.59
2016.0;42.0;Loire;84.0;Auvergne-Rhône-Alpes;1817922.94
2016.0;57.0;Moselle;44.0;Grand Est;11634448.99
2016.0;72.0;Sarthe;52.0;Pays de la Loire;1191687.5
2016.0;973.0;Guyane;3.0;Guyane;0.0
2017.0;3.0;Allier;84.0;Auvergne-Rhône-Alpes;3717393.9699999997
2017.0;4.0;Alpes-de-Haute-Provence;93.0;Provence-Alpes-Côte d'Azur;212800.97
2017.0;8.0;Ardennes;44.0;Grand Est;992150.25
2017.0;11.0;Aude;76.0;Occitanie;488995.74
2017.0;18.0;Cher;24.0;Centre-Val de Loire;245340.4
2017.0;41.0;Loir-et-Cher;24.0;Centre-Val de Loire;799759.54
2017.0;46.0;Lot;76.0;Occitanie;21145.0
2017.0;48.0;Lozère;76.0;Occitanie;0.0
2017.0;49.0;Maine-et-Loire;52.0;Pays de la Loire;857943.6900000001
2012.0;35.0;Ille-et-Vilaine;53.0;Bretagne;1507467.57
2012.0;45.0;Loiret;24.0;Centre-Val de Loire;3225093.44
2012.0;47.0;Lot-et-Garonne;75.0;Nouvelle-Aquitaine;463233.47
2012.0;971.0;Guadeloupe;1.0;Guadeloupe;0.0
2013.0;6.0;Alpes-Maritimes;93.0;Provence-Alpes-Côte d'Azur;0.0
2013.0;8.0;Ardennes;44.0;Grand Est;0.0
2013.0;33.0;Gironde;75.0;Nouvelle-Aquitaine;1768593.44
2013.0;50.0;Manche;28.0;Normandie;817791.27
2013.0;52.0;Haute-Marne;44.0;Grand Est;404563.03
2013.0;59.0;Nord;32.0;Hauts-de-France;15723890.39
2013.0;83.0;Var;93.0;Provence-Alpes-Côte d'Azur;294030.71
2014.0;28.0;Eure-et-Loir;24.0;Centre-Val de Loire;770023.8
2014.0;56.0;Morbihan;53.0;Bretagne;1301474.77
2015.0;2.0;Aisne;32.0;Hauts-de-France;3336343.54
2015.0;28.0;Eure-et-Loir;24.0;Centre-Val de Loire;855521.72
2015.0;38.0;Isère;84.0;Auvergne-Rhône-Alpes;6016519.95
2015.0;64.0;Pyrénées-Atlantiques;75.0;Nouvelle-Aquitaine;1316914.29
2015.0;974.0;La Réunion;4.0;La Réunion;0.0
2016.0;4.0;Alpes-de-Haute-Provence;93.0;Provence-Alpes-Côte d'Azur;205265.71
2016.0;43.0;Haute-Loire;84.0;Auvergne-Rhône-Alpes;421023.53
2016.0;47.0;Lot-et-Garonne;75.0;Nouvelle-Aquitaine;391989.57
2016.0;55.0;Meuse;44.0;Grand Est;1074150.63
2016.0;61.0;Orne;28.0;Normandie;817427.58
2017.0;1.0;Ain;84.0;Auvergne-Rhône-Alpes;1175067.55
2017.0;14.0;Calvados;28.0;Normandie;1098474.1300000001
2017.0;29.0;Finistère;53.0;Bretagne;2172075.15
2017.0;51.0;Marne;44.0;Grand Est;4075558.42
2017.0;68.0;Haut-Rhin;44.0;Grand Est;11231471.16
2012.0;86.0;Vienne;75.0;Nouvelle-Aquitaine;381021.76
2013.0;65.0;Hautes-Pyrénées;76.0;Occitanie;652605.73
2013.0;974.0;La Réunion;4.0;La Réunion;0.0
2014.0;31.0;Haute-Garonne;76.0;Occitanie;1151963.15
2015.0;89.0;Yonne;27.0;Bourgogne-Franche-Comté;457885.31
2016.0;36.0;Indre;24.0;Centre-Val de Loire;585449.6
2017.0;25.0;Doubs;27.0;Bourgogne-Franche-Comté;1189143.13
2017.0;39.0;Jura;27.0;Bourgogne-Franche-Comté;2240763.52
2017.0;78.0;Yvelines;11.0;Île-de-France;1906123.49
2012.0;7.0;Ardèche;84.0;Auvergne-Rhône-Alpes;0.0
2012.0;51.0;Marne;44.0;Grand Est;3468195.2199999997
2012.0;63.0;Puy-de-Dôme;84.0;Auvergne-Rhône-Alpes;1919311.72
2013.0;49.0;Maine-et-Loire;52.0;Pays de la Loire;886477.5
2014.0;17.0;Charente-Maritime;75.0;Nouvelle-Aquitaine;402301.93
2014.0;37.0;Indre-et-Loire;24.0;Centre-Val de Loire;999699.65
2014.0;67.0;Bas-Rhin;44.0;Grand Est;3609328.22
2015.0;19.0;Corrèze;75.0;Nouvelle-Aquitaine;165671.86
2015.0;43.0;Haute-Loire;84.0;Auvergne-Rhône-Alpes;427008.85
2013.0;28.0;Eure-et-Loir;24.0;Centre-Val de Loire;855710.3200000001
2013.0;53.0;Mayenne;52.0;Pays de la Loire;995190.25
2013.0;87.0;Haute-Vienne;75.0;Nouvelle-Aquitaine;1272630.68
2014.0;49.0;Maine-et-Loire;52.0;Pays de la Loire;794236.99
2014.0;973.0;Guyane;3.0;Guyane;0.0
2015.0;4.0;Alpes-de-Haute-Provence;93.0;Provence-Alpes-Côte d'Azur;206794.28
2015.0;27.0;Eure;28.0;Normandie;1366115.73
2015.0;79.0;Deux-Sèvres;75.0;Nouvelle-Aquitaine;321196.99
2015.0;80.0;Somme;32.0;Hauts-de-France;4461103.6899999995
2016.0;24.0;Dordogne;75.0;Nouvelle-Aquitaine;1913631.36
2016.0;64.0;Pyrénées-Atlantiques;75.0;Nouvelle-Aquitaine;952241.97
2016.0;73.0;Savoie;84.0;Auvergne-Rhône-Alpes;1305931.92
2016.0;86.0;Vienne;75.0;Nouvelle-Aquitaine;298321.6
2016.0;93.0;Seine-Saint-Denis;11.0;Île-de-France;2784238.7800000003
2017.0;21.0;Côte-d'Or;27.0;Bourgogne-Franche-Comté;643629.45
2017.0;2B;Haute-Corse;94.0;Corse;0.0
2017.0;50.0;Manche;28.0;Normandie;805188.67
2017.0;73.0;Savoie;84.0;Auvergne-Rhône-Alpes;1312693.1
2012.0;39.0;Jura;27.0;Bourgogne-Franche-Comté;2172313.1
2012.0;59.0;Nord;32.0;Hauts-de-France;17114717.74
2012.0;93.0;Seine-Saint-Denis;11.0;Île-de-France;4089195.81
2013.0;13.0;Bouches-du-Rhône;93.0;Provence-Alpes-Côte d'Azur;18059001.59
2013.0;58.0;Nièvre;27.0;Bourgogne-Franche-Comté;385500.5
2013.0;89.0;Yonne;27.0;Bourgogne-Franche-Comté;475179.89
2013.0;972.0;Martinique;2.0;Martinique;0.0
2014.0;58.0;Nièvre;27.0;Bourgogne-Franche-Comté;349114.2
2014.0;72.0;Sarthe;52.0;Pays de la Loire;1411125.99
2014.0;84.0;Vaucluse;93.0;Provence-Alpes-Côte d'Azur;1111036.46
2014.0;974.0;La Réunion;4.0;La Réunion;0.0
2015.0;37.0;Indre-et-Loire;24.0;Centre-Val de Loire;1008591.11
2015.0;58.0;Nièvre;27.0;Bourgogne-Franche-Comté;355996.26
2015.0;971.0;Guadeloupe;1.0;Guadeloupe;0.0
2016.0;8.0;Ardennes;44.0;Grand Est;1012634.09
2016.0;11.0;Aude;76.0;Occitanie;486525.27
2016.0;13.0;Bouches-du-Rhône;93.0;Provence-Alpes-Côte d'Azur;29332816.17
2016.0;17.0;Charente-Maritime;75.0;Nouvelle-Aquitaine;414121.27
2016.0;50.0;Manche;28.0;Normandie;846780.46
2016.0;58.0;Nièvre;27.0;Bourgogne-Franche-Comté;351385.35
2016.0;71.0;Saône-et-Loire;27.0;Bourgogne-Franche-Comté;2252220.35
2017.0;5.0;Hautes-Alpes;93.0;Provence-Alpes-Côte d'Azur;3992.0
2017.0;9.0;Ariège;76.0;Occitanie;231916.28999999998
2017.0;23.0;Creuse;75.0;Nouvelle-Aquitaine;66422.03
2017.0;34.0;Hérault;76.0;Occitanie;501543.87
2017.0;61.0;Orne;28.0;Normandie;816288.07
2017.0;77.0;Seine-et-Marne;11.0;Île-de-France;6084246.319999999
2017.0;95.0;Val-d'Oise;11.0;Île-de-France;870162.62
2013.0;41.0;Loir-et-Cher;24.0;Centre-Val de Loire;877357.82
2014.0;63.0;Puy-de-Dôme;84.0;Auvergne-Rhône-Alpes;1896087.2
2014.0;79.0;Deux-Sèvres;75.0;Nouvelle-Aquitaine;316630.92
2014.0;85.0;Vendée;52.0;Pays de la Loire;1036118.3
2015.0;6.0;Alpes-Maritimes;93.0;Provence-Alpes-Côte d'Azur;290120.18
2015.0;36.0;Indre;24.0;Centre-Val de Loire;571022.25
2015.0;41.0;Loir-et-Cher;24.0;Centre-Val de Loire;791075.5
2015.0;94.0;Val-de-Marne;11.0;Île-de-France;2692809.4499999997
2016.0;41.0;Loir-et-Cher;24.0;Centre-Val de Loire;795666.29
2016.0;65.0;Hautes-Pyrénées;76.0;Occitanie;576418.14
2016.0;81.0;Tarn;76.0;Occitanie;712052.11
2017.0;973.0;Guyane;3.0;Guyane;0.0
2012.0;4.0;Alpes-de-Haute-Provence;93.0;Provence-Alpes-Côte d'Azur;0.0
2012.0;34.0;Hérault;76.0;Occitanie;816632.3
2012.0;46.0;Lot;76.0;Occitanie;26533.0
2012.0;49.0;Maine-et-Loire;52.0;Pays de la Loire;977447.13
2013.0;4.0;Alpes-de-Haute-Provence;93.0;Provence-Alpes-Côte d'Azur;0.0
2013.0;46.0;Lot;76.0;Occitanie;26191.0
2013.0;56.0;Morbihan;53.0;Bretagne;1277055.3
2013.0;67.0;Bas-Rhin;44.0;Grand Est;3616391.16
2013.0;88.0;Vosges;44.0;Grand Est;2181906.99
2013.0;93.0;Seine-Saint-Denis;11.0;Île-de-France;3421821.78
2014.0;2.0;Aisne;32.0;Hauts-de-France;0.0
2014.0;23.0;Creuse;75.0;Nouvelle-Aquitaine;64192.42
2014.0;2A;Corse-du-Sud;94.0;Corse;0.0
2014.0;68.0;Haut-Rhin;44.0;Grand Est;10404185.02
2014.0;89.0;Yonne;27.0;Bourgogne-Franche-Comté;431339.37
2015.0;62.0;Pas-de-Calais;32.0;Hauts-de-France;7104324.48
2015.0;65.0;Hautes-Pyrénées;76.0;Occitanie;587339.89
2015.0;76.0;Seine-Maritime;28.0;Normandie;28860111.75
2015.0;92.0;Hauts-de-Seine;11.0;Île-de-France;1149563.05
2016.0;22.0;Côtes-d'Armor;53.0;Bretagne;933764.66
2016.0;23.0;Creuse;75.0;Nouvelle-Aquitaine;70299.32
2016.0;68.0;Haut-Rhin;44.0;Grand Est;10444994.76
2016.0;95.0;Val-d'Oise;11.0;Île-de-France;961064.0800000001
2017.0;2A;Corse-du-Sud;94.0;Corse;0.0
2017.0;65.0;Hautes-Pyrénées;76.0;Occitanie;609756.9700000001
2017.0;85.0;Vendée;52.0;Pays de la Loire;1090774.79
2012.0;3.0;Allier;84.0;Auvergne-Rhône-Alpes;0.0
2012.0;15.0;Cantal;84.0;Auvergne-Rhône-Alpes;27810.0
2012.0;17.0;Charente-Maritime;75.0;Nouvelle-Aquitaine;419469.62
2012.0;25.0;Doubs;27.0;Bourgogne-Franche-Comté;1647225.77
2012.0;73.0;Savoie;84.0;Auvergne-Rhône-Alpes;1154865.5
2012.0;92.0;Hauts-de-Seine;11.0;Île-de-France;1369549.3900000001
2013.0;25.0;Doubs;27.0;Bourgogne-Franche-Comté;1479736.6400000001
2013.0;2B;Haute-Corse;94.0;Corse;0.0
2013.0;71.0;Saône-et-Loire;27.0;Bourgogne-Franche-Comté;2606782.45
2013.0;72.0;Sarthe;52.0;Pays de la Loire;1616596.6
2013.0;92.0;Hauts-de-Seine;11.0;Île-de-France;1432578.2
2014.0;5.0;Hautes-Alpes;93.0;Provence-Alpes-Côte d'Azur;0.0
2014.0;15.0;Cantal;84.0;Auvergne-Rhône-Alpes;22081.0
2014.0;30.0;Gard;76.0;Occitanie;1526975.06
2014.0;35.0;Ille-et-Vilaine;53.0;Bretagne;1470513.89
2014.0;43.0;Haute-Loire;84.0;Auvergne-Rhône-Alpes;425238.13
2014.0;65.0;Hautes-Pyrénées;76.0;Occitanie;655238.5800000001
2015.0;1.0;Ain;84.0;Auvergne-Rhône-Alpes;1305735.34
2015.0;45.0;Loiret;24.0;Centre-Val de Loire;3009404.75
2015.0;59.0;Nord;32.0;Hauts-de-France;16219626.27
2015.0;78.0;Yvelines;11.0;Île-de-France;1891535.4000000001
2015.0;86.0;Vienne;75.0;Nouvelle-Aquitaine;286329.66
2016.0;26.0;Drôme;84.0;Auvergne-Rhône-Alpes;1490321.62
2016.0;51.0;Marne;44.0;Grand Est;3692588.9
2016.0;79.0;Deux-Sèvres;75.0;Nouvelle-Aquitaine;311985.27
2017.0;31.0;Haute-Garonne;76.0;Occitanie;1206510.34
2017.0;40.0;Landes;75.0;Nouvelle-Aquitaine;584227.25
2017.0;64.0;Pyrénées-Atlantiques;75.0;Nouvelle-Aquitaine;862765.14
2012.0;62.0;Pas-de-Calais;32.0;Hauts-de-France;7977224.220000001
2012.0;76.0;Seine-Maritime;28.0;Normandie;25227957.47
2012.0;87.0;Haute-Vienne;75.0;Nouvelle-Aquitaine;1428106.1300000001
2013.0;1.0;Ain;84.0;Auvergne-Rhône-Alpes;0.0
2013.0;54.0;Meurthe-et-Moselle;44.0;Grand Est;5463955.63
2013.0;66.0;Pyrénées-Orientales;76.0;Occitanie;198359.88
2013.0;971.0;Guadeloupe;1.0;Guadeloupe;0.0
2015.0;82.0;Tarn-et-Garonne;76.0;Occitanie;198592.96
2016.0;9.0;Ariège;76.0;Occitanie;244115.03999999998
2016.0;28.0;Eure-et-Loir;24.0;Centre-Val de Loire;893575.8
2016.0;2B;Haute-Corse;94.0;Corse;0.0
2016.0;62.0;Pas-de-Calais;32.0;Hauts-de-France;6766069.4399999995
2016.0;67.0;Bas-Rhin;44.0;Grand Est;3802007.85
2016.0;76.0;Seine-Maritime;28.0;Normandie;28166341.15
2016.0;78.0;Yvelines;11.0;Île-de-France;1940559.97
2017.0;53.0;Mayenne;52.0;Pays de la Loire;943821.64
2017.0;87.0;Haute-Vienne;75.0;Nouvelle-Aquitaine;1233222.03
2017.0;90.0;Territoire de Belfort;27.0;Bourgogne-Franche-Comté;255453.0
2017.0;972.0;Martinique;2.0;Martinique;0.0
2012.0;16.0;Charente;75.0;Nouvelle-Aquitaine;1679049.6
2012.0;26.0;Drôme;84.0;Auvergne-Rhône-Alpes;1652953.78
2012.0;30.0;Gard;76.0;Occitanie;2189497.79
2012.0;41.0;Loir-et-Cher;24.0;Centre-Val de Loire;1023950.26
2012.0;48.0;Lozère;76.0;Occitanie;0.0
2012.0;66.0;Pyrénées-Orientales;76.0;Occitanie;200462.58000000002
2012.0;80.0;Somme;32.0;Hauts-de-France;5873357.3
2012.0;91.0;Essonne;11.0;Île-de-France;1804873.87
2013.0;24.0;Dordogne;75.0;Nouvelle-Aquitaine;2081156.02
2013.0;27.0;Eure;28.0;Normandie;1484899.46
2013.0;45.0;Loiret;24.0;Centre-Val de Loire;3126869.28
2013.0;90.0;Territoire de Belfort;27.0;Bourgogne-Franche-Comté;285803.87
2014.0;2B;Haute-Corse;94.0;Corse;0.0
2014.0;71.0;Saône-et-Loire;27.0;Bourgogne-Franche-Comté;2545758.23
2014.0;80.0;Somme;32.0;Hauts-de-France;4706064.100000001
2014.0;94.0;Val-de-Marne;11.0;Île-de-France;2159432.6
2015.0;21.0;Côte-d'Or;27.0;Bourgogne-Franche-Comté;660477.22
2015.0;46.0;Lot;76.0;Occitanie;22678.0
2015.0;972.0;Martinique;2.0;Martinique;0.0
2016.0;14.0;Calvados;28.0;Normandie;1031451.9
2016.0;39.0;Jura;27.0;Bourgogne-Franche-Comté;2288249.14
2016.0;69.0;Rhône;84.0;Auvergne-Rhône-Alpes;4864050.99
2016.0;976.0;Mayotte;6.0;Mayotte;0.0
2017.0;36.0;Indre;24.0;Centre-Val de Loire;577394.11
2017.0;38.0;Isère;84.0;Auvergne-Rhône-Alpes;4939341.82
2017.0;84.0;Vaucluse;93.0;Provence-Alpes-Côte d'Azur;984989.84
2012.0;56.0;Morbihan;53.0;Bretagne;1277027.1
2012.0;61.0;Orne;28.0;Normandie;833885.02
2012.0;65.0;Hautes-Pyrénées;76.0;Occitanie;660183.0599999999
2012.0;85.0;Vendée;52.0;Pays de la Loire;1060700.21
2013.0;12.0;Aveyron;76.0;Occitanie;557157.2
2017.0;81.0;Tarn;76.0;Occitanie;674709.08
2012.0;78.0;Yvelines;11.0;Île-de-France;2517974.79
2012.0;79.0;Deux-Sèvres;75.0;Nouvelle-Aquitaine;342857.83
2012.0;95.0;Val-d'Oise;11.0;Île-de-France;1385761.33
2013.0;29.0;Finistère;53.0;Bretagne;1741285.67
2013.0;63.0;Puy-de-Dôme;84.0;Auvergne-Rhône-Alpes;1970294.93
2013.0;74.0;Haute-Savoie;84.0;Auvergne-Rhône-Alpes;766862.99
2014.0;19.0;Corrèze;75.0;Nouvelle-Aquitaine;164660.22999999998
2014.0;27.0;Eure;28.0;Normandie;1393346.87
2014.0;69.0;Rhône;84.0;Auvergne-Rhône-Alpes;4458287.34
2014.0;93.0;Seine-Saint-Denis;11.0;Île-de-France;2107513.66
2015.0;39.0;Jura;27.0;Bourgogne-Franche-Comté;1781041.5099999998
2015.0;40.0;Landes;75.0;Nouvelle-Aquitaine;689847.32
2015.0;66.0;Pyrénées-Orientales;76.0;Occitanie;144787.6
2015.0;95.0;Val-d'Oise;11.0;Île-de-France;872871.53
2016.0;6.0;Alpes-Maritimes;93.0;Provence-Alpes-Côte d'Azur;287408.43
2016.0;75.0;Paris;11.0;Île-de-France;72170.34
2016.0;94.0;Val-de-Marne;11.0;Île-de-France;2935105.77
2017.0;2.0;Aisne;32.0;Hauts-de-France;3300555.34
2017.0;10.0;Aube;44.0;Grand Est;1837699.63
2017.0;12.0;Aveyron;76.0;Occitanie;255501.0
2017.0;19.0;Corrèze;75.0;Nouvelle-Aquitaine;178843.89
2017.0;55.0;Meuse;44.0;Grand Est;1097373.13
2013.0;2A;Corse-du-Sud;94.0;Corse;0.0
2013.0;61.0;Orne;28.0;Normandie;826127.5800000001
2013.0;76.0;Seine-Maritime;28.0;Normandie;28415295.48
2013.0;86.0;Vienne;75.0;Nouvelle-Aquitaine;361307.02999999997
2014.0;12.0;Aveyron;76.0;Occitanie;595612.2
2014.0;64.0;Pyrénées-Atlantiques;75.0;Nouvelle-Aquitaine;1386753.35
2015.0;8.0;Ardennes;44.0;Grand Est;968450.83
2015.0;16.0;Charente;75.0;Nouvelle-Aquitaine;1635300.6400000001
2015.0;42.0;Loire;84.0;Auvergne-Rhône-Alpes;1910157.52
2015.0;84.0;Vaucluse;93.0;Provence-Alpes-Côte d'Azur;922666.97
2016.0;31.0;Haute-Garonne;76.0;Occitanie;1134007.24
2016.0;38.0;Isère;84.0;Auvergne-Rhône-Alpes;5183938.17
2012.0;19.0;Corrèze;75.0;Nouvelle-Aquitaine;186179.47
2012.0;55.0;Meuse;44.0;Grand Est;1230533.13
2012.0;60.0;Oise;32.0;Hauts-de-France;3570346.17
2012.0;82.0;Tarn-et-Garonne;76.0;Occitanie;230531.57
2013.0;39.0;Jura;27.0;Bourgogne-Franche-Comté;1850719.95
2014.0;57.0;Moselle;44.0;Grand Est;6759845.720000001
2014.0;95.0;Val-d'Oise;11.0;Île-de-France;846019.6
2016.0;12.0;Aveyron;76.0;Occitanie;269511.0
2016.0;56.0;Morbihan;53.0;Bretagne;1246002.84
2016.0;84.0;Vaucluse;93.0;Provence-Alpes-Côte d'Azur;936055.87
2012.0;8.0;Ardennes;44.0;Grand Est;0.0
2012.0;68.0;Haut-Rhin;44.0;Grand Est;10651178.77
2012.0;77.0;Seine-et-Marne;11.0;Île-de-France;6909623.06
2013.0;5.0;Hautes-Alpes;93.0;Provence-Alpes-Côte d'Azur;0.0
2012.0;14.0;Calvados;28.0;Normandie;1268355.25
2012.0;64.0;Pyrénées-Atlantiques;75.0;Nouvelle-Aquitaine;593292.8099999999
2013.0;48.0;Lozère;76.0;Occitanie;0.0
2013.0;64.0;Pyrénées-Atlantiques;75.0;Nouvelle-Aquitaine;845737.47
2013.0;84.0;Vaucluse;93.0;Provence-Alpes-Côte d'Azur;1196709.59
2013.0;95.0;Val-d'Oise;11.0;Île-de-France;1200703.28
2014.0;14.0;Calvados;28.0;Normandie;1143513.97
2014.0;16.0;Charente;75.0;Nouvelle-Aquitaine;1631323.33
2014.0;46.0;Lot;76.0;Occitanie;23097.0
2014.0;88.0;Vosges;44.0;Grand Est;1912445.9
2015.0;11.0;Aude;76.0;Occitanie;470509.93
2015.0;14.0;Calvados;28.0;Normandie;1089336.95
2012.0;81.0;Tarn;76.0;Occitanie;826884.5800000001
2013.0;40.0;Landes;75.0;Nouvelle-Aquitaine;711826.38
2013.0;60.0;Oise;32.0;Hauts-de-France;3573445.99
2013.0;973.0;Guyane;3.0;Guyane;0.0
2015.0;52.0;Haute-Marne;44.0;Grand Est;385281.53
2015.0;61.0;Orne;28.0;Normandie;829313.67
2015.0;90.0;Territoire de Belfort;27.0;Bourgogne-Franche-Comté;246089.47999999998
2016.0;48.0;Lozère;76.0;Occitanie;0.0
2017.0;54.0;Meurthe-et-Moselle;44.0;Grand Est;10474936.73
2017.0;71.0;Saône-et-Loire;27.0;Bourgogne-Franche-Comté;2272519.23
2012.0;50.0;Manche;28.0;Normandie;775685.84
2012.0;57.0;Moselle;44.0;Grand Est;9756826.75
2014.0;55.0;Meuse;44.0;Grand Est;1169784.9100000001
2014.0;90.0;Territoire de Belfort;27.0;Bourgogne-Franche-Comté;228548.58000000002
2016.0;83.0;Var;93.0;Provence-Alpes-Côte d'Azur;165603.0
2017.0;22.0;Côtes-d'Armor;53.0;Bretagne;959411.63
2012.0;12.0;Aveyron;76.0;Occitanie;495882.1
2012.0;54.0;Meurthe-et-Moselle;44.0;Grand Est;4734147.1
2012.0;75.0;Paris;11.0;Île-de-France;71354.3
2013.0;2.0;Aisne;32.0;Hauts-de-France;0.0
2013.0;10.0;Aube;44.0;Grand Est;2150265.16
2013.0;15.0;Cantal;84.0;Auvergne-Rhône-Alpes;26246.0
2016.0;971.0;Guadeloupe;1.0;Guadeloupe;0.0
2016.0;974.0;La Réunion;4.0;La Réunion;0.0
2017.0;42.0;Loire;84.0;Auvergne-Rhône-Alpes;1929445.52
2017.0;57.0;Moselle;44.0;Grand Est;13761081.819999998
2017.0;94.0;Val-de-Marne;11.0;Île-de-France;2810476.85
2017.0;974.0;La Réunion;4.0;La Réunion;0.0
2017.0;976.0;Mayotte;6.0;Mayotte;0.0
2013.0;35.0;Ille-et-Vilaine;53.0;Bretagne;1529436.0
2013.0;75.0;Paris;11.0;Île-de-France;74230.82
2013.0;82.0;Tarn-et-Garonne;76.0;Occitanie;225008.85
2014.0;33.0;Gironde;75.0;Nouvelle-Aquitaine;1797982.07
2014.0;86.0;Vienne;75.0;Nouvelle-Aquitaine;279143.98
2015.0;5.0;Hautes-Alpes;93.0;Provence-Alpes-Côte d'Azur;4115.0
2015.0;9.0;Ariège;76.0;Occitanie;255640.38
2015.0;22.0;Côtes-d'Armor;53.0;Bretagne;977743.4
2015.0;2A;Corse-du-Sud;94.0;Corse;0.0
2015.0;32.0;Gers;76.0;Occitanie;53424.0
2015.0;71.0;Saône-et-Loire;27.0;Bourgogne-Franche-Comté;2300649.21
2016.0;1.0;Ain;84.0;Auvergne-Rhône-Alpes;1305509.86
2016.0;46.0;Lot;76.0;Occitanie;20525.0
2016.0;60.0;Oise;32.0;Hauts-de-France;3001223.55
2016.0;87.0;Haute-Vienne;75.0;Nouvelle-Aquitaine;1209528.03
2016.0;92.0;Hauts-de-Seine;11.0;Île-de-France;1612613.1
2017.0;33.0;Gironde;75.0;Nouvelle-Aquitaine;2109502.34
2017.0;74.0;Haute-Savoie;84.0;Auvergne-Rhône-Alpes;688359.68
2017.0;82.0;Tarn-et-Garonne;76.0;Occitanie;195351.64
2017.0;83.0;Var;93.0;Provence-Alpes-Côte d'Azur;179973.0
2013.0;94.0;Val-de-Marne;11.0;Île-de-France;3124488.7
2014.0;1.0;Ain;84.0;Auvergne-Rhône-Alpes;0.0
2014.0;22.0;Côtes-d'Armor;53.0;Bretagne;944310.05
2014.0;40.0;Landes;75.0;Nouvelle-Aquitaine;707031.34
2014.0;52.0;Haute-Marne;44.0;Grand Est;407460.33999999997
2014.0;74.0;Haute-Savoie;84.0;Auvergne-Rhône-Alpes;677113.77
2014.0;76.0;Seine-Maritime;28.0;Normandie;27347532.85
2015.0;12.0;Aveyron;76.0;Occitanie;289788.0
2015.0;44.0;Loire-Atlantique;52.0;Pays de la Loire;5865988.55
2016.0;16.0;Charente;75.0;Nouvelle-Aquitaine;1597699.3900000001
2016.0;44.0;Loire-Atlantique;52.0;Pays de la Loire;7278615.3
2016.0;59.0;Nord;32.0;Hauts-de-France;22416234.92
2016.0;63.0;Puy-de-Dôme;84.0;Auvergne-Rhône-Alpes;1930837.92
2017.0;43.0;Haute-Loire;84.0;Auvergne-Rhône-Alpes;394175.37
2012.0;5.0;Hautes-Alpes;93.0;Provence-Alpes-Côte d'Azur;0.0
2012.0;58.0;Nièvre;27.0;Bourgogne-Franche-Comté;376091.8
2013.0;11.0;Aude;76.0;Occitanie;541272.7
2013.0;23.0;Creuse;75.0;Nouvelle-Aquitaine;72650.58
2013.0;31.0;Haute-Garonne;76.0;Occitanie;1330031.04
2013.0;51.0;Marne;44.0;Grand Est;3399972.02
2013.0;70.0;Haute-Saône;27.0;Bourgogne-Franche-Comté;504077.77
2014.0;26.0;Drôme;84.0;Auvergne-Rhône-Alpes;1407603.81
2014.0;54.0;Meurthe-et-Moselle;44.0;Grand Est;3842122.7
2014.0;61.0;Orne;28.0;Normandie;811128.7
2014.0;77.0;Seine-et-Marne;11.0;Île-de-France;5925151.92
2014.0;81.0;Tarn;76.0;Occitanie;831364.54
2015.0;30.0;Gard;76.0;Occitanie;1067556.04
2015.0;31.0;Haute-Garonne;76.0;Occitanie;1125615.2
2015.0;35.0;Ille-et-Vilaine;53.0;Bretagne;1518282.08
2015.0;63.0;Puy-de-Dôme;84.0;Auvergne-Rhône-Alpes;1855411.16
2015.0;85.0;Vendée;52.0;Pays de la Loire;1076628.95
2016.0;27.0;Eure;28.0;Normandie;1397296.38
2016.0;35.0;Ille-et-Vilaine;53.0;Bretagne;1485449.52
2016.0;66.0;Pyrénées-Orientales;76.0;Occitanie;139059.74
2016.0;77.0;Seine-et-Marne;11.0;Île-de-France;7319930.44
2016.0;91.0;Essonne;11.0;Île-de-France;1279855.94
2017.0;6.0;Alpes-Maritimes;93.0;Provence-Alpes-Côte d'Azur;281880.42
2017.0;28.0;Eure-et-Loir;24.0;Centre-Val de Loire;934694.95
2017.0;44.0;Loire-Atlantique;52.0;Pays de la Loire;7741255.989999999
2017.0;45.0;Loiret;24.0;Centre-Val de Loire;3227910.94
2017.0;89.0;Yonne;27.0;Bourgogne-Franche-Comté;462998.51
2017.0;93.0;Seine-Saint-Denis;11.0;Île-de-France;2636407.8600000003
2013.0;44.0;Loire-Atlantique;52.0;Pays de la Loire;5511941.68
2014.0;7.0;Ardèche;84.0;Auvergne-Rhône-Alpes;0.0
2014.0;10.0;Aube;44.0;Grand Est;2042601.99
2014.0;18.0;Cher;24.0;Centre-Val de Loire;217809.96
2014.0;24.0;Dordogne;75.0;Nouvelle-Aquitaine;1756223.56
2014.0;34.0;Hérault;76.0;Occitanie;740682.0
2014.0;47.0;Lot-et-Garonne;75.0;Nouvelle-Aquitaine;410107.66000000003
2014.0;53.0;Mayenne;52.0;Pays de la Loire;902700.4299999999
2015.0;13.0;Bouches-du-Rhône;93.0;Provence-Alpes-Côte d'Azur;20256828.84
2015.0;49.0;Maine-et-Loire;52.0;Pays de la Loire;844883.13
2015.0;69.0;Rhône;84.0;Auvergne-Rhône-Alpes;4711079.79
2016.0;5.0;Hautes-Alpes;93.0;Provence-Alpes-Côte d'Azur;4504.0
2016.0;10.0;Aube;44.0;Grand Est;1798320.17
2016.0;15.0;Cantal;84.0;Auvergne-Rhône-Alpes;22918.0
2017.0;35.0;Ille-et-Vilaine;53.0;Bretagne;1543510.97
2017.0;59.0;Nord;32.0;Hauts-de-France;27072507.1
2017.0;60.0;Oise;32.0;Hauts-de-France;3118573.68
2017.0;91.0;Essonne;11.0;Île-de-France;1244754.3900000001
2012.0;13.0;Bouches-du-Rhône;93.0;Provence-Alpes-Côte d'Azur;19172697.060000002
2012.0;2A;Corse-du-Sud;94.0;Corse;0.0
2012.0;32.0;Gers;76.0;Occitanie;72214.0
2012.0;44.0;Loire-Atlantique;52.0;Pays de la Loire;5444005.39
2012.0;53.0;Mayenne;52.0;Pays de la Loire;909298.02
2012.0;69.0;Rhône;84.0;Auvergne-Rhône-Alpes;5044569.16
2012.0;972.0;Martinique;2.0;Martinique;0.0
2013.0;17.0;Charente-Maritime;75.0;Nouvelle-Aquitaine;413911.0
2013.0;57.0;Moselle;44.0;Grand Est;8923481.03
2013.0;78.0;Yvelines;11.0;Île-de-France;2391326.05
2013.0;91.0;Essonne;11.0;Île-de-France;1704222.53
2014.0;13.0;Bouches-du-Rhône;93.0;Provence-Alpes-Côte d'Azur;15802417.25
2014.0;39.0;Jura;27.0;Bourgogne-Franche-Comté;1493989.19
2014.0;50.0;Manche;28.0;Normandie;830959.9
2014.0;51.0;Marne;44.0;Grand Est;3505743.6
2014.0;82.0;Tarn-et-Garonne;76.0;Occitanie;218139.13
2015.0;3.0;Allier;84.0;Auvergne-Rhône-Alpes;2915618.95
2015.0;26.0;Drôme;84.0;Auvergne-Rhône-Alpes;1433951.17
2015.0;47.0;Lot-et-Garonne;75.0;Nouvelle-Aquitaine;396025.6
2015.0;57.0;Moselle;44.0;Grand Est;8673856.29
2016.0;29.0;Finistère;53.0;Bretagne;2140306.03
2016.0;82.0;Tarn-et-Garonne;76.0;Occitanie;199270.72
2017.0;16.0;Charente;75.0;Nouvelle-Aquitaine;1770967.54
2017.0;24.0;Dordogne;75.0;Nouvelle-Aquitaine;1960794.08
2017.0;30.0;Gard;76.0;Occitanie;1066613.19
2017.0;37.0;Indre-et-Loire;24.0;Centre-Val de Loire;966873.99
2012.0;29.0;Finistère;53.0;Bretagne;1748334.13
2013.0;37.0;Indre-et-Loire;24.0;Centre-Val de Loire;1102823.25
2013.0;47.0;Lot-et-Garonne;75.0;Nouvelle-Aquitaine;437222.24
2014.0;6.0;Alpes-Maritimes;93.0;Provence-Alpes-Côte d'Azur;0.0
2014.0;41.0;Loir-et-Cher;24.0;Centre-Val de Loire;829303.74
2014.0;42.0;Loire;84.0;Auvergne-Rhône-Alpes;2088094.73
2015.0;50.0;Manche;28.0;Normandie;848772.25
2015.0;73.0;Savoie;84.0;Auvergne-Rhône-Alpes;1262356.24
2015.0;93.0;Seine-Saint-Denis;11.0;Île-de-France;2723226.55
2017.0;56.0;Morbihan;53.0;Bretagne;1234125.86
2017.0;70.0;Haute-Saône;27.0;Bourgogne-Franche-Comté;329346.93
2017.0;75.0;Paris;11.0;Île-de-France;84223.48
2012.0;22.0;Côtes-d'Armor;53.0;Bretagne;919166.57
2012.0;28.0;Eure-et-Loir;24.0;Centre-Val de Loire;875915.51
2013.0;7.0;Ardèche;84.0;Auvergne-Rhône-Alpes;0.0
2013.0;16.0;Charente;75.0;Nouvelle-Aquitaine;1647269.73
2013.0;18.0;Cher;24.0;Centre-Val de Loire;251097.4
2013.0;69.0;Rhône;84.0;Auvergne-Rhône-Alpes;4904750.92
2013.0;73.0;Savoie;84.0;Auvergne-Rhône-Alpes;1324509.99
2014.0;3.0;Allier;84.0;Auvergne-Rhône-Alpes;0.0
2014.0;8.0;Ardennes;44.0;Grand Est;0.0
2014.0;25.0;Doubs;27.0;Bourgogne-Franche-Comté;1360180.16
2014.0;78.0;Yvelines;11.0;Île-de-France;1750897.01
2014.0;91.0;Essonne;11.0;Île-de-France;1146740.88
2014.0;971.0;Guadeloupe;1.0;Guadeloupe;0.0
2015.0;7.0;Ardèche;84.0;Auvergne-Rhône-Alpes;558748.25
2016.0;33.0;Gironde;75.0;Nouvelle-Aquitaine;2196294.06
2016.0;37.0;Indre-et-Loire;24.0;Centre-Val de Loire;974853.1
2016.0;90.0;Territoire de Belfort;27.0;Bourgogne-Franche-Comté;266190.83999999997
2017.0;67.0;Bas-Rhin;44.0;Grand Est;3843185.62
2012.0;6.0;Alpes-Maritimes;93.0;Provence-Alpes-Côte d'Azur;0.0
2012.0;21.0;Côte-d'Or;27.0;Bourgogne-Franche-Comté;1499230.5
2012.0;37.0;Indre-et-Loire;24.0;Centre-Val de Loire;1147033.81
2012.0;70.0;Haute-Saône;27.0;Bourgogne-Franche-Comté;528320.0
2012.0;71.0;Saône-et-Loire;27.0;Bourgogne-Franche-Comté;2537919.74
2012.0;90.0;Territoire de Belfort;27.0;Bourgogne-Franche-Comté;337218.08999999997
2012.0;973.0;Guyane;3.0;Guyane;0.0
2013.0;9.0;Ariège;76.0;Occitanie;0.0
2013.0;22.0;Côtes-d'Armor;53.0;Bretagne;920413.1900000001
2014.0;9.0;Ariège;76.0;Occitanie;0.0
2014.0;48.0;Lozère;76.0;Occitanie;0.0
2014.0;60.0;Oise;32.0;Hauts-de-France;3354349.55
2014.0;972.0;Martinique;2.0;Martinique;0.0
2015.0;34.0;Hérault;76.0;Occitanie;698398.28
2015.0;51.0;Marne;44.0;Grand Est;3481010.54
2015.0;55.0;Meuse;44.0;Grand Est;1170228.68
2015.0;72.0;Sarthe;52.0;Pays de la Loire;1193054.79
2016.0;7.0;Ardèche;84.0;Auvergne-Rhône-Alpes;588973.67
2016.0;32.0;Gers;76.0;Occitanie;45691.0
2016.0;52.0;Haute-Marne;44.0;Grand Est;355397.78
2016.0;74.0;Haute-Savoie;84.0;Auvergne-Rhône-Alpes;682230.73
2016.0;85.0;Vendée;52.0;Pays de la Loire;1062171.54
2016.0;972.0;Martinique;2.0;Martinique;0.0
2017.0;62.0;Pas-de-Calais;32.0;Hauts-de-France;7169845.62
2017.0;72.0;Sarthe;52.0;Pays de la Loire;1176323.25
2017.0;76.0;Seine-Maritime;28.0;Normandie;29068318.84
2017.0;86.0;Vienne;75.0;Nouvelle-Aquitaine;308039.26
2017.0;971.0;Guadeloupe;1.0;Guadeloupe;0.0
2012.0;67.0;Bas-Rhin;44.0;Grand Est;2818993.59
2012.0;74.0;Haute-Savoie;84.0;Auvergne-Rhône-Alpes;789092.33
2012.0;83.0;Var;93.0;Provence-Alpes-Côte d'Azur;293103.36
2012.0;94.0;Val-de-Marne;11.0;Île-de-France;3224590.05
2013.0;3.0;Allier;84.0;Auvergne-Rhône-Alpes;0.0
2013.0;30.0;Gard;76.0;Occitanie;1517006.87
2013.0;38.0;Isère;84.0;Auvergne-Rhône-Alpes;6172920.34
2013.0;81.0;Tarn;76.0;Occitanie;823684.6799999999
2014.0;32.0;Gers;76.0;Occitanie;62471.0
2014.0;87.0;Haute-Vienne;75.0;Nouvelle-Aquitaine;1074048.13
2015.0;67.0;Bas-Rhin;44.0;Grand Est;3657907.86
2015.0;81.0;Tarn;76.0;Occitanie;749478.61
2015.0;973.0;Guyane;3.0;Guyane;0.0
2016.0;2A;Corse-du-Sud;94.0;Corse;0.0
2016.0;54.0;Meurthe-et-Moselle;44.0;Grand Est;9856302.61
2017.0;13.0;Bouches-du-Rhône;93.0;Provence-Alpes-Côte d'Azur;29857632.96
2017.0;17.0;Charente-Maritime;75.0;Nouvelle-Aquitaine;415091.14
2012.0;1.0;Ain;84.0;Auvergne-Rhône-Alpes;0.0
2012.0;18.0;Cher;24.0;Centre-Val de Loire;259606.11
2012.0;40.0;Landes;75.0;Nouvelle-Aquitaine;686231.2999999999
2012.0;43.0;Haute-Loire;84.0;Auvergne-Rhône-Alpes;437430.27
2012.0;72.0;Sarthe;52.0;Pays de la Loire;1684743.21
2013.0;21.0;Côte-d'Or;27.0;Bourgogne-Franche-Comté;1473946.78
2013.0;42.0;Loire;84.0;Auvergne-Rhône-Alpes;2182933.42
2013.0;62.0;Pas-de-Calais;32.0;Hauts-de-France;7974850.37
2013.0;77.0;Seine-et-Marne;11.0;Île-de-France;6469721.39
2014.0;70.0;Haute-Saône;27.0;Bourgogne-Franche-Comté;442428.45999999996
2015.0;24.0;Dordogne;75.0;Nouvelle-Aquitaine;1921526.8099999998
2015.0;53.0;Mayenne;52.0;Pays de la Loire;909787.9
2015.0;68.0;Haut-Rhin;44.0;Grand Est;10214026.51
2015.0;91.0;Essonne;11.0;Île-de-France;1204244.45
2016.0;19.0;Corrèze;75.0;Nouvelle-Aquitaine;180644.39
2016.0;30.0;Gard;76.0;Occitanie;1031658.72
2016.0;40.0;Landes;75.0;Nouvelle-Aquitaine;663943.52
2016.0;49.0;Maine-et-Loire;52.0;Pays de la Loire;854435.8
2017.0;7.0;Ardèche;84.0;Auvergne-Rhône-Alpes;623527.39
2017.0;32.0;Gers;76.0;Occitanie;43904.0
2017.0;52.0;Haute-Marne;44.0;Grand Est;363949.86
2017.0;63.0;Puy-de-Dôme;84.0;Auvergne-Rhône-Alpes;1896697.4000000001
2017.0;79.0;Deux-Sèvres;75.0;Nouvelle-Aquitaine;295014.73
2017.0;80.0;Somme;32.0;Hauts-de-France;4061888.23
2017.0;92.0;Hauts-de-Seine;11.0;Île-de-France;1510862.5
2012.0;11.0;Aude;76.0;Occitanie;566826.1
2012.0;24.0;Dordogne;75.0;Nouvelle-Aquitaine;2369420.71
2012.0;2B;Haute-Corse;94.0;Corse;0.0
2012.0;31.0;Haute-Garonne;76.0;Occitanie;1374137.71
2013.0;32.0;Gers;76.0;Occitanie;72646.0
2014.0;38.0;Isère;84.0;Auvergne-Rhône-Alpes;5885472.0
2014.0;45.0;Loiret;24.0;Centre-Val de Loire;3090854.12
2014.0;62.0;Pas-de-Calais;32.0;Hauts-de-France;7563336.27
2014.0;73.0;Savoie;84.0;Auvergne-Rhône-Alpes;1294952.0
2014.0;75.0;Paris;11.0;Île-de-France;68098.39
2015.0;10.0;Aube;44.0;Grand Est;1757699.53
2015.0;17.0;Charente-Maritime;75.0;Nouvelle-Aquitaine;406302.58
2015.0;23.0;Creuse;75.0;Nouvelle-Aquitaine;68884.98999999999
2015.0;48.0;Lozère;76.0;Occitanie;0.0
2015.0;77.0;Seine-et-Marne;11.0;Île-de-France;5245563.7299999995
2015.0;83.0;Var;93.0;Provence-Alpes-Côte d'Azur;172077.0
2015.0;87.0;Haute-Vienne;75.0;Nouvelle-Aquitaine;1100924.77
2015.0;976.0;Mayotte;6.0;Mayotte;0.0
2016.0;25.0;Doubs;27.0;Bourgogne-Franche-Comté;1184373.64
2016.0;45.0;Loiret;24.0;Centre-Val de Loire;3014472.96
2016.0;80.0;Somme;32.0;Hauts-de-France;4273643.739999999
2016.0;89.0;Yonne;27.0;Bourgogne-Franche-Comté;475077.77
2017.0;26.0;Drôme;84.0;Auvergne-Rhône-Alpes;1374684.4
2017.0;27.0;Eure;28.0;Normandie;1306797.53
2017.0;58.0;Nièvre;27.0;Bourgogne-Franche-Comté;342346.87
2017.0;88.0;Vosges;44.0;Grand Est;1958749.3599999999
2012.0;2.0;Aisne;32.0;Hauts-de-France;0.0
2012.0;23.0;Creuse;75.0;Nouvelle-Aquitaine;72508.78
2012.0;27.0;Eure;28.0;Normandie;1564511.75
2012.0;42.0;Loire;84.0;Auvergne-Rhône-Alpes;2236584.42
2012.0;974.0;La Réunion;4.0;La Réunion;0.0
2013.0;19.0;Corrèze;75.0;Nouvelle-Aquitaine;185920.39
2013.0;34.0;Hérault;76.0;Occitanie;805441.4
2013.0;43.0;Haute-Loire;84.0;Auvergne-Rhône-Alpes;441639.94
2013.0;55.0;Meuse;44.0;Grand Est;1228325.41
2013.0;80.0;Somme;32.0;Hauts-de-France;5625034.04
2013.0;85.0;Vendée;52.0;Pays de la Loire;1065661.98
2014.0;4.0;Alpes-de-Haute-Provence;93.0;Provence-Alpes-Côte d'Azur;0.0
2014.0;44.0;Loire-Atlantique;52.0;Pays de la Loire;4305305.54
2015.0;25.0;Doubs;27.0;Bourgogne-Franche-Comté;1084080.24
2015.0;33.0;Gironde;75.0;Nouvelle-Aquitaine;2087997.62
2015.0;56.0;Morbihan;53.0;Bretagne;1291620.09
2015.0;88.0;Vosges;44.0;Grand Est;1879404.92
2016.0;34.0;Hérault;76.0;Occitanie;504012.65
2016.0;70.0;Haute-Saône;27.0;Bourgogne-Franche-Comté;330395.74
2016.0;88.0;Vosges;44.0;Grand Est;1945348.3699999999
2017.0;15.0;Cantal;84.0;Auvergne-Rhône-Alpes;23905.0
2017.0;47.0;Lot-et-Garonne;75.0;Nouvelle-Aquitaine;427101.88
2017.0;69.0;Rhône;84.0;Auvergne-Rhône-Alpes;4609671.62
2012.0;33.0;Gironde;75.0;Nouvelle-Aquitaine;1881197.7
2012.0;36.0;Indre;24.0;Centre-Val de Loire;710007.31
2014.0;59.0;Nord;32.0;Hauts-de-France;13291565.39
2014.0;66.0;Pyrénées-Orientales;76.0;Occitanie;116135.44
2014.0;83.0;Var;93.0;Provence-Alpes-Côte d'Azur;278612.31
2014.0;92.0;Hauts-de-Seine;11.0;Île-de-France;1119251.5
2015.0;60.0;Oise;32.0;Hauts-de-France;3019993.25
2015.0;70.0;Haute-Saône;27.0;Bourgogne-Franche-Comté;327006.32
2015.0;74.0;Haute-Savoie;84.0;Auvergne-Rhône-Alpes;665701.97
2012.0;52.0;Haute-Marne;44.0;Grand Est;385895.89
2012.0;89.0;Yonne;27.0;Bourgogne-Franche-Comté;475877.3
2013.0;14.0;Calvados;28.0;Normandie;1181286.0
2013.0;26.0;Drôme;84.0;Auvergne-Rhône-Alpes;1408622.08
2013.0;79.0;Deux-Sèvres;75.0;Nouvelle-Aquitaine;339551.54000000004
2015.0;15.0;Cantal;84.0;Auvergne-Rhône-Alpes;24329.0
2015.0;18.0;Cher;24.0;Centre-Val de Loire;236000.55
2015.0;54.0;Meurthe-et-Moselle;44.0;Grand Est;5882083.03
2016.0;2.0;Aisne;32.0;Hauts-de-France;3192040.07
2016.0;18.0;Cher;24.0;Centre-Val de Loire;258001.03
2016.0;21.0;Côte-d'Or;27.0;Bourgogne-Franche-Comté;653142.12
2016.0;53.0;Mayenne;52.0;Pays de la Loire;944334.27
2017.0;66.0;Pyrénées-Orientales;76.0;Occitanie;135623.65
2024.0;976.0;Mayotte;6.0;Mayotte;0.0
2020.0;63.0;Puy-de-Dôme;84.0;Auvergne-Rhône-Alpes;1717321.44694
2024.0;28.0;Eure-et-Loir;24.0;Centre-Val de Loire;489898.97399
2019.0;29.0;Finistère;53.0;Bretagne;1411990.73027
2018.0;31.0;Haute-Garonne;76.0;Occitanie;1514409.14697
2024.0;42.0;Loire;84.0;Auvergne-Rhône-Alpes;2121138.35473
2021.0;37.0;Indre-et-Loire;24.0;Centre-Val de Loire;1311299.49872
2023.0;74.0;Haute-Savoie;84.0;Auvergne-Rhône-Alpes;819472.05129
2022.0;95.0;Val-d'Oise;11.0;Île-de-France;1230855.60724
2020.0;93.0;Seine-Saint-Denis;11.0;Île-de-France;2538705.88818
2024.0;1.0;Ain;84.0;Auvergne-Rhône-Alpes;1444786.54584
2020.0;974.0;La Réunion;4.0;La Réunion;0.0
2019.0;10.0;Aube;44.0;Grand Est;1845171.48824
2023.0;976.0;Mayotte;6.0;Mayotte;0.0
2018.0;39.0;Jura;27.0;Bourgogne-Franche-Comté;2220235.96529
2020.0;52.0;Haute-Marne;44.0;Grand Est;353811.91729
2019.0;28.0;Eure-et-Loir;24.0;Centre-Val de Loire;931927.01089
2020.0;43.0;Haute-Loire;84.0;Auvergne-Rhône-Alpes;380331.80572
2018.0;53.0;Mayenne;52.0;Pays de la Loire;805599.30473
2023.0;30.0;Gard;76.0;Occitanie;975780.48205
2021.0;73.0;Savoie;84.0;Auvergne-Rhône-Alpes;1482273.39484
2021.0;8.0;Ardennes;44.0;Grand Est;1110556.34115
2021.0;26.0;Drôme;84.0;Auvergne-Rhône-Alpes;1769478.66458
2024.0;17.0;Charente-Maritime;75.0;Nouvelle-Aquitaine;357612.04217
2019.0;91.0;Essonne;11.0;Île-de-France;1449576.92863
2019.0;86.0;Vienne;75.0;Nouvelle-Aquitaine;388492.34986
2024.0;50.0;Manche;28.0;Normandie;764839.05135
2024.0;53.0;Mayenne;52.0;Pays de la Loire;820207.05059
2021.0;42.0;Loire;84.0;Auvergne-Rhône-Alpes;2725571.44999
2023.0;55.0;Meuse;44.0;Grand Est;1033765.37733
2022.0;974.0;La Réunion;4.0;La Réunion;0.0
2018.0;47.0;Lot-et-Garonne;75.0;Nouvelle-Aquitaine;513228.65111
2022.0;56.0;Morbihan;53.0;Bretagne;1265251.27843
2021.0;18.0;Cher;24.0;Centre-Val de Loire;344214.64489
2022.0;18.0;Cher;24.0;Centre-Val de Loire;295585.51196
2021.0;2A;Corse-du-Sud;94.0;Corse;0.0
2021.0;81.0;Tarn;76.0;Occitanie;806885.32503
2021.0;3.0;Allier;84.0;Auvergne-Rhône-Alpes;3257417.14488
2019.0;32.0;Gers;76.0;Occitanie;58373.97764
2022.0;57.0;Moselle;44.0;Grand Est;13267289.56242
2022.0;42.0;Loire;84.0;Auvergne-Rhône-Alpes;2475767.26005
2022.0;90.0;Territoire de Belfort;27.0;Bourgogne-Franche-Comté;283521.55155
2022.0;43.0;Haute-Loire;84.0;Auvergne-Rhône-Alpes;326986.06875
2021.0;9.0;Ariège;76.0;Occitanie;138633.43225
2018.0;85.0;Vendée;52.0;Pays de la Loire;1039180.85683
2018.0;48.0;Lozère;76.0;Occitanie;0.0
2020.0;15.0;Cantal;84.0;Auvergne-Rhône-Alpes;52640.73312
2023.0;59.0;Nord;32.0;Hauts-de-France;16972740.87731
2018.0;59.0;Nord;32.0;Hauts-de-France;24919035.72029
2022.0;81.0;Tarn;76.0;Occitanie;879279.80559
2019.0;14.0;Calvados;28.0;Normandie;1492054.41772
2020.0;72.0;Sarthe;52.0;Pays de la Loire;1004536.62836
2019.0;71.0;Saône-et-Loire;27.0;Bourgogne-Franche-Comté;2379704.92
2024.0;15.0;Cantal;84.0;Auvergne-Rhône-Alpes;34397.04297
2022.0;88.0;Vosges;44.0;Grand Est;2133665.57651
2020.0;69.0;Rhône;84.0;Auvergne-Rhône-Alpes;5391165.6628
2023.0;4.0;Alpes-de-Haute-Provence;93.0;Provence-Alpes-Côte d'Azur;196494.24976
2022.0;7.0;Ardèche;84.0;Auvergne-Rhône-Alpes;530960.69126
2022.0;1.0;Ain;84.0;Auvergne-Rhône-Alpes;1524930.9307
2020.0;16.0;Charente;75.0;Nouvelle-Aquitaine;1762947.9684
2023.0;75.0;Paris;11.0;Île-de-France;707087.33024
2018.0;41.0;Loir-et-Cher;24.0;Centre-Val de Loire;845777.68113
2020.0;53.0;Mayenne;52.0;Pays de la Loire;953186.28674
2020.0;91.0;Essonne;11.0;Île-de-France;1468448.79271
2020.0;77.0;Seine-et-Marne;11.0;Île-de-France;6870983.47246
2018.0;93.0;Seine-Saint-Denis;11.0;Île-de-France;2373891.53391
2019.0;973.0;Guyane;3.0;Guyane;0.0
2019.0;93.0;Seine-Saint-Denis;11.0;Île-de-France;2562185.50389
2020.0;81.0;Tarn;76.0;Occitanie;757635.54188
2021.0;60.0;Oise;32.0;Hauts-de-France;3667340.59785
2022.0;51.0;Marne;44.0;Grand Est;3937783.97254
2023.0;34.0;Hérault;76.0;Occitanie;711087.65965
2023.0;29.0;Finistère;53.0;Bretagne;5357302.12806
2022.0;64.0;Pyrénées-Atlantiques;75.0;Nouvelle-Aquitaine;1116685.61584
2019.0;19.0;Corrèze;75.0;Nouvelle-Aquitaine;238412.77809
2018.0;80.0;Somme;32.0;Hauts-de-France;4138228.55837
2022.0;49.0;Maine-et-Loire;52.0;Pays de la Loire;1088505.75042
2018.0;22.0;Côtes-d'Armor;53.0;Bretagne;1084392.94139
2022.0;76.0;Seine-Maritime;28.0;Normandie;16999909.98238
2023.0;32.0;Gers;76.0;Occitanie;67688.01456
2019.0;72.0;Sarthe;52.0;Pays de la Loire;981604.83392
2023.0;22.0;Côtes-d'Armor;53.0;Bretagne;1331007.09149
2024.0;73.0;Savoie;84.0;Auvergne-Rhône-Alpes;1204918.08435
2022.0;4.0;Alpes-de-Haute-Provence;93.0;Provence-Alpes-Côte d'Azur;184614.04859
2019.0;65.0;Hautes-Pyrénées;76.0;Occitanie;608044.19214
2022.0;77.0;Seine-et-Marne;11.0;Île-de-France;4160472.78198
2022.0;35.0;Ille-et-Vilaine;53.0;Bretagne;1823673.86343
2020.0;76.0;Seine-Maritime;28.0;Normandie;21910553.78979
2023.0;44.0;Loire-Atlantique;52.0;Pays de la Loire;5215234.26881
2023.0;27.0;Eure;28.0;Normandie;1536256.20246
2024.0;83.0;Var;93.0;Provence-Alpes-Côte d'Azur;272263.40854
2019.0;22.0;Côtes-d'Armor;53.0;Bretagne;1057551.45511
2022.0;87.0;Haute-Vienne;75.0;Nouvelle-Aquitaine;1153156.25742
2024.0;48.0;Lozère;76.0;Occitanie;0.0
2019.0;69.0;Rhône;84.0;Auvergne-Rhône-Alpes;6023839.17536
2023.0;51.0;Marne;44.0;Grand Est;3583280.52555
2020.0;87.0;Haute-Vienne;75.0;Nouvelle-Aquitaine;1184740.76458
2023.0;49.0;Maine-et-Loire;52.0;Pays de la Loire;1097158.0893
2019.0;85.0;Vendée;52.0;Pays de la Loire;1058805.65881
2020.0;89.0;Yonne;27.0;Bourgogne-Franche-Comté;469095.33624
2019.0;56.0;Morbihan;53.0;Bretagne;1213600.0428
2023.0;73.0;Savoie;84.0;Auvergne-Rhône-Alpes;1190100.59877
2019.0;33.0;Gironde;75.0;Nouvelle-Aquitaine;2248815.10878
2021.0;62.0;Pas-de-Calais;32.0;Hauts-de-France;8410677.3327
2018.0;55.0;Meuse;44.0;Grand Est;1191514.56991
2021.0;83.0;Var;93.0;Provence-Alpes-Côte d'Azur;362681.9963
2022.0;17.0;Charente-Maritime;75.0;Nouvelle-Aquitaine;404212.83714
2020.0;50.0;Manche;28.0;Normandie;884776.61558
2023.0;38.0;Isère;84.0;Auvergne-Rhône-Alpes;3321795.43697
2022.0;83.0;Var;93.0;Provence-Alpes-Côte d'Azur;326800.0074
2018.0;2B;Haute-Corse;94.0;Corse;0.0
2019.0;37.0;Indre-et-Loire;24.0;Centre-Val de Loire;1289205.13225
2020.0;67.0;Bas-Rhin;44.0;Grand Est;4008695.64482
2020.0;47.0;Lot-et-Garonne;75.0;Nouvelle-Aquitaine;522487.54034
2019.0;38.0;Isère;84.0;Auvergne-Rhône-Alpes;4169200.78737
2019.0;46.0;Lot;76.0;Occitanie;31032.00328
2018.0;9.0;Ariège;76.0;Occitanie;173161.96651
2023.0;40.0;Landes;75.0;Nouvelle-Aquitaine;766948.57355
2020.0;41.0;Loir-et-Cher;24.0;Centre-Val de Loire;336337.54276
2023.0;39.0;Jura;27.0;Bourgogne-Franche-Comté;2330453.07425
2020.0;57.0;Moselle;44.0;Grand Est;7827547.17748
2022.0;94.0;Val-de-Marne;11.0;Île-de-France;1807597.72768
2021.0;80.0;Somme;32.0;Hauts-de-France;3726675.59786
2023.0;26.0;Drôme;84.0;Auvergne-Rhône-Alpes;1021198.33868
2020.0;59.0;Nord;32.0;Hauts-de-France;26091290.94672
2022.0;73.0;Savoie;84.0;Auvergne-Rhône-Alpes;1243588.66087
2024.0;29.0;Finistère;53.0;Bretagne;3648888.76388
2024.0;55.0;Meuse;44.0;Grand Est;1092062.50598
2024.0;51.0;Marne;44.0;Grand Est;3784889.47315
2021.0;46.0;Lot;76.0;Occitanie;32917.13131
2018.0;67.0;Bas-Rhin;44.0;Grand Est;4249340.16565
2023.0;92.0;Hauts-de-Seine;11.0;Île-de-France;1705597.00381
2024.0;62.0;Pas-de-Calais;32.0;Hauts-de-France;9635461.34939
2022.0;13.0;Bouches-du-Rhône;93.0;Provence-Alpes-Côte d'Azur;27127375.64949
2018.0;2.0;Aisne;32.0;Hauts-de-France;3102991.05682
2019.0;90.0;Territoire de Belfort;27.0;Bourgogne-Franche-Comté;346971.291
2021.0;48.0;Lozère;76.0;Occitanie;0.0
2024.0;5.0;Hautes-Alpes;93.0;Provence-Alpes-Côte d'Azur;27589.53704
2020.0;2A;Corse-du-Sud;94.0;Corse;0.0
2019.0;34.0;Hérault;76.0;Occitanie;626314.18832
2024.0;14.0;Calvados;28.0;Normandie;1080475.92265
2022.0;22.0;Côtes-d'Armor;53.0;Bretagne;1483850.52252
2024.0;89.0;Yonne;27.0;Bourgogne-Franche-Comté;432505.44692
2018.0;974.0;La Réunion;4.0;La Réunion;0.0
2024.0;84.0;Vaucluse;93.0;Provence-Alpes-Côte d'Azur;867692.08507
2022.0;61.0;Orne;28.0;Normandie;790457.027
2021.0;61.0;Orne;28.0;Normandie;835910.45897
2024.0;57.0;Moselle;44.0;Grand Est;6700438.1007
2018.0;46.0;Lot;76.0;Occitanie;29497.73902
2018.0;3.0;Allier;84.0;Auvergne-Rhône-Alpes;2230598.99786
2019.0;55.0;Meuse;44.0;Grand Est;1307464.39458
2019.0;49.0;Maine-et-Loire;52.0;Pays de la Loire;1238256.11827
2022.0;11.0;Aude;76.0;Occitanie;462347.51151
2021.0;47.0;Lot-et-Garonne;75.0;Nouvelle-Aquitaine;641562.36442
2019.0;61.0;Orne;28.0;Normandie;792885.54186
2021.0;75.0;Paris;11.0;Île-de-France;808328.23876
2022.0;30.0;Gard;76.0;Occitanie;998559.68053
2022.0;14.0;Calvados;28.0;Normandie;1238648.31888
2019.0;2.0;Aisne;32.0;Hauts-de-France;2858412.52562
2020.0;94.0;Val-de-Marne;11.0;Île-de-France;3082601.04289
2022.0;34.0;Hérault;76.0;Occitanie;738093.05076
2024.0;52.0;Haute-Marne;44.0;Grand Est;311916.52314
2024.0;76.0;Seine-Maritime;28.0;Normandie;26125516.45483
2020.0;42.0;Loire;84.0;Auvergne-Rhône-Alpes;2356727.45266
2024.0;971.0;Guadeloupe;1.0;Guadeloupe;0.0
2019.0;50.0;Manche;28.0;Normandie;939591.92949
2023.0;50.0;Manche;28.0;Normandie;819986.58027
2024.0;94.0;Val-de-Marne;11.0;Île-de-France;3131955.44997
2021.0;28.0;Eure-et-Loir;24.0;Centre-Val de Loire;582556.71091
2019.0;52.0;Haute-Marne;44.0;Grand Est;380690.99694
2024.0;27.0;Eure;28.0;Normandie;1617124.41832
2021.0;68.0;Haut-Rhin;44.0;Grand Est;11332853.032
2024.0;23.0;Creuse;75.0;Nouvelle-Aquitaine;80203.32127
2021.0;23.0;Creuse;75.0;Nouvelle-Aquitaine;110786.29715
2022.0;89.0;Yonne;27.0;Bourgogne-Franche-Comté;522092.3631
2018.0;27.0;Eure;28.0;Normandie;1903293.66819
2020.0;44.0;Loire-Atlantique;52.0;Pays de la Loire;8334186.02145
2023.0;87.0;Haute-Vienne;75.0;Nouvelle-Aquitaine;1122891.38641
2020.0;54.0;Meurthe-et-Moselle;44.0;Grand Est;10339252.36782
2019.0;23.0;Creuse;75.0;Nouvelle-Aquitaine;90176.17667
2022.0;5.0;Hautes-Alpes;93.0;Provence-Alpes-Côte d'Azur;27730.88575
2023.0;54.0;Meurthe-et-Moselle;44.0;Grand Est;9488364.46879
2023.0;66.0;Pyrénées-Orientales;76.0;Occitanie;168847.78367
2024.0;11.0;Aude;76.0;Occitanie;348185.73786
2018.0;42.0;Loire;84.0;Auvergne-Rhône-Alpes;2479641.62582
2019.0;31.0;Haute-Garonne;76.0;Occitanie;1452573.17926
2020.0;90.0;Territoire de Belfort;27.0;Bourgogne-Franche-Comté;308027.03792
2024.0;71.0;Saône-et-Loire;27.0;Bourgogne-Franche-Comté;1732805.70447
2023.0;17.0;Charente-Maritime;75.0;Nouvelle-Aquitaine;373406.05678
2022.0;52.0;Haute-Marne;44.0;Grand Est;351000.66457
2018.0;70.0;Haute-Saône;27.0;Bourgogne-Franche-Comté;343250.6818
2020.0;95.0;Val-d'Oise;11.0;Île-de-France;1290786.78957
2021.0;63.0;Puy-de-Dôme;84.0;Auvergne-Rhône-Alpes;1869632.35065
2024.0;2B;Haute-Corse;94.0;Corse;0.0
2021.0;16.0;Charente;75.0;Nouvelle-Aquitaine;1773544.91446
2019.0;95.0;Val-d'Oise;11.0;Île-de-France;1186968.50431
2024.0;4.0;Alpes-de-Haute-Provence;93.0;Provence-Alpes-Côte d'Azur;195574.96981
2023.0;8.0;Ardennes;44.0;Grand Est;895745.70065
2018.0;17.0;Charente-Maritime;75.0;Nouvelle-Aquitaine;498671.97813
2021.0;82.0;Tarn-et-Garonne;76.0;Occitanie;118076.13605
2019.0;47.0;Lot-et-Garonne;75.0;Nouvelle-Aquitaine;512471.98265
2021.0;93.0;Seine-Saint-Denis;11.0;Île-de-France;3558082.88709
2021.0;29.0;Finistère;53.0;Bretagne;2610548.34756
2021.0;14.0;Calvados;28.0;Normandie;1349300.53058
2018.0;2A;Corse-du-Sud;94.0;Corse;0.0
2018.0;4.0;Alpes-de-Haute-Provence;93.0;Provence-Alpes-Côte d'Azur;194922.79191
2019.0;13.0;Bouches-du-Rhône;93.0;Provence-Alpes-Côte d'Azur;30439880.4108
2022.0;70.0;Haute-Saône;27.0;Bourgogne-Franche-Comté;326157.88972
2020.0;10.0;Aube;44.0;Grand Est;1811239.29688
2024.0;26.0;Drôme;84.0;Auvergne-Rhône-Alpes;870150.74957
2021.0;15.0;Cantal;84.0;Auvergne-Rhône-Alpes;54563.40364
2020.0;58.0;Nièvre;27.0;Bourgogne-Franche-Comté;351434.45234
2019.0;94.0;Val-de-Marne;11.0;Île-de-France;3149941.27463
2023.0;89.0;Yonne;27.0;Bourgogne-Franche-Comté;432046.16262
2022.0;12.0;Aveyron;76.0;Occitanie;229646.42619
2022.0;15.0;Cantal;84.0;Auvergne-Rhône-Alpes;45208.19863
2024.0;75.0;Paris;11.0;Île-de-France;618905.65516
2020.0;73.0;Savoie;84.0;Auvergne-Rhône-Alpes;1342878.51267
2020.0;35.0;Ille-et-Vilaine;53.0;Bretagne;1824098.43035
2023.0;69.0;Rhône;84.0;Auvergne-Rhône-Alpes;4449179.82193
2023.0;973.0;Guyane;3.0;Guyane;0.0
2022.0;72.0;Sarthe;52.0;Pays de la Loire;1072653.20192
2018.0;36.0;Indre;24.0;Centre-Val de Loire;643284.43453
2021.0;71.0;Saône-et-Loire;27.0;Bourgogne-Franche-Comté;2377288.78136
2018.0;92.0;Hauts-de-Seine;11.0;Île-de-France;1821527.37797
2019.0;4.0;Alpes-de-Haute-Provence;93.0;Provence-Alpes-Côte d'Azur;175750.67306
2024.0;35.0;Ille-et-Vilaine;53.0;Bretagne;1739007.78839
2021.0;92.0;Hauts-de-Seine;11.0;Île-de-France;2206548.965
2024.0;63.0;Puy-de-Dôme;84.0;Auvergne-Rhône-Alpes;1615116.27721
2022.0;66.0;Pyrénées-Orientales;76.0;Occitanie;180292.54043
2022.0;84.0;Vaucluse;93.0;Provence-Alpes-Côte d'Azur;868567.51212
2018.0;45.0;Loiret;24.0;Centre-Val de Loire;3290489.9833
2019.0;35.0;Ille-et-Vilaine;53.0;Bretagne;1657195.06923
2020.0;5.0;Hautes-Alpes;93.0;Provence-Alpes-Côte d'Azur;28157.59421
2023.0;80.0;Somme;32.0;Hauts-de-France;3249774.64424
2023.0;971.0;Guadeloupe;1.0;Guadeloupe;0.0
2019.0;976.0;Mayotte;6.0;Mayotte;0.0
2022.0;32.0;Gers;76.0;Occitanie;71013.10236
2018.0;63.0;Puy-de-Dôme;84.0;Auvergne-Rhône-Alpes;2002264.57701
2022.0;41.0;Loir-et-Cher;24.0;Centre-Val de Loire;479811.45299
2020.0;49.0;Maine-et-Loire;52.0;Pays de la Loire;1202160.61903
2024.0;6.0;Alpes-Maritimes;93.0;Provence-Alpes-Côte d'Azur;396115.11716
2019.0;92.0;Hauts-de-Seine;11.0;Île-de-France;1740954.62408
2023.0;76.0;Seine-Maritime;28.0;Normandie;17953649.07828
2019.0;60.0;Oise;32.0;Hauts-de-France;3607032.03954
2019.0;88.0;Vosges;44.0;Grand Est;1916182.1656
2022.0;2.0;Aisne;32.0;Hauts-de-France;3172471.55112
2020.0;65.0;Hautes-Pyrénées;76.0;Occitanie;608829.92327
2022.0;46.0;Lot;76.0;Occitanie;27464.14847
2023.0;68.0;Haut-Rhin;44.0;Grand Est;6542717.1108
2023.0;2B;Haute-Corse;94.0;Corse;0.0
2018.0;79.0;Deux-Sèvres;75.0;Nouvelle-Aquitaine;579745.27429
2020.0;71.0;Saône-et-Loire;27.0;Bourgogne-Franche-Comté;2188394.96888
2019.0;79.0;Deux-Sèvres;75.0;Nouvelle-Aquitaine;612480.42545
2022.0;33.0;Gironde;75.0;Nouvelle-Aquitaine;1923923.42852
2022.0;86.0;Vienne;75.0;Nouvelle-Aquitaine;388195.26583
2021.0;43.0;Haute-Loire;84.0;Auvergne-Rhône-Alpes;365236.88906
2020.0;56.0;Morbihan;53.0;Bretagne;1262253.16422
2023.0;86.0;Vienne;75.0;Nouvelle-Aquitaine;333342.09562
2024.0;31.0;Haute-Garonne;76.0;Occitanie;1158199.13786
2022.0;39.0;Jura;27.0;Bourgogne-Franche-Comté;2426567.90494
2018.0;84.0;Vaucluse;93.0;Provence-Alpes-Côte d'Azur;1111719.15281
2020.0;66.0;Pyrénées-Orientales;76.0;Occitanie;160372.57815
2024.0;69.0;Rhône;84.0;Auvergne-Rhône-Alpes;4477212.11937
2022.0;3.0;Allier;84.0;Auvergne-Rhône-Alpes;4511508.68619
2024.0;68.0;Haut-Rhin;44.0;Grand Est;8299089.9289
2018.0;973.0;Guyane;3.0;Guyane;0.0
2022.0;93.0;Seine-Saint-Denis;11.0;Île-de-France;3336959.96071
2019.0;89.0;Yonne;27.0;Bourgogne-Franche-Comté;507727.82641
2022.0;9.0;Ariège;76.0;Occitanie;202458.57594
2018.0;65.0;Hautes-Pyrénées;76.0;Occitanie;632942.90214
2019.0;51.0;Marne;44.0;Grand Est;4190635.00469
2022.0;48.0;Lozère;76.0;Occitanie;82050.30807
2024.0;7.0;Ardèche;84.0;Auvergne-Rhône-Alpes;625104.82811
2021.0;21.0;Côte-d'Or;27.0;Bourgogne-Franche-Comté;1074290.75326
2021.0;72.0;Sarthe;52.0;Pays de la Loire;1183630.33411
2023.0;62.0;Pas-de-Calais;32.0;Hauts-de-France;9358639.32499
2021.0;53.0;Mayenne;52.0;Pays de la Loire;1070978.45669
2020.0;55.0;Meuse;44.0;Grand Est;1281132.50044
2023.0;91.0;Essonne;11.0;Île-de-France;1233323.83007
2022.0;63.0;Puy-de-Dôme;84.0;Auvergne-Rhône-Alpes;1659487.1462
2022.0;74.0;Haute-Savoie;84.0;Auvergne-Rhône-Alpes;919702.08895
2020.0;32.0;Gers;76.0;Occitanie;55351.30016
2019.0;75.0;Paris;11.0;Île-de-France;655983.8851
2023.0;31.0;Haute-Garonne;76.0;Occitanie;1251494.95009
2023.0;33.0;Gironde;75.0;Nouvelle-Aquitaine;1703116.9218
2022.0;44.0;Loire-Atlantique;52.0;Pays de la Loire;5793155.66772
2018.0;77.0;Seine-et-Marne;11.0;Île-de-France;5960503.47369
2018.0;43.0;Haute-Loire;84.0;Auvergne-Rhône-Alpes;433528.09076
2021.0;2B;Haute-Corse;94.0;Corse;0.0
2019.0;68.0;Haut-Rhin;44.0;Grand Est;10359412.6439
2023.0;35.0;Ille-et-Vilaine;53.0;Bretagne;1791135.67967
2018.0;971.0;Guadeloupe;1.0;Guadeloupe;0.0
2018.0;81.0;Tarn;76.0;Occitanie;734335.80728
2021.0;85.0;Vendée;52.0;Pays de la Loire;1349639.99188
2020.0;971.0;Guadeloupe;1.0;Guadeloupe;0.0
2018.0;66.0;Pyrénées-Orientales;76.0;Occitanie;167952.37179
2022.0;26.0;Drôme;84.0;Auvergne-Rhône-Alpes;1746884.64117
2023.0;71.0;Saône-et-Loire;27.0;Bourgogne-Franche-Comté;1840241.75526
2023.0;56.0;Morbihan;53.0;Bretagne;1174505.56242
2018.0;25.0;Doubs;27.0;Bourgogne-Franche-Comté;1429145.61901
2021.0;32.0;Gers;76.0;Occitanie;76899.62809
2019.0;21.0;Côte-d'Or;27.0;Bourgogne-Franche-Comté;860046.9332
2019.0;25.0;Doubs;27.0;Bourgogne-Franche-Comté;1300379.62061
2022.0;6.0;Alpes-Maritimes;93.0;Provence-Alpes-Côte d'Azur;510027.95215
2024.0;37.0;Indre-et-Loire;24.0;Centre-Val de Loire;894925.74483
2019.0;74.0;Haute-Savoie;84.0;Auvergne-Rhône-Alpes;1123806.7678
2022.0;27.0;Eure;28.0;Normandie;1824778.5763
2020.0;14.0;Calvados;28.0;Normandie;1203504.0797
2024.0;9.0;Ariège;76.0;Occitanie;192556.61021
2022.0;24.0;Dordogne;75.0;Nouvelle-Aquitaine;1802921.2192
2018.0;52.0;Haute-Marne;44.0;Grand Est;391325.23438
2023.0;84.0;Vaucluse;93.0;Provence-Alpes-Côte d'Azur;967524.70141
2024.0;972.0;Martinique;2.0;Martinique;0.0
2022.0;31.0;Haute-Garonne;76.0;Occitanie;1354896.28933
2022.0;62.0;Pas-de-Calais;32.0;Hauts-de-France;10709673.99046
2022.0;82.0;Tarn-et-Garonne;76.0;Occitanie;205333.32734
2023.0;93.0;Seine-Saint-Denis;11.0;Île-de-France;3378421.49214
2021.0;24.0;Dordogne;75.0;Nouvelle-Aquitaine;1657001.73892
2023.0;53.0;Mayenne;52.0;Pays de la Loire;734632.10479
2020.0;40.0;Landes;75.0;Nouvelle-Aquitaine;710976.41648
2020.0;60.0;Oise;32.0;Hauts-de-France;3329663.58637
2023.0;23.0;Creuse;75.0;Nouvelle-Aquitaine;93028.99521
2019.0;971.0;Guadeloupe;1.0;Guadeloupe;0.0
2018.0;7.0;Ardèche;84.0;Auvergne-Rhône-Alpes;656476.9916
2024.0;33.0;Gironde;75.0;Nouvelle-Aquitaine;1492272.38865
2021.0;74.0;Haute-Savoie;84.0;Auvergne-Rhône-Alpes;1155404.42806
2021.0;11.0;Aude;76.0;Occitanie;599192.90624
2020.0;61.0;Orne;28.0;Normandie;792120.17233
2019.0;81.0;Tarn;76.0;Occitanie;751802.94675
2019.0;83.0;Var;93.0;Provence-Alpes-Côte d'Azur;312744.71258
2023.0;7.0;Ardèche;84.0;Auvergne-Rhône-Alpes;522248.50951
2020.0;79.0;Deux-Sèvres;75.0;Nouvelle-Aquitaine;456043.39209
2021.0;4.0;Alpes-de-Haute-Provence;93.0;Provence-Alpes-Côte d'Azur;209563.23023
2018.0;56.0;Morbihan;53.0;Bretagne;1206779.17962
2021.0;971.0;Guadeloupe;1.0;Guadeloupe;0.0
2018.0;34.0;Hérault;76.0;Occitanie;622940.62754
2019.0;26.0;Drôme;84.0;Auvergne-Rhône-Alpes;1400735.05971
2024.0;40.0;Landes;75.0;Nouvelle-Aquitaine;778155.04942
2020.0;39.0;Jura;27.0;Bourgogne-Franche-Comté;2606384.68123
2022.0;21.0;Côte-d'Or;27.0;Bourgogne-Franche-Comté;915985.47861
2021.0;974.0;La Réunion;4.0;La Réunion;0.0
2020.0;38.0;Isère;84.0;Auvergne-Rhône-Alpes;3967861.21532
2019.0;17.0;Charente-Maritime;75.0;Nouvelle-Aquitaine;492916.05038
2024.0;66.0;Pyrénées-Orientales;76.0;Occitanie;179047.18914
2023.0;77.0;Seine-et-Marne;11.0;Île-de-France;2408877.06599
2019.0;84.0;Vaucluse;93.0;Provence-Alpes-Côte d'Azur;1107137.03182
2023.0;11.0;Aude;76.0;Occitanie;434165.17213
2021.0;58.0;Nièvre;27.0;Bourgogne-Franche-Comté;447061.18219
2021.0;10.0;Aube;44.0;Grand Est;1853177.4883
2022.0;36.0;Indre;24.0;Centre-Val de Loire;523123.80238
2018.0;68.0;Haut-Rhin;44.0;Grand Est;11314575.08051
2019.0;40.0;Landes;75.0;Nouvelle-Aquitaine;746883.89681
2021.0;45.0;Loiret;24.0;Centre-Val de Loire;3256258.23949
2024.0;74.0;Haute-Savoie;84.0;Auvergne-Rhône-Alpes;801974.50477
2021.0;36.0;Indre;24.0;Centre-Val de Loire;692816.29049
2019.0;9.0;Ariège;76.0;Occitanie;168477.56597
2020.0;82.0;Tarn-et-Garonne;76.0;Occitanie;101360.24526
2020.0;976.0;Mayotte;6.0;Mayotte;0.0
2020.0;2.0;Aisne;32.0;Hauts-de-France;2766644.75367
2018.0;6.0;Alpes-Maritimes;93.0;Provence-Alpes-Côte d'Azur;570893.58311
2019.0;42.0;Loire;84.0;Auvergne-Rhône-Alpes;2496092.5063
2021.0;35.0;Ille-et-Vilaine;53.0;Bretagne;2217541.09684
2019.0;15.0;Cantal;84.0;Auvergne-Rhône-Alpes;56012.83799
2021.0;5.0;Hautes-Alpes;93.0;Provence-Alpes-Côte d'Azur;31006.33422
2018.0;57.0;Moselle;44.0;Grand Est;10093457.15629
2022.0;75.0;Paris;11.0;Île-de-France;2193905.44588
2023.0;65.0;Hautes-Pyrénées;76.0;Occitanie;523107.8701
2018.0;86.0;Vienne;75.0;Nouvelle-Aquitaine;416197.28787
2020.0;74.0;Haute-Savoie;84.0;Auvergne-Rhône-Alpes;1035362.33309
2021.0;973.0;Guyane;3.0;Guyane;0.0
2024.0;64.0;Pyrénées-Atlantiques;75.0;Nouvelle-Aquitaine;1316199.07373
2023.0;47.0;Lot-et-Garonne;75.0;Nouvelle-Aquitaine;681327.4138
2018.0;49.0;Maine-et-Loire;52.0;Pays de la Loire;1223979.76153
2020.0;28.0;Eure-et-Loir;24.0;Centre-Val de Loire;617932.07284
2024.0;46.0;Lot;76.0;Occitanie;24112.68472
2024.0;82.0;Tarn-et-Garonne;76.0;Occitanie;167051.59062
2022.0;71.0;Saône-et-Loire;27.0;Bourgogne-Franche-Comté;2064203.84119
2024.0;58.0;Nièvre;27.0;Bourgogne-Franche-Comté;347147.00012
2019.0;44.0;Loire-Atlantique;52.0;Pays de la Loire;8610872.14019
2024.0;36.0;Indre;24.0;Centre-Val de Loire;521866.09236
2023.0;972.0;Martinique;2.0;Martinique;0.0
2024.0;85.0;Vendée;52.0;Pays de la Loire;1179146.6286
2024.0;44.0;Loire-Atlantique;52.0;Pays de la Loire;5599819.58496
2024.0;88.0;Vosges;44.0;Grand Est;1951251.45213
2021.0;38.0;Isère;84.0;Auvergne-Rhône-Alpes;4167791.92453
2023.0;37.0;Indre-et-Loire;24.0;Centre-Val de Loire;994226.99452
2023.0;28.0;Eure-et-Loir;24.0;Centre-Val de Loire;500013.10873
2024.0;59.0;Nord;32.0;Hauts-de-France;11082378.53907
2022.0;79.0;Deux-Sèvres;75.0;Nouvelle-Aquitaine;495554.31266
2018.0;11.0;Aude;76.0;Occitanie;490218.20356
2019.0;82.0;Tarn-et-Garonne;76.0;Occitanie;190007.57969
2024.0;38.0;Isère;84.0;Auvergne-Rhône-Alpes;3364285.21918
2022.0;92.0;Hauts-de-Seine;11.0;Île-de-France;2098864.48737
2023.0;974.0;La Réunion;4.0;La Réunion;0.0
2021.0;79.0;Deux-Sèvres;75.0;Nouvelle-Aquitaine;527467.95997
2024.0;54.0;Meurthe-et-Moselle;44.0;Grand Est;4901297.46123
2018.0;61.0;Orne;28.0;Normandie;775205.95082
2018.0;40.0;Landes;75.0;Nouvelle-Aquitaine;788439.34191
2018.0;18.0;Cher;24.0;Centre-Val de Loire;323535.2088
2018.0;29.0;Finistère;53.0;Bretagne;1449987.21289
2024.0;39.0;Jura;27.0;Bourgogne-Franche-Comté;2207204.20345
2021.0;40.0;Landes;75.0;Nouvelle-Aquitaine;775984.54855
2024.0;24.0;Dordogne;75.0;Nouvelle-Aquitaine;1071387.73879
2023.0;10.0;Aube;44.0;Grand Est;1624325.36905
2019.0;62.0;Pas-de-Calais;32.0;Hauts-de-France;7800528.13637
2024.0;2A;Corse-du-Sud;94.0;Corse;0.0
2018.0;15.0;Cantal;84.0;Auvergne-Rhône-Alpes;55695.42868
2018.0;14.0;Calvados;28.0;Normandie;1660858.39243
2018.0;91.0;Essonne;11.0;Île-de-France;1511068.81165
2023.0;2A;Corse-du-Sud;94.0;Corse;0.0
2021.0;7.0;Ardèche;84.0;Auvergne-Rhône-Alpes;660849.17727
2019.0;3.0;Allier;84.0;Auvergne-Rhône-Alpes;3125878.15847
2024.0;93.0;Seine-Saint-Denis;11.0;Île-de-France;2914316.41062
2023.0;78.0;Yvelines;11.0;Île-de-France;2011774.66345
2020.0;2B;Haute-Corse;94.0;Corse;0.0
2024.0;61.0;Orne;28.0;Normandie;708725.79946
2018.0;12.0;Aveyron;76.0;Occitanie;259234.43453
2021.0;27.0;Eure;28.0;Normandie;1875471.94796
2021.0;77.0;Seine-et-Marne;11.0;Île-de-France;6118520.98515
2022.0;65.0;Hautes-Pyrénées;76.0;Occitanie;652557.50836
2024.0;92.0;Hauts-de-Seine;11.0;Île-de-France;1617056.23948
2018.0;71.0;Saône-et-Loire;27.0;Bourgogne-Franche-Comté;2408310.76747
2023.0;61.0;Orne;28.0;Normandie;723392.27408
2020.0;8.0;Ardennes;44.0;Grand Est;1021191.53991
2021.0;12.0;Aveyron;76.0;Occitanie;283733.04786
2021.0;30.0;Gard;76.0;Occitanie;1135550.94921
2024.0;77.0;Seine-et-Marne;11.0;Île-de-France;2239374.12672
2024.0;22.0;Côtes-d'Armor;53.0;Bretagne;1376063.00854
2024.0;70.0;Haute-Saône;27.0;Bourgogne-Franche-Comté;269879.71915
2022.0;40.0;Landes;75.0;Nouvelle-Aquitaine;774713.3687
2019.0;12.0;Aveyron;76.0;Occitanie;252537.40589
2024.0;13.0;Bouches-du-Rhône;93.0;Provence-Alpes-Côte d'Azur;16367183.36623
2023.0;90.0;Territoire de Belfort;27.0;Bourgogne-Franche-Comté;262585.29785
2019.0;59.0;Nord;32.0;Hauts-de-France;26819386.06033
2022.0;85.0;Vendée;52.0;Pays de la Loire;1281276.98936
2022.0;60.0;Oise;32.0;Hauts-de-France;3189912.73645
2023.0;25.0;Doubs;27.0;Bourgogne-Franche-Comté;1030042.19915
2019.0;6.0;Alpes-Maritimes;93.0;Provence-Alpes-Côte d'Azur;569078.60942
2021.0;6.0;Alpes-Maritimes;93.0;Provence-Alpes-Côte d'Azur;607036.56527
2021.0;52.0;Haute-Marne;44.0;Grand Est;407424.57605
2023.0;24.0;Dordogne;75.0;Nouvelle-Aquitaine;1127306.49368
2024.0;60.0;Oise;32.0;Hauts-de-France;2577019.98246
2021.0;13.0;Bouches-du-Rhône;93.0;Provence-Alpes-Côte d'Azur;25458353.93497
2024.0;3.0;Allier;84.0;Auvergne-Rhône-Alpes;1565099.02487
2024.0;45.0;Loiret;24.0;Centre-Val de Loire;2670039.76762
2023.0;41.0;Loir-et-Cher;24.0;Centre-Val de Loire;291271.82752
2018.0;87.0;Haute-Vienne;75.0;Nouvelle-Aquitaine;1272494.245
2019.0;2A;Corse-du-Sud;94.0;Corse;0.0
2021.0;25.0;Doubs;27.0;Bourgogne-Franche-Comté;1302267.9969
2018.0;50.0;Manche;28.0;Normandie;930527.27035
2018.0;75.0;Paris;11.0;Île-de-France;686485.34019
2022.0;971.0;Guadeloupe;1.0;Guadeloupe;0.0
2018.0;28.0;Eure-et-Loir;24.0;Centre-Val de Loire;970029.50068
2024.0;25.0;Doubs;27.0;Bourgogne-Franche-Comté;953216.8211
2019.0;16.0;Charente;75.0;Nouvelle-Aquitaine;1912974.5761
2018.0;38.0;Isère;84.0;Auvergne-Rhône-Alpes;3886142.60921
2018.0;83.0;Var;93.0;Provence-Alpes-Côte d'Azur;327475.96746
2023.0;16.0;Charente;75.0;Nouvelle-Aquitaine;1522403.89212
2022.0;28.0;Eure-et-Loir;24.0;Centre-Val de Loire;563673.43533
2020.0;21.0;Côte-d'Or;27.0;Bourgogne-Franche-Comté;1004807.72507
2020.0;37.0;Indre-et-Loire;24.0;Centre-Val de Loire;1246943.87634
2020.0;70.0;Haute-Saône;27.0;Bourgogne-Franche-Comté;332206.247
2020.0;68.0;Haut-Rhin;44.0;Grand Est;9743765.85277
2020.0;27.0;Eure;28.0;Normandie;1965264.0247
2023.0;85.0;Vendée;52.0;Pays de la Loire;1190036.63586
2019.0;53.0;Mayenne;52.0;Pays de la Loire;830261.9651
2023.0;6.0;Alpes-Maritimes;93.0;Provence-Alpes-Côte d'Azur;421809.40015
2022.0;23.0;Creuse;75.0;Nouvelle-Aquitaine;105867.85119
2018.0;32.0;Gers;76.0;Occitanie;59478.21107
2024.0;19.0;Corrèze;75.0;Nouvelle-Aquitaine;154994.3293
2020.0;3.0;Allier;84.0;Auvergne-Rhône-Alpes;4027442.76386
2023.0;42.0;Loire;84.0;Auvergne-Rhône-Alpes;2230728.24055
2020.0;31.0;Haute-Garonne;76.0;Occitanie;1302128.68079
2019.0;78.0;Yvelines;11.0;Île-de-France;2145803.0874
2018.0;33.0;Gironde;75.0;Nouvelle-Aquitaine;2177489.96863
2021.0;41.0;Loir-et-Cher;24.0;Centre-Val de Loire;371045.56315
2023.0;52.0;Haute-Marne;44.0;Grand Est;306463.66179
2024.0;78.0;Yvelines;11.0;Île-de-France;1916519.82031
2019.0;58.0;Nièvre;27.0;Bourgogne-Franche-Comté;395269.7751
2020.0;22.0;Côtes-d'Armor;53.0;Bretagne;1003275.82971
2022.0;59.0;Nord;32.0;Hauts-de-France;25806882.72067
2022.0;58.0;Nièvre;27.0;Bourgogne-Franche-Comté;383863.18681
2021.0;39.0;Jura;27.0;Bourgogne-Franche-Comté;2806725.85978
2019.0;1.0;Ain;84.0;Auvergne-Rhône-Alpes;1581714.92051
2020.0;26.0;Drôme;84.0;Auvergne-Rhône-Alpes;1457788.86061
2019.0;2B;Haute-Corse;94.0;Corse;0.0
2021.0;64.0;Pyrénées-Atlantiques;75.0;Nouvelle-Aquitaine;1098123.61734
2021.0;56.0;Morbihan;53.0;Bretagne;1354168.28952
2021.0;87.0;Haute-Vienne;75.0;Nouvelle-Aquitaine;1303602.87186
2023.0;18.0;Cher;24.0;Centre-Val de Loire;271837.34846
2020.0;13.0;Bouches-du-Rhône;93.0;Provence-Alpes-Côte d'Azur;29444627.95614
2018.0;64.0;Pyrénées-Atlantiques;75.0;Nouvelle-Aquitaine;1008725.70036
2018.0;35.0;Ille-et-Vilaine;53.0;Bretagne;1633114.63727
2020.0;92.0;Hauts-de-Seine;11.0;Île-de-France;2004236.28332
2018.0;62.0;Pas-de-Calais;32.0;Hauts-de-France;7968742.97005
2018.0;89.0;Yonne;27.0;Bourgogne-Franche-Comté;522156.52537
2020.0;83.0;Var;93.0;Provence-Alpes-Côte d'Azur;301293.26483
2020.0;9.0;Ariège;76.0;Occitanie;133161.86759
2022.0;45.0;Loiret;24.0;Centre-Val de Loire;3071086.08868
2023.0;21.0;Côte-d'Or;27.0;Bourgogne-Franche-Comté;880542.08997
2019.0;41.0;Loir-et-Cher;24.0;Centre-Val de Loire;422290.98586
2018.0;37.0;Indre-et-Loire;24.0;Centre-Val de Loire;1367114.24389
2018.0;74.0;Haute-Savoie;84.0;Auvergne-Rhône-Alpes;1114471.16017
2024.0;47.0;Lot-et-Garonne;75.0;Nouvelle-Aquitaine;687480.56554
2019.0;45.0;Loiret;24.0;Centre-Val de Loire;3250809.40961
2021.0;19.0;Corrèze;75.0;Nouvelle-Aquitaine;259750.11508
2020.0;85.0;Vendée;52.0;Pays de la Loire;1277771.77031
2023.0;15.0;Cantal;84.0;Auvergne-Rhône-Alpes;36515.5865
2020.0;34.0;Hérault;76.0;Occitanie;683757.57595
2024.0;8.0;Ardennes;44.0;Grand Est;918501.30869
2021.0;31.0;Haute-Garonne;76.0;Occitanie;1419555.53907
2019.0;36.0;Indre;24.0;Centre-Val de Loire;665277.30444
2019.0;76.0;Seine-Maritime;28.0;Normandie;22933937.60603
2024.0;86.0;Vienne;75.0;Nouvelle-Aquitaine;328709.33173
2018.0;72.0;Sarthe;52.0;Pays de la Loire;1303856.76573
2024.0;43.0;Haute-Loire;84.0;Auvergne-Rhône-Alpes;296113.95162
2021.0;57.0;Moselle;44.0;Grand Est;9424105.24851
2023.0;46.0;Lot;76.0;Occitanie;24555.00574
2020.0;30.0;Gard;76.0;Occitanie;1141367.68295
2020.0;19.0;Corrèze;75.0;Nouvelle-Aquitaine;235192.47245
2022.0;973.0;Guyane;3.0;Guyane;0.0
2020.0;973.0;Guyane;3.0;Guyane;0.0
2019.0;63.0;Puy-de-Dôme;84.0;Auvergne-Rhône-Alpes;1958524.65815
2023.0;36.0;Indre;24.0;Centre-Val de Loire;506045.40428
2018.0;21.0;Côte-d'Or;27.0;Bourgogne-Franche-Comté;876923.84606
2023.0;43.0;Haute-Loire;84.0;Auvergne-Rhône-Alpes;301214.80651
2021.0;90.0;Territoire de Belfort;27.0;Bourgogne-Franche-Comté;346878.39423
2021.0;95.0;Val-d'Oise;11.0;Île-de-France;1543274.30776
2019.0;974.0;La Réunion;4.0;La Réunion;0.0
2018.0;60.0;Oise;32.0;Hauts-de-France;3648295.20572
2021.0;70.0;Haute-Saône;27.0;Bourgogne-Franche-Comté;362101.43835
2023.0;19.0;Corrèze;75.0;Nouvelle-Aquitaine;188128.91861
2019.0;67.0;Bas-Rhin;44.0;Grand Est;4336036.57965
2024.0;21.0;Côte-d'Or;27.0;Bourgogne-Franche-Comté;849826.08218
2018.0;24.0;Dordogne;75.0;Nouvelle-Aquitaine;2003445.6438
2021.0;2.0;Aisne;32.0;Hauts-de-France;2782538.57862
2018.0;54.0;Meurthe-et-Moselle;44.0;Grand Est;9387634.42404
2020.0;972.0;Martinique;2.0;Martinique;0.0
2022.0;37.0;Indre-et-Loire;24.0;Centre-Val de Loire;1193613.24991
2024.0;973.0;Guyane;3.0;Guyane;0.0
2021.0;1.0;Ain;84.0;Auvergne-Rhône-Alpes;1792653.68854
2020.0;48.0;Lozère;76.0;Occitanie;0.0
2018.0;1.0;Ain;84.0;Auvergne-Rhône-Alpes;1572875.46389
2020.0;51.0;Marne;44.0;Grand Est;4194244.22242
2018.0;23.0;Creuse;75.0;Nouvelle-Aquitaine;91531.40219
2019.0;27.0;Eure;28.0;Normandie;1988011.27304
2024.0;32.0;Gers;76.0;Occitanie;82268.70226
2020.0;80.0;Somme;32.0;Hauts-de-France;3637180.65545
2019.0;18.0;Cher;24.0;Centre-Val de Loire;319762.6892
2020.0;7.0;Ardèche;84.0;Auvergne-Rhône-Alpes;664383.83515
2023.0;12.0;Aveyron;76.0;Occitanie;214542.28077
2023.0;60.0;Oise;32.0;Hauts-de-France;2886180.96556
2023.0;72.0;Sarthe;52.0;Pays de la Loire;941426.59112
2022.0;47.0;Lot-et-Garonne;75.0;Nouvelle-Aquitaine;801738.35907
2023.0;58.0;Nièvre;27.0;Bourgogne-Franche-Comté;349042.06857
2019.0;43.0;Haute-Loire;84.0;Auvergne-Rhône-Alpes;402309.48778
2021.0;34.0;Hérault;76.0;Occitanie;726018.05442
2024.0;79.0;Deux-Sèvres;75.0;Nouvelle-Aquitaine;518948.05152
2023.0;13.0;Bouches-du-Rhône;93.0;Provence-Alpes-Côte d'Azur;20418419.53937
2020.0;29.0;Finistère;53.0;Bretagne;2307274.7252
2021.0;76.0;Seine-Maritime;28.0;Normandie;19466398.47218
2020.0;12.0;Aveyron;76.0;Occitanie;245189.82495
2020.0;46.0;Lot;76.0;Occitanie;27249.20623
2020.0;23.0;Creuse;75.0;Nouvelle-Aquitaine;72603.9888
2021.0;86.0;Vienne;75.0;Nouvelle-Aquitaine;442839.65985
2018.0;13.0;Bouches-du-Rhône;93.0;Provence-Alpes-Côte d'Azur;24604527.48094
2021.0;49.0;Maine-et-Loire;52.0;Pays de la Loire;1377855.1499
2019.0;7.0;Ardèche;84.0;Auvergne-Rhône-Alpes;670109.11922
2023.0;83.0;Var;93.0;Provence-Alpes-Côte d'Azur;289772.08171
2020.0;33.0;Gironde;75.0;Nouvelle-Aquitaine;2083783.21412
2022.0;2B;Haute-Corse;94.0;Corse;0.0
2024.0;81.0;Tarn;76.0;Occitanie;684586.24931
2024.0;56.0;Morbihan;53.0;Bretagne;1197145.21698
2018.0;10.0;Aube;44.0;Grand Est;2044236.57629
2024.0;16.0;Charente;75.0;Nouvelle-Aquitaine;1435247.38344
2024.0;34.0;Hérault;76.0;Occitanie;706991.74213
2019.0;24.0;Dordogne;75.0;Nouvelle-Aquitaine;1692317.75533
2018.0;58.0;Nièvre;27.0;Bourgogne-Franche-Comté;409503.55703
2024.0;49.0;Maine-et-Loire;52.0;Pays de la Loire;958109.57918
2022.0;19.0;Corrèze;75.0;Nouvelle-Aquitaine;241418.55331
2023.0;57.0;Moselle;44.0;Grand Est;10304779.68109
2021.0;972.0;Martinique;2.0;Martinique;0.0
2022.0;78.0;Yvelines;11.0;Île-de-France;2133002.55177
2022.0;8.0;Ardennes;44.0;Grand Est;987812.79626
2022.0;69.0;Rhône;84.0;Auvergne-Rhône-Alpes;5074393.93514
2021.0;65.0;Hautes-Pyrénées;76.0;Occitanie;596224.76737
2023.0;67.0;Bas-Rhin;44.0;Grand Est;3653795.22045
2022.0;55.0;Meuse;44.0;Grand Est;1217307.63325
2022.0;68.0;Haut-Rhin;44.0;Grand Est;9308058.26189
2022.0;972.0;Martinique;2.0;Martinique;0.0
2021.0;88.0;Vosges;44.0;Grand Est;2247054.187
2018.0;82.0;Tarn-et-Garonne;76.0;Occitanie;195693.20331
2020.0;24.0;Dordogne;75.0;Nouvelle-Aquitaine;1477183.03448
2024.0;974.0;La Réunion;4.0;La Réunion;0.0
2024.0;80.0;Somme;32.0;Hauts-de-France;2753146.45728
2022.0;50.0;Manche;28.0;Normandie;1382519.18041
2023.0;81.0;Tarn;76.0;Occitanie;822430.87401
2021.0;69.0;Rhône;84.0;Auvergne-Rhône-Alpes;6183191.70782
2018.0;69.0;Rhône;84.0;Auvergne-Rhône-Alpes;5711106.65442
2020.0;64.0;Pyrénées-Atlantiques;75.0;Nouvelle-Aquitaine;999188.34236
2023.0;45.0;Loiret;24.0;Centre-Val de Loire;2647601.72251
2022.0;80.0;Somme;32.0;Hauts-de-France;3361733.13042
2019.0;73.0;Savoie;84.0;Auvergne-Rhône-Alpes;1372712.66703
2020.0;17.0;Charente-Maritime;75.0;Nouvelle-Aquitaine;482196.09251
2021.0;91.0;Essonne;11.0;Île-de-France;1682799.82822
2024.0;41.0;Loir-et-Cher;24.0;Centre-Val de Loire;273079.00261
2023.0;48.0;Lozère;76.0;Occitanie;77873.16
2018.0;972.0;Martinique;2.0;Martinique;0.0
2020.0;6.0;Alpes-Maritimes;93.0;Provence-Alpes-Côte d'Azur;554265.91509
2023.0;82.0;Tarn-et-Garonne;76.0;Occitanie;144388.74347
2024.0;12.0;Aveyron;76.0;Occitanie;224513.9767
2018.0;95.0;Val-d'Oise;11.0;Île-de-France;1296620.1017
2020.0;11.0;Aude;76.0;Occitanie;509176.6983
2023.0;3.0;Allier;84.0;Auvergne-Rhône-Alpes;2165983.58046
2020.0;45.0;Loiret;24.0;Centre-Val de Loire;3104326.26371
2021.0;84.0;Vaucluse;93.0;Provence-Alpes-Côte d'Azur;1129261.2755
2019.0;57.0;Moselle;44.0;Grand Est;12024895.05199
2023.0;63.0;Puy-de-Dôme;84.0;Auvergne-Rhône-Alpes;1635374.51585
2021.0;67.0;Bas-Rhin;44.0;Grand Est;4311836.05756
2018.0;88.0;Vosges;44.0;Grand Est;2072384.99425
2022.0;16.0;Charente;75.0;Nouvelle-Aquitaine;1671171.48889
2019.0;54.0;Meurthe-et-Moselle;44.0;Grand Est;11211602.69873
2019.0;80.0;Somme;32.0;Hauts-de-France;3835624.44043
2024.0;2.0;Aisne;32.0;Hauts-de-France;2955464.42563
2018.0;44.0;Loire-Atlantique;52.0;Pays de la Loire;5455229.7754
2022.0;2A;Corse-du-Sud;94.0;Corse;0.0
2024.0;18.0;Cher;24.0;Centre-Val de Loire;251155.14038
2018.0;73.0;Savoie;84.0;Auvergne-Rhône-Alpes;1409849.32488
2023.0;64.0;Pyrénées-Atlantiques;75.0;Nouvelle-Aquitaine;1202506.65015
2021.0;94.0;Val-de-Marne;11.0;Île-de-France;3733399.51242
2019.0;66.0;Pyrénées-Orientales;76.0;Occitanie;165714.76643
2020.0;1.0;Ain;84.0;Auvergne-Rhône-Alpes;1625329.68854
2022.0;54.0;Meurthe-et-Moselle;44.0;Grand Est;10424152.2985
2020.0;78.0;Yvelines;11.0;Île-de-France;2145930.55038
2023.0;9.0;Ariège;76.0;Occitanie;204702.62274
2019.0;11.0;Aude;76.0;Occitanie;510334.08518
2023.0;70.0;Haute-Saône;27.0;Bourgogne-Franche-Comté;255200.26074
2022.0;67.0;Bas-Rhin;44.0;Grand Est;3943762.56703
2021.0;89.0;Yonne;27.0;Bourgogne-Franche-Comté;578626.01761
2022.0;38.0;Isère;84.0;Auvergne-Rhône-Alpes;3830999.31716
2020.0;62.0;Pas-de-Calais;32.0;Hauts-de-France;7717406.62379
2018.0;8.0;Ardennes;44.0;Grand Est;1113618.01658
2022.0;29.0;Finistère;53.0;Bretagne;7290956.05487
2020.0;88.0;Vosges;44.0;Grand Est;1877855.25563
2021.0;17.0;Charente-Maritime;75.0;Nouvelle-Aquitaine;537537.81764
2021.0;55.0;Meuse;44.0;Grand Est;1446815.77587
2022.0;10.0;Aube;44.0;Grand Est;1829966.45975
2022.0;53.0;Mayenne;52.0;Pays de la Loire;980559.36773
2019.0;77.0;Seine-et-Marne;11.0;Île-de-France;7175260.69537
2019.0;5.0;Hautes-Alpes;93.0;Provence-Alpes-Côte d'Azur;32527.31237
2024.0;90.0;Territoire de Belfort;27.0;Bourgogne-Franche-Comté;253408.02264
2019.0;39.0;Jura;27.0;Bourgogne-Franche-Comté;2331252.81414
2019.0;8.0;Ardennes;44.0;Grand Est;1108618.74268
2021.0;66.0;Pyrénées-Orientales;76.0;Occitanie;192653.20211
2018.0;5.0;Hautes-Alpes;93.0;Provence-Alpes-Côte d'Azur;32580.12029
2018.0;76.0;Seine-Maritime;28.0;Normandie;24999320.23418
2018.0;976.0;Mayotte;6.0;Mayotte;0.0
2023.0;88.0;Vosges;44.0;Grand Est;1961712.10604
2018.0;78.0;Yvelines;11.0;Île-de-France;2250333.04212
2018.0;94.0;Val-de-Marne;11.0;Île-de-France;3248989.78442
2024.0;87.0;Haute-Vienne;75.0;Nouvelle-Aquitaine;1206872.00856
2019.0;972.0;Martinique;2.0;Martinique;0.0
2019.0;30.0;Gard;76.0;Occitanie;1164887.28053
2023.0;95.0;Val-d'Oise;11.0;Île-de-France;1113361.89699
2023.0;14.0;Calvados;28.0;Normandie;1124471.2481
2020.0;36.0;Indre;24.0;Centre-Val de Loire;630276.46617
2018.0;19.0;Corrèze;75.0;Nouvelle-Aquitaine;257539.95539
2020.0;75.0;Paris;11.0;Île-de-France;687787.38657
2021.0;976.0;Mayotte;6.0;Mayotte;0.0
2020.0;84.0;Vaucluse;93.0;Provence-Alpes-Côte d'Azur;1098710.89965
2019.0;70.0;Haute-Saône;27.0;Bourgogne-Franche-Comté;359156.09667
2024.0;30.0;Gard;76.0;Occitanie;905889.20489
2023.0;79.0;Deux-Sèvres;75.0;Nouvelle-Aquitaine;537718.24813
2023.0;94.0;Val-de-Marne;11.0;Île-de-France;3116205.99446
2024.0;72.0;Sarthe;52.0;Pays de la Loire;885436.36402
2019.0;64.0;Pyrénées-Atlantiques;75.0;Nouvelle-Aquitaine;1026030.98817
2018.0;90.0;Territoire de Belfort;27.0;Bourgogne-Franche-Comté;348725.18304
2020.0;4.0;Alpes-de-Haute-Provence;93.0;Provence-Alpes-Côte d'Azur;177394.23342
2024.0;95.0;Val-d'Oise;11.0;Île-de-France;1091268.12269
2020.0;25.0;Doubs;27.0;Bourgogne-Franche-Comté;1124203.4328
2021.0;22.0;Côtes-d'Armor;53.0;Bretagne;1578182.2417
2018.0;30.0;Gard;76.0;Occitanie;1194774.50528
2018.0;51.0;Marne;44.0;Grand Est;4584246.49052
2021.0;59.0;Nord;32.0;Hauts-de-France;26293670.79616
2018.0;26.0;Drôme;84.0;Auvergne-Rhône-Alpes;1299267.10563
2020.0;86.0;Vienne;75.0;Nouvelle-Aquitaine;412354.30762
2024.0;91.0;Essonne;11.0;Île-de-France;1140064.42624
2020.0;18.0;Cher;24.0;Centre-Val de Loire;307710.39133
2018.0;16.0;Charente;75.0;Nouvelle-Aquitaine;1902652.73372
2021.0;44.0;Loire-Atlantique;52.0;Pays de la Loire;7260976.87499
2021.0;78.0;Yvelines;11.0;Île-de-France;2513775.03155
2024.0;65.0;Hautes-Pyrénées;76.0;Occitanie;485321.25959
2021.0;33.0;Gironde;75.0;Nouvelle-Aquitaine;2064513.64721
2021.0;50.0;Manche;28.0;Normandie;934361.53522
2023.0;5.0;Hautes-Alpes;93.0;Provence-Alpes-Côte d'Azur;28671.60528
2024.0;10.0;Aube;44.0;Grand Est;1798537.81239
2019.0;87.0;Haute-Vienne;75.0;Nouvelle-Aquitaine;1322563.64824
2023.0;1.0;Ain;84.0;Auvergne-Rhône-Alpes;1479788.29841
2023.0;2.0;Aisne;32.0;Hauts-de-France;2868931.07903
2021.0;51.0;Marne;44.0;Grand Est;4015118.53544
2022.0;25.0;Doubs;27.0;Bourgogne-Franche-Comté;1001424.65045
2022.0;91.0;Essonne;11.0;Île-de-France;1330079.91305
2021.0;54.0;Meurthe-et-Moselle;44.0;Grand Est;9838025.27458
2024.0;67.0;Bas-Rhin;44.0;Grand Est;3662932.55933
2019.0;48.0;Lozère;76.0;Occitanie;0.0
2022.0;976.0;Mayotte;6.0;Mayotte;0.0
