Année;Code département;Libellé département;Code région;Libellé région;Consommation autre (MWh)
2012.0;9.0;Ariège;76.0;Occitanie;5001.57
2012.0;10.0;Aube;44.0;Grand Est;100068.08
2012.0;38.0;Isère;84.0;Auvergne-Rhône-Alpes;69112.38
2012.0;84.0;Vaucluse;93.0;Provence-Alpes-Côte d'Azur;13955.71
2012.0;88.0;Vosges;44.0;Grand Est;122137.54000000001
2013.0;36.0;Indre;24.0;Centre-Val de Loire;2671.5
2013.0;68.0;Haut-Rhin;44.0;Grand Est;268183.46
2014.0;11.0;Aude;76.0;Occitanie;7616.26
2014.0;21.0;Côte-d'Or;27.0;Bourgogne-Franche-Comté;30492.98
2014.0;29.0;Finistère;53.0;Bretagne;8468.44
2014.0;36.0;Indre;24.0;Centre-Val de Loire;2839.5699999999997
2015.0;29.0;Finistère;53.0;Bretagne;10070.93
2015.0;2B;Haute-Corse;94.0;Corse;980873.0
2015.0;75.0;Paris;11.0;Île-de-France;297852.36
2016.0;3.0;Allier;84.0;Auvergne-Rhône-Alpes;9773.93
2016.0;42.0;Loire;84.0;Auvergne-Rhône-Alpes;54212.05
2016.0;57.0;Moselle;44.0;Grand Est;810298.16
2016.0;72.0;Sarthe;52.0;Pays de la Loire;22500.79
2016.0;973.0;Guyane;3.0;Guyane;825054.0
2017.0;3.0;Allier;84.0;Auvergne-Rhône-Alpes;17975.76
2017.0;4.0;Alpes-de-Haute-Provence;93.0;Provence-Alpes-Côte d'Azur;1433.0
2017.0;8.0;Ardennes;44.0;Grand Est;62000.0
2017.0;11.0;Aude;76.0;Occitanie;8147.0
2017.0;18.0;Cher;24.0;Centre-Val de Loire;9651.87
2017.0;41.0;Loir-et-Cher;24.0;Centre-Val de Loire;10870.26
2017.0;46.0;Lot;76.0;Occitanie;783.0
2017.0;48.0;Lozère;76.0;Occitanie;0.0
2017.0;49.0;Maine-et-Loire;52.0;Pays de la Loire;30342.54
2012.0;35.0;Ille-et-Vilaine;53.0;Bretagne;17902.7
2012.0;45.0;Loiret;24.0;Centre-Val de Loire;23074.909999999996
2012.0;47.0;Lot-et-Garonne;75.0;Nouvelle-Aquitaine;5101.37
2012.0;971.0;Guadeloupe;1.0;Guadeloupe;1503392.0
2013.0;6.0;Alpes-Maritimes;93.0;Provence-Alpes-Côte d'Azur;22005.12
2013.0;8.0;Ardennes;44.0;Grand Est;101.02
2013.0;33.0;Gironde;75.0;Nouvelle-Aquitaine;16517.17
2013.0;50.0;Manche;28.0;Normandie;14001.1
2013.0;52.0;Haute-Marne;44.0;Grand Est;2360.11
2013.0;59.0;Nord;32.0;Hauts-de-France;388129.18
2013.0;83.0;Var;93.0;Provence-Alpes-Côte d'Azur;17727.15
2014.0;28.0;Eure-et-Loir;24.0;Centre-Val de Loire;14202.77
2014.0;56.0;Morbihan;53.0;Bretagne;8880.87
2015.0;2.0;Aisne;32.0;Hauts-de-France;67678.15
2015.0;28.0;Eure-et-Loir;24.0;Centre-Val de Loire;86027.73999999999
2015.0;38.0;Isère;84.0;Auvergne-Rhône-Alpes;150723.01
2015.0;64.0;Pyrénées-Atlantiques;75.0;Nouvelle-Aquitaine;7605.91
2015.0;974.0;La Réunion;4.0;La Réunion;2636993.0
2016.0;4.0;Alpes-de-Haute-Provence;93.0;Provence-Alpes-Côte d'Azur;54795.98
2016.0;43.0;Haute-Loire;84.0;Auvergne-Rhône-Alpes;2064.47
2016.0;47.0;Lot-et-Garonne;75.0;Nouvelle-Aquitaine;7735.860000000001
2016.0;55.0;Meuse;44.0;Grand Est;9336.4
2016.0;61.0;Orne;28.0;Normandie;31904.15
2017.0;1.0;Ain;84.0;Auvergne-Rhône-Alpes;45564.67
2017.0;14.0;Calvados;28.0;Normandie;20749.0
2017.0;29.0;Finistère;53.0;Bretagne;68112.0
2017.0;51.0;Marne;44.0;Grand Est;39411.06
2017.0;68.0;Haut-Rhin;44.0;Grand Est;114004.2
2012.0;86.0;Vienne;75.0;Nouvelle-Aquitaine;19717.210000000003
2013.0;65.0;Hautes-Pyrénées;76.0;Occitanie;5812.46
2013.0;974.0;La Réunion;4.0;La Réunion;2560392.0
2014.0;31.0;Haute-Garonne;76.0;Occitanie;36678.729999999996
2015.0;89.0;Yonne;27.0;Bourgogne-Franche-Comté;7212.6900000000005
2016.0;36.0;Indre;24.0;Centre-Val de Loire;8777.89
2017.0;25.0;Doubs;27.0;Bourgogne-Franche-Comté;63427.26
2017.0;39.0;Jura;27.0;Bourgogne-Franche-Comté;11026.42
2017.0;78.0;Yvelines;11.0;Île-de-France;239897.56
2012.0;7.0;Ardèche;84.0;Auvergne-Rhône-Alpes;460.65
2012.0;51.0;Marne;44.0;Grand Est;30766.83
2012.0;63.0;Puy-de-Dôme;84.0;Auvergne-Rhône-Alpes;1999.09
2013.0;49.0;Maine-et-Loire;52.0;Pays de la Loire;18100.25
2014.0;17.0;Charente-Maritime;75.0;Nouvelle-Aquitaine;29289.33
2014.0;37.0;Indre-et-Loire;24.0;Centre-Val de Loire;26467.9
2014.0;67.0;Bas-Rhin;44.0;Grand Est;17108.95
2015.0;19.0;Corrèze;75.0;Nouvelle-Aquitaine;1495.1599999999999
2015.0;43.0;Haute-Loire;84.0;Auvergne-Rhône-Alpes;2420.61
2013.0;28.0;Eure-et-Loir;24.0;Centre-Val de Loire;10056.43
2013.0;53.0;Mayenne;52.0;Pays de la Loire;4626.46
2013.0;87.0;Haute-Vienne;75.0;Nouvelle-Aquitaine;4728.639999999999
2014.0;49.0;Maine-et-Loire;52.0;Pays de la Loire;18138.14
2014.0;973.0;Guyane;3.0;Guyane;776460.0
2015.0;4.0;Alpes-de-Haute-Provence;93.0;Provence-Alpes-Côte d'Azur;650.1
2015.0;27.0;Eure;28.0;Normandie;17162.77
2015.0;79.0;Deux-Sèvres;75.0;Nouvelle-Aquitaine;114329.67
2015.0;80.0;Somme;32.0;Hauts-de-France;28089.35
2016.0;24.0;Dordogne;75.0;Nouvelle-Aquitaine;5462.8
2016.0;64.0;Pyrénées-Atlantiques;75.0;Nouvelle-Aquitaine;7305.59
2016.0;73.0;Savoie;84.0;Auvergne-Rhône-Alpes;26756.89
2016.0;86.0;Vienne;75.0;Nouvelle-Aquitaine;483448.61
2016.0;93.0;Seine-Saint-Denis;11.0;Île-de-France;270996.68
2017.0;21.0;Côte-d'Or;27.0;Bourgogne-Franche-Comté;77811.05
2017.0;2B;Haute-Corse;94.0;Corse;100433.0
2017.0;50.0;Manche;28.0;Normandie;12278.0
2017.0;73.0;Savoie;84.0;Auvergne-Rhône-Alpes;25778.96
2012.0;39.0;Jura;27.0;Bourgogne-Franche-Comté;10791.14
2012.0;59.0;Nord;32.0;Hauts-de-France;355251.74
2012.0;93.0;Seine-Saint-Denis;11.0;Île-de-France;215074.99
2013.0;13.0;Bouches-du-Rhône;93.0;Provence-Alpes-Côte d'Azur;221108.89
2013.0;58.0;Nièvre;27.0;Bourgogne-Franche-Comté;2402.63
2013.0;89.0;Yonne;27.0;Bourgogne-Franche-Comté;5264.67
2013.0;972.0;Martinique;2.0;Martinique;1431274.0
2014.0;58.0;Nièvre;27.0;Bourgogne-Franche-Comté;1470.12
2014.0;72.0;Sarthe;52.0;Pays de la Loire;17245.31
2014.0;84.0;Vaucluse;93.0;Provence-Alpes-Côte d'Azur;16577.14
2014.0;974.0;La Réunion;4.0;La Réunion;2554701.0
2015.0;37.0;Indre-et-Loire;24.0;Centre-Val de Loire;32280.99
2015.0;58.0;Nièvre;27.0;Bourgogne-Franche-Comté;1236.6
2015.0;971.0;Guadeloupe;1.0;Guadeloupe;1503683.0
2016.0;8.0;Ardennes;44.0;Grand Est;27521.77
2016.0;11.0;Aude;76.0;Occitanie;7692.71
2016.0;13.0;Bouches-du-Rhône;93.0;Provence-Alpes-Côte d'Azur;204620.34
2016.0;17.0;Charente-Maritime;75.0;Nouvelle-Aquitaine;28816.9
2016.0;50.0;Manche;28.0;Normandie;5042.88
2016.0;58.0;Nièvre;27.0;Bourgogne-Franche-Comté;1945.56
2016.0;71.0;Saône-et-Loire;27.0;Bourgogne-Franche-Comté;70720.11
2017.0;5.0;Hautes-Alpes;93.0;Provence-Alpes-Côte d'Azur;43158.0
2017.0;9.0;Ariège;76.0;Occitanie;2090.74
2017.0;23.0;Creuse;75.0;Nouvelle-Aquitaine;3299.0
2017.0;34.0;Hérault;76.0;Occitanie;48379.28
2017.0;61.0;Orne;28.0;Normandie;52856.0
2017.0;77.0;Seine-et-Marne;11.0;Île-de-France;67395.79
2017.0;95.0;Val-d'Oise;11.0;Île-de-France;207809.23
2013.0;41.0;Loir-et-Cher;24.0;Centre-Val de Loire;9909.4
2014.0;63.0;Puy-de-Dôme;84.0;Auvergne-Rhône-Alpes;2003.6999999999998
2014.0;79.0;Deux-Sèvres;75.0;Nouvelle-Aquitaine;1283.02
2014.0;85.0;Vendée;52.0;Pays de la Loire;28005.87
2015.0;6.0;Alpes-Maritimes;93.0;Provence-Alpes-Côte d'Azur;131269.01
2015.0;36.0;Indre;24.0;Centre-Val de Loire;4864.1
2015.0;41.0;Loir-et-Cher;24.0;Centre-Val de Loire;10821.35
2015.0;94.0;Val-de-Marne;11.0;Île-de-France;366652.46
2016.0;41.0;Loir-et-Cher;24.0;Centre-Val de Loire;11897.36
2016.0;65.0;Hautes-Pyrénées;76.0;Occitanie;7016.53
2016.0;81.0;Tarn;76.0;Occitanie;38636.33
2017.0;973.0;Guyane;3.0;Guyane;111910.0
2012.0;4.0;Alpes-de-Haute-Provence;93.0;Provence-Alpes-Côte d'Azur;658.96
2012.0;34.0;Hérault;76.0;Occitanie;34048.43
2012.0;46.0;Lot;76.0;Occitanie;1478.72
2012.0;49.0;Maine-et-Loire;52.0;Pays de la Loire;11127.91
2013.0;4.0;Alpes-de-Haute-Provence;93.0;Provence-Alpes-Côte d'Azur;859.6600000000001
2013.0;46.0;Lot;76.0;Occitanie;1208.47
2013.0;56.0;Morbihan;53.0;Bretagne;9287.64
2013.0;67.0;Bas-Rhin;44.0;Grand Est;12087.94
2013.0;88.0;Vosges;44.0;Grand Est;127126.87
2013.0;93.0;Seine-Saint-Denis;11.0;Île-de-France;232223.79
2014.0;2.0;Aisne;32.0;Hauts-de-France;3214.67
2014.0;23.0;Creuse;75.0;Nouvelle-Aquitaine;1633.25
2014.0;2A;Corse-du-Sud;94.0;Corse;953490.0
2014.0;68.0;Haut-Rhin;44.0;Grand Est;499904.94999999995
2014.0;89.0;Yonne;27.0;Bourgogne-Franche-Comté;5881.76
2015.0;62.0;Pas-de-Calais;32.0;Hauts-de-France;15940.68
2015.0;65.0;Hautes-Pyrénées;76.0;Occitanie;10177.75
2015.0;76.0;Seine-Maritime;28.0;Normandie;65928.68
2015.0;92.0;Hauts-de-Seine;11.0;Île-de-France;257552.64
2016.0;22.0;Côtes-d'Armor;53.0;Bretagne;14736.21
2016.0;23.0;Creuse;75.0;Nouvelle-Aquitaine;4063.67
2016.0;68.0;Haut-Rhin;44.0;Grand Est;120965.20000000001
2016.0;95.0;Val-d'Oise;11.0;Île-de-France;193221.26
2017.0;2A;Corse-du-Sud;94.0;Corse;112146.0
2017.0;65.0;Hautes-Pyrénées;76.0;Occitanie;9378.0
2017.0;85.0;Vendée;52.0;Pays de la Loire;95100.29
2012.0;3.0;Allier;84.0;Auvergne-Rhône-Alpes;5150.42
2012.0;15.0;Cantal;84.0;Auvergne-Rhône-Alpes;1121.98
2012.0;17.0;Charente-Maritime;75.0;Nouvelle-Aquitaine;33045.6
2012.0;25.0;Doubs;27.0;Bourgogne-Franche-Comté;49779.97
2012.0;73.0;Savoie;84.0;Auvergne-Rhône-Alpes;44028.25
2012.0;92.0;Hauts-de-Seine;11.0;Île-de-France;230763.04
2013.0;25.0;Doubs;27.0;Bourgogne-Franche-Comté;50152.43
2013.0;2B;Haute-Corse;94.0;Corse;954519.0
2013.0;71.0;Saône-et-Loire;27.0;Bourgogne-Franche-Comté;102673.62
2013.0;72.0;Sarthe;52.0;Pays de la Loire;12400.39
2013.0;92.0;Hauts-de-Seine;11.0;Île-de-France;303939.49
2014.0;5.0;Hautes-Alpes;93.0;Provence-Alpes-Côte d'Azur;810.8
2014.0;15.0;Cantal;84.0;Auvergne-Rhône-Alpes;966.28
2014.0;30.0;Gard;76.0;Occitanie;15275.04
2014.0;35.0;Ille-et-Vilaine;53.0;Bretagne;18281.02
2014.0;43.0;Haute-Loire;84.0;Auvergne-Rhône-Alpes;2449.85
2014.0;65.0;Hautes-Pyrénées;76.0;Occitanie;8160.04
2015.0;1.0;Ain;84.0;Auvergne-Rhône-Alpes;68274.65
2015.0;45.0;Loiret;24.0;Centre-Val de Loire;63502.869999999995
2015.0;59.0;Nord;32.0;Hauts-de-France;368439.32
2015.0;78.0;Yvelines;11.0;Île-de-France;241597.73
2015.0;86.0;Vienne;75.0;Nouvelle-Aquitaine;511434.86
2016.0;26.0;Drôme;84.0;Auvergne-Rhône-Alpes;49053.96
2016.0;51.0;Marne;44.0;Grand Est;29277.46
2016.0;79.0;Deux-Sèvres;75.0;Nouvelle-Aquitaine;81739.71
2017.0;31.0;Haute-Garonne;76.0;Occitanie;58220.229999999996
2017.0;40.0;Landes;75.0;Nouvelle-Aquitaine;28949.02
2017.0;64.0;Pyrénées-Atlantiques;75.0;Nouvelle-Aquitaine;6560.74
2012.0;62.0;Pas-de-Calais;32.0;Hauts-de-France;23712.57
2012.0;76.0;Seine-Maritime;28.0;Normandie;70311.45
2012.0;87.0;Haute-Vienne;75.0;Nouvelle-Aquitaine;3326.42
2013.0;1.0;Ain;84.0;Auvergne-Rhône-Alpes;35278.530000000006
2013.0;54.0;Meurthe-et-Moselle;44.0;Grand Est;118494.86
2013.0;66.0;Pyrénées-Orientales;76.0;Occitanie;36647.2
2013.0;971.0;Guadeloupe;1.0;Guadeloupe;1521041.0
2015.0;82.0;Tarn-et-Garonne;76.0;Occitanie;4524.15
2016.0;9.0;Ariège;76.0;Occitanie;5362.04
2016.0;28.0;Eure-et-Loir;24.0;Centre-Val de Loire;109133.73
2016.0;2B;Haute-Corse;94.0;Corse;959633.0
2016.0;62.0;Pas-de-Calais;32.0;Hauts-de-France;28998.1
2016.0;67.0;Bas-Rhin;44.0;Grand Est;26915.2
2016.0;76.0;Seine-Maritime;28.0;Normandie;375698.91000000003
2016.0;78.0;Yvelines;11.0;Île-de-France;252336.5
2017.0;53.0;Mayenne;52.0;Pays de la Loire;7770.61
2017.0;87.0;Haute-Vienne;75.0;Nouvelle-Aquitaine;5669.18
2017.0;90.0;Territoire de Belfort;27.0;Bourgogne-Franche-Comté;25338.0
2017.0;972.0;Martinique;2.0;Martinique;199245.0
2012.0;16.0;Charente;75.0;Nouvelle-Aquitaine;1550.31
2012.0;26.0;Drôme;84.0;Auvergne-Rhône-Alpes;40553.09
2012.0;30.0;Gard;76.0;Occitanie;18563.68
2012.0;41.0;Loir-et-Cher;24.0;Centre-Val de Loire;9704.07
2012.0;48.0;Lozère;76.0;Occitanie;50.21
2012.0;66.0;Pyrénées-Orientales;76.0;Occitanie;38864.240000000005
2012.0;80.0;Somme;32.0;Hauts-de-France;19949.809999999998
2012.0;91.0;Essonne;11.0;Île-de-France;117719.62
2013.0;24.0;Dordogne;75.0;Nouvelle-Aquitaine;5871.6900000000005
2013.0;27.0;Eure;28.0;Normandie;16050.85
2013.0;45.0;Loiret;24.0;Centre-Val de Loire;60015.76
2013.0;90.0;Territoire de Belfort;27.0;Bourgogne-Franche-Comté;18598.07
2014.0;2B;Haute-Corse;94.0;Corse;990436.0
2014.0;71.0;Saône-et-Loire;27.0;Bourgogne-Franche-Comté;26169.48
2014.0;80.0;Somme;32.0;Hauts-de-France;13732.54
2014.0;94.0;Val-de-Marne;11.0;Île-de-France;213129.34
2015.0;21.0;Côte-d'Or;27.0;Bourgogne-Franche-Comté;54333.76
2015.0;46.0;Lot;76.0;Occitanie;1077.85
2015.0;972.0;Martinique;2.0;Martinique;1406343.0
2016.0;14.0;Calvados;28.0;Normandie;20163.62
2016.0;39.0;Jura;27.0;Bourgogne-Franche-Comté;11445.21
2016.0;69.0;Rhône;84.0;Auvergne-Rhône-Alpes;153570.61
2016.0;976.0;Mayotte;6.0;Mayotte;0.0
2017.0;36.0;Indre;24.0;Centre-Val de Loire;9325.1
2017.0;38.0;Isère;84.0;Auvergne-Rhône-Alpes;511885.58
2017.0;84.0;Vaucluse;93.0;Provence-Alpes-Côte d'Azur;43936.99
2012.0;56.0;Morbihan;53.0;Bretagne;9821.61
2012.0;61.0;Orne;28.0;Normandie;18715.66
2012.0;65.0;Hautes-Pyrénées;76.0;Occitanie;4201.46
2012.0;85.0;Vendée;52.0;Pays de la Loire;39335.43
2013.0;12.0;Aveyron;76.0;Occitanie;4188.31
2017.0;81.0;Tarn;76.0;Occitanie;43804.6
2012.0;78.0;Yvelines;11.0;Île-de-France;207840.06
2012.0;79.0;Deux-Sèvres;75.0;Nouvelle-Aquitaine;684.59
2012.0;95.0;Val-d'Oise;11.0;Île-de-France;203625.96
2013.0;29.0;Finistère;53.0;Bretagne;5081.26
2013.0;63.0;Puy-de-Dôme;84.0;Auvergne-Rhône-Alpes;2897.58
2013.0;74.0;Haute-Savoie;84.0;Auvergne-Rhône-Alpes;22614.17
2014.0;19.0;Corrèze;75.0;Nouvelle-Aquitaine;1074.22
2014.0;27.0;Eure;28.0;Normandie;14751.03
2014.0;69.0;Rhône;84.0;Auvergne-Rhône-Alpes;94033.51
2014.0;93.0;Seine-Saint-Denis;11.0;Île-de-France;182731.79
2015.0;39.0;Jura;27.0;Bourgogne-Franche-Comté;10246.85
2015.0;40.0;Landes;75.0;Nouvelle-Aquitaine;2436.06
2015.0;66.0;Pyrénées-Orientales;76.0;Occitanie;7159.67
2015.0;95.0;Val-d'Oise;11.0;Île-de-France;160125.56
2016.0;6.0;Alpes-Maritimes;93.0;Provence-Alpes-Côte d'Azur;131656.21
2016.0;75.0;Paris;11.0;Île-de-France;650422.48
2016.0;94.0;Val-de-Marne;11.0;Île-de-France;404985.88
2017.0;2.0;Aisne;32.0;Hauts-de-France;79023.0
2017.0;10.0;Aube;44.0;Grand Est;78165.0
2017.0;12.0;Aveyron;76.0;Occitanie;5661.4
2017.0;19.0;Corrèze;75.0;Nouvelle-Aquitaine;1063.6
2017.0;55.0;Meuse;44.0;Grand Est;9274.0
2013.0;2A;Corse-du-Sud;94.0;Corse;901845.0
2013.0;61.0;Orne;28.0;Normandie;20640.22
2013.0;76.0;Seine-Maritime;28.0;Normandie;96505.75
2013.0;86.0;Vienne;75.0;Nouvelle-Aquitaine;20380.03
2014.0;12.0;Aveyron;76.0;Occitanie;3662.34
2014.0;64.0;Pyrénées-Atlantiques;75.0;Nouvelle-Aquitaine;7504.0599999999995
2015.0;8.0;Ardennes;44.0;Grand Est;7547.98
2015.0;16.0;Charente;75.0;Nouvelle-Aquitaine;3921.54
2015.0;42.0;Loire;84.0;Auvergne-Rhône-Alpes;50621.71
2015.0;84.0;Vaucluse;93.0;Provence-Alpes-Côte d'Azur;16130.75
2016.0;31.0;Haute-Garonne;76.0;Occitanie;53946.01
2016.0;38.0;Isère;84.0;Auvergne-Rhône-Alpes;61355.43
2012.0;19.0;Corrèze;75.0;Nouvelle-Aquitaine;2053.02
2012.0;55.0;Meuse;44.0;Grand Est;1021.48
2012.0;60.0;Oise;32.0;Hauts-de-France;145780.14
2012.0;82.0;Tarn-et-Garonne;76.0;Occitanie;2612.51
2013.0;39.0;Jura;27.0;Bourgogne-Franche-Comté;11166.82
2014.0;57.0;Moselle;44.0;Grand Est;183461.6
2014.0;95.0;Val-d'Oise;11.0;Île-de-France;139766.91
2016.0;12.0;Aveyron;76.0;Occitanie;5378.89
2016.0;56.0;Morbihan;53.0;Bretagne;43008.55
2016.0;84.0;Vaucluse;93.0;Provence-Alpes-Côte d'Azur;26514.32
2012.0;8.0;Ardennes;44.0;Grand Est;33.5
2012.0;68.0;Haut-Rhin;44.0;Grand Est;252699.43000000005
2012.0;77.0;Seine-et-Marne;11.0;Île-de-France;59637.38
2013.0;5.0;Hautes-Alpes;93.0;Provence-Alpes-Côte d'Azur;1461.41
2012.0;14.0;Calvados;28.0;Normandie;9193.22
2012.0;64.0;Pyrénées-Atlantiques;75.0;Nouvelle-Aquitaine;13458.65
2013.0;48.0;Lozère;76.0;Occitanie;50.089999999999996
2013.0;64.0;Pyrénées-Atlantiques;75.0;Nouvelle-Aquitaine;13366.470000000001
2013.0;84.0;Vaucluse;93.0;Provence-Alpes-Côte d'Azur;16640.07
2013.0;95.0;Val-d'Oise;11.0;Île-de-France;219866.59
2014.0;14.0;Calvados;28.0;Normandie;9556.97
2014.0;16.0;Charente;75.0;Nouvelle-Aquitaine;2582.76
2014.0;46.0;Lot;76.0;Occitanie;701.1700000000001
2014.0;88.0;Vosges;44.0;Grand Est;120040.04000000001
2015.0;11.0;Aude;76.0;Occitanie;7636.84
2015.0;14.0;Calvados;28.0;Normandie;15332.61
2012.0;81.0;Tarn;76.0;Occitanie;92874.61
2013.0;40.0;Landes;75.0;Nouvelle-Aquitaine;3572.15
2013.0;60.0;Oise;32.0;Hauts-de-France;147521.96
2013.0;973.0;Guyane;3.0;Guyane;777622.0
2015.0;52.0;Haute-Marne;44.0;Grand Est;11374.08
2015.0;61.0;Orne;28.0;Normandie;19018.88
2015.0;90.0;Territoire de Belfort;27.0;Bourgogne-Franche-Comté;17213.18
2016.0;48.0;Lozère;76.0;Occitanie;0.0
2017.0;54.0;Meurthe-et-Moselle;44.0;Grand Est;110484.56
2017.0;71.0;Saône-et-Loire;27.0;Bourgogne-Franche-Comté;75838.0
2012.0;50.0;Manche;28.0;Normandie;16619.61
2012.0;57.0;Moselle;44.0;Grand Est;250262.45
2014.0;55.0;Meuse;44.0;Grand Est;887.47
2014.0;90.0;Territoire de Belfort;27.0;Bourgogne-Franche-Comté;13780.39
2016.0;83.0;Var;93.0;Provence-Alpes-Côte d'Azur;14582.35
2017.0;22.0;Côtes-d'Armor;53.0;Bretagne;47838.12
2012.0;12.0;Aveyron;76.0;Occitanie;3423.94
2012.0;54.0;Meurthe-et-Moselle;44.0;Grand Est;97610.0
2012.0;75.0;Paris;11.0;Île-de-France;272365.08999999997
2013.0;2.0;Aisne;32.0;Hauts-de-France;3113.0199999999995
2013.0;10.0;Aube;44.0;Grand Est;104894.57
2013.0;15.0;Cantal;84.0;Auvergne-Rhône-Alpes;1022.41
2016.0;971.0;Guadeloupe;1.0;Guadeloupe;1556115.0
2016.0;974.0;La Réunion;4.0;La Réunion;2708529.0
2017.0;42.0;Loire;84.0;Auvergne-Rhône-Alpes;54141.64
2017.0;57.0;Moselle;44.0;Grand Est;235344.02000000002
2017.0;94.0;Val-de-Marne;11.0;Île-de-France;346342.7
2017.0;974.0;La Réunion;4.0;La Réunion;171511.0
2017.0;976.0;Mayotte;6.0;Mayotte;0.0
2013.0;35.0;Ille-et-Vilaine;53.0;Bretagne;20293.77
2013.0;75.0;Paris;11.0;Île-de-France;309880.69
2013.0;82.0;Tarn-et-Garonne;76.0;Occitanie;3743.2
2014.0;33.0;Gironde;75.0;Nouvelle-Aquitaine;11492.95
2014.0;86.0;Vienne;75.0;Nouvelle-Aquitaine;24652.32
2015.0;5.0;Hautes-Alpes;93.0;Provence-Alpes-Côte d'Azur;49035.53
2015.0;9.0;Ariège;76.0;Occitanie;6247.83
2015.0;22.0;Côtes-d'Armor;53.0;Bretagne;1050.8
2015.0;2A;Corse-du-Sud;94.0;Corse;949509.0
2015.0;32.0;Gers;76.0;Occitanie;533.78
2015.0;71.0;Saône-et-Loire;27.0;Bourgogne-Franche-Comté;56426.19
2016.0;1.0;Ain;84.0;Auvergne-Rhône-Alpes;21270.77
2016.0;46.0;Lot;76.0;Occitanie;2519.65
2016.0;60.0;Oise;32.0;Hauts-de-France;507685.18
2016.0;87.0;Haute-Vienne;75.0;Nouvelle-Aquitaine;4028.75
2016.0;92.0;Hauts-de-Seine;11.0;Île-de-France;286594.43
2017.0;33.0;Gironde;75.0;Nouvelle-Aquitaine;11399.22
2017.0;74.0;Haute-Savoie;84.0;Auvergne-Rhône-Alpes;55820.18
2017.0;82.0;Tarn-et-Garonne;76.0;Occitanie;5002.75
2017.0;83.0;Var;93.0;Provence-Alpes-Côte d'Azur;15876.81
2013.0;94.0;Val-de-Marne;11.0;Île-de-France;272251.67
2014.0;1.0;Ain;84.0;Auvergne-Rhône-Alpes;15329.98
2014.0;22.0;Côtes-d'Armor;53.0;Bretagne;1942.75
2014.0;40.0;Landes;75.0;Nouvelle-Aquitaine;2627.19
2014.0;52.0;Haute-Marne;44.0;Grand Est;1457.63
2014.0;74.0;Haute-Savoie;84.0;Auvergne-Rhône-Alpes;40008.14
2014.0;76.0;Seine-Maritime;28.0;Normandie;60705.0
2015.0;12.0;Aveyron;76.0;Occitanie;4656.13
2015.0;44.0;Loire-Atlantique;52.0;Pays de la Loire;47605.6
2016.0;16.0;Charente;75.0;Nouvelle-Aquitaine;4236.27
2016.0;44.0;Loire-Atlantique;52.0;Pays de la Loire;51855.94
2016.0;59.0;Nord;32.0;Hauts-de-France;316277.42
2016.0;63.0;Puy-de-Dôme;84.0;Auvergne-Rhône-Alpes;9792.08
2017.0;43.0;Haute-Loire;84.0;Auvergne-Rhône-Alpes;2475.0
2012.0;5.0;Hautes-Alpes;93.0;Provence-Alpes-Côte d'Azur;1360.41
2012.0;58.0;Nièvre;27.0;Bourgogne-Franche-Comté;1859.29
2013.0;11.0;Aude;76.0;Occitanie;9423.91
2013.0;23.0;Creuse;75.0;Nouvelle-Aquitaine;2609.24
2013.0;31.0;Haute-Garonne;76.0;Occitanie;43218.92
2013.0;51.0;Marne;44.0;Grand Est;32280.2
2013.0;70.0;Haute-Saône;27.0;Bourgogne-Franche-Comté;8203.42
2014.0;26.0;Drôme;84.0;Auvergne-Rhône-Alpes;32910.94
2014.0;54.0;Meurthe-et-Moselle;44.0;Grand Est;68394.55
2014.0;61.0;Orne;28.0;Normandie;20403.35
2014.0;77.0;Seine-et-Marne;11.0;Île-de-France;39275.01
2014.0;81.0;Tarn;76.0;Occitanie;37428.95
2015.0;30.0;Gard;76.0;Occitanie;14177.71
2015.0;31.0;Haute-Garonne;76.0;Occitanie;61367.83
2015.0;35.0;Ille-et-Vilaine;53.0;Bretagne;20006.23
2015.0;63.0;Puy-de-Dôme;84.0;Auvergne-Rhône-Alpes;5576.09
2015.0;85.0;Vendée;52.0;Pays de la Loire;65725.0
2016.0;27.0;Eure;28.0;Normandie;18380.43
2016.0;35.0;Ille-et-Vilaine;53.0;Bretagne;32891.84
2016.0;66.0;Pyrénées-Orientales;76.0;Occitanie;3605.49
2016.0;77.0;Seine-et-Marne;11.0;Île-de-France;58475.03
2016.0;91.0;Essonne;11.0;Île-de-France;175581.49
2017.0;6.0;Alpes-Maritimes;93.0;Provence-Alpes-Côte d'Azur;139866.72
2017.0;28.0;Eure-et-Loir;24.0;Centre-Val de Loire;118201.63
2017.0;44.0;Loire-Atlantique;52.0;Pays de la Loire;55021.22
2017.0;45.0;Loiret;24.0;Centre-Val de Loire;70221.86
2017.0;89.0;Yonne;27.0;Bourgogne-Franche-Comté;11560.13
2017.0;93.0;Seine-Saint-Denis;11.0;Île-de-France;303192.23
2013.0;44.0;Loire-Atlantique;52.0;Pays de la Loire;51228.34
2014.0;7.0;Ardèche;84.0;Auvergne-Rhône-Alpes;430.97
2014.0;10.0;Aube;44.0;Grand Est;87173.05
2014.0;18.0;Cher;24.0;Centre-Val de Loire;8946.96
2014.0;24.0;Dordogne;75.0;Nouvelle-Aquitaine;5225.34
2014.0;34.0;Hérault;76.0;Occitanie;32932.91
2014.0;47.0;Lot-et-Garonne;75.0;Nouvelle-Aquitaine;4839.4
2014.0;53.0;Mayenne;52.0;Pays de la Loire;2172.2
2015.0;13.0;Bouches-du-Rhône;93.0;Provence-Alpes-Côte d'Azur;199294.33
2015.0;49.0;Maine-et-Loire;52.0;Pays de la Loire;22282.280000000002
2015.0;69.0;Rhône;84.0;Auvergne-Rhône-Alpes;105311.75
2016.0;5.0;Hautes-Alpes;93.0;Provence-Alpes-Côte d'Azur;45014.63
2016.0;10.0;Aube;44.0;Grand Est;84337.55
2016.0;15.0;Cantal;84.0;Auvergne-Rhône-Alpes;4477.46
2017.0;35.0;Ille-et-Vilaine;53.0;Bretagne;61733.36
2017.0;59.0;Nord;32.0;Hauts-de-France;243001.03
2017.0;60.0;Oise;32.0;Hauts-de-France;500566.17
2017.0;91.0;Essonne;11.0;Île-de-France;167388.85
2012.0;13.0;Bouches-du-Rhône;93.0;Provence-Alpes-Côte d'Azur;221054.65
2012.0;2A;Corse-du-Sud;94.0;Corse;915690.0
2012.0;32.0;Gers;76.0;Occitanie;1426.32
2012.0;44.0;Loire-Atlantique;52.0;Pays de la Loire;50085.29
2012.0;53.0;Mayenne;52.0;Pays de la Loire;2194.11
2012.0;69.0;Rhône;84.0;Auvergne-Rhône-Alpes;105448.97
2012.0;972.0;Martinique;2.0;Martinique;1429227.0
2013.0;17.0;Charente-Maritime;75.0;Nouvelle-Aquitaine;31592.75
2013.0;57.0;Moselle;44.0;Grand Est;202368.78999999998
2013.0;78.0;Yvelines;11.0;Île-de-France;234976.21
2013.0;91.0;Essonne;11.0;Île-de-France;120419.38
2014.0;13.0;Bouches-du-Rhône;93.0;Provence-Alpes-Côte d'Azur;177486.59
2014.0;39.0;Jura;27.0;Bourgogne-Franche-Comté;8654.81
2014.0;50.0;Manche;28.0;Normandie;5462.77
2014.0;51.0;Marne;44.0;Grand Est;25524.06
2014.0;82.0;Tarn-et-Garonne;76.0;Occitanie;3336.97
2015.0;3.0;Allier;84.0;Auvergne-Rhône-Alpes;14149.61
2015.0;26.0;Drôme;84.0;Auvergne-Rhône-Alpes;40096.66
2015.0;47.0;Lot-et-Garonne;75.0;Nouvelle-Aquitaine;6286.78
2015.0;57.0;Moselle;44.0;Grand Est;240413.55000000002
2016.0;29.0;Finistère;53.0;Bretagne;20760.66
2016.0;82.0;Tarn-et-Garonne;76.0;Occitanie;4335.55
2017.0;16.0;Charente;75.0;Nouvelle-Aquitaine;5104.15
2017.0;24.0;Dordogne;75.0;Nouvelle-Aquitaine;4584.52
2017.0;30.0;Gard;76.0;Occitanie;14738.73
2017.0;37.0;Indre-et-Loire;24.0;Centre-Val de Loire;130472.87
2012.0;29.0;Finistère;53.0;Bretagne;3295.83
2013.0;37.0;Indre-et-Loire;24.0;Centre-Val de Loire;86718.59
2013.0;47.0;Lot-et-Garonne;75.0;Nouvelle-Aquitaine;5363.219999999999
2014.0;6.0;Alpes-Maritimes;93.0;Provence-Alpes-Côte d'Azur;10915.24
2014.0;41.0;Loir-et-Cher;24.0;Centre-Val de Loire;9656.02
2014.0;42.0;Loire;84.0;Auvergne-Rhône-Alpes;45919.17
2015.0;50.0;Manche;28.0;Normandie;2558.85
2015.0;73.0;Savoie;84.0;Auvergne-Rhône-Alpes;40760.96
2015.0;93.0;Seine-Saint-Denis;11.0;Île-de-France;223360.7
2017.0;56.0;Morbihan;53.0;Bretagne;18735.48
2017.0;70.0;Haute-Saône;27.0;Bourgogne-Franche-Comté;37803.06
2017.0;75.0;Paris;11.0;Île-de-France;695010.92
2012.0;22.0;Côtes-d'Armor;53.0;Bretagne;5462.5199999999995
2012.0;28.0;Eure-et-Loir;24.0;Centre-Val de Loire;9680.26
2013.0;7.0;Ardèche;84.0;Auvergne-Rhône-Alpes;390.0
2013.0;16.0;Charente;75.0;Nouvelle-Aquitaine;1998.92
2013.0;18.0;Cher;24.0;Centre-Val de Loire;9707.87
2013.0;69.0;Rhône;84.0;Auvergne-Rhône-Alpes;118227.46
2013.0;73.0;Savoie;84.0;Auvergne-Rhône-Alpes;46912.3
2014.0;3.0;Allier;84.0;Auvergne-Rhône-Alpes;4781.25
2014.0;8.0;Ardennes;44.0;Grand Est;63.6
2014.0;25.0;Doubs;27.0;Bourgogne-Franche-Comté;41620.64
2014.0;78.0;Yvelines;11.0;Île-de-France;213204.36
2014.0;91.0;Essonne;11.0;Île-de-France;112951.85
2014.0;971.0;Guadeloupe;1.0;Guadeloupe;1506796.0
2015.0;7.0;Ardèche;84.0;Auvergne-Rhône-Alpes;10836.2
2016.0;33.0;Gironde;75.0;Nouvelle-Aquitaine;34421.7
2016.0;37.0;Indre-et-Loire;24.0;Centre-Val de Loire;64793.829999999994
2016.0;90.0;Territoire de Belfort;27.0;Bourgogne-Franche-Comté;21516.44
2017.0;67.0;Bas-Rhin;44.0;Grand Est;737536.79
2012.0;6.0;Alpes-Maritimes;93.0;Provence-Alpes-Côte d'Azur;13546.11
2012.0;21.0;Côte-d'Or;27.0;Bourgogne-Franche-Comté;23216.239999999998
2012.0;37.0;Indre-et-Loire;24.0;Centre-Val de Loire;65552.91
2012.0;70.0;Haute-Saône;27.0;Bourgogne-Franche-Comté;7117.95
2012.0;71.0;Saône-et-Loire;27.0;Bourgogne-Franche-Comté;66787.35
2012.0;90.0;Territoire de Belfort;27.0;Bourgogne-Franche-Comté;18535.22
2012.0;973.0;Guyane;3.0;Guyane;747709.0
2013.0;9.0;Ariège;76.0;Occitanie;5390.11
2013.0;22.0;Côtes-d'Armor;53.0;Bretagne;4747.29
2014.0;9.0;Ariège;76.0;Occitanie;3934.63
2014.0;48.0;Lozère;76.0;Occitanie;47.36000000000001
2014.0;60.0;Oise;32.0;Hauts-de-France;134028.74
2014.0;972.0;Martinique;2.0;Martinique;1433212.0
2015.0;34.0;Hérault;76.0;Occitanie;38123.45
2015.0;51.0;Marne;44.0;Grand Est;29547.27
2015.0;55.0;Meuse;44.0;Grand Est;8411.67
2015.0;72.0;Sarthe;52.0;Pays de la Loire;21170.32
2016.0;7.0;Ardèche;84.0;Auvergne-Rhône-Alpes;10718.83
2016.0;32.0;Gers;76.0;Occitanie;597.03
2016.0;52.0;Haute-Marne;44.0;Grand Est;11381.62
2016.0;74.0;Haute-Savoie;84.0;Auvergne-Rhône-Alpes;76785.73000000001
2016.0;85.0;Vendée;52.0;Pays de la Loire;98834.92
2016.0;972.0;Martinique;2.0;Martinique;1438066.0
2017.0;62.0;Pas-de-Calais;32.0;Hauts-de-France;44427.7
2017.0;72.0;Sarthe;52.0;Pays de la Loire;18011.31
2017.0;76.0;Seine-Maritime;28.0;Normandie;133946.47
2017.0;86.0;Vienne;75.0;Nouvelle-Aquitaine;274487.37
2017.0;971.0;Guadeloupe;1.0;Guadeloupe;160155.0
2012.0;67.0;Bas-Rhin;44.0;Grand Est;545.78
2012.0;74.0;Haute-Savoie;84.0;Auvergne-Rhône-Alpes;19093.29
2012.0;83.0;Var;93.0;Provence-Alpes-Côte d'Azur;16111.369999999999
2012.0;94.0;Val-de-Marne;11.0;Île-de-France;258272.58
2013.0;3.0;Allier;84.0;Auvergne-Rhône-Alpes;5242.5
2013.0;30.0;Gard;76.0;Occitanie;18797.56
2013.0;38.0;Isère;84.0;Auvergne-Rhône-Alpes;81844.4
2013.0;81.0;Tarn;76.0;Occitanie;43649.04
2014.0;32.0;Gers;76.0;Occitanie;1292.7800000000002
2014.0;87.0;Haute-Vienne;75.0;Nouvelle-Aquitaine;4536.37
2015.0;67.0;Bas-Rhin;44.0;Grand Est;22822.04
2015.0;81.0;Tarn;76.0;Occitanie;35049.57
2015.0;973.0;Guyane;3.0;Guyane;792866.0
2016.0;2A;Corse-du-Sud;94.0;Corse;936596.0
2016.0;54.0;Meurthe-et-Moselle;44.0;Grand Est;113839.25
2017.0;13.0;Bouches-du-Rhône;93.0;Provence-Alpes-Côte d'Azur;250015.98
2017.0;17.0;Charente-Maritime;75.0;Nouvelle-Aquitaine;31858.58
2012.0;1.0;Ain;84.0;Auvergne-Rhône-Alpes;15481.5
2012.0;18.0;Cher;24.0;Centre-Val de Loire;7168.98
2012.0;40.0;Landes;75.0;Nouvelle-Aquitaine;3119.5099999999998
2012.0;43.0;Haute-Loire;84.0;Auvergne-Rhône-Alpes;2290.52
2012.0;72.0;Sarthe;52.0;Pays de la Loire;11996.23
2013.0;21.0;Côte-d'Or;27.0;Bourgogne-Franche-Comté;29685.510000000002
2013.0;42.0;Loire;84.0;Auvergne-Rhône-Alpes;56964.89
2013.0;62.0;Pas-de-Calais;32.0;Hauts-de-France;28674.29
2013.0;77.0;Seine-et-Marne;11.0;Île-de-France;44475.66
2014.0;70.0;Haute-Saône;27.0;Bourgogne-Franche-Comté;6833.59
2015.0;24.0;Dordogne;75.0;Nouvelle-Aquitaine;5176.75
2015.0;53.0;Mayenne;52.0;Pays de la Loire;2284.68
2015.0;68.0;Haut-Rhin;44.0;Grand Est;677499.08
2015.0;91.0;Essonne;11.0;Île-de-France;148654.01
2016.0;19.0;Corrèze;75.0;Nouvelle-Aquitaine;1159.17
2016.0;30.0;Gard;76.0;Occitanie;15299.26
2016.0;40.0;Landes;75.0;Nouvelle-Aquitaine;11332.94
2016.0;49.0;Maine-et-Loire;52.0;Pays de la Loire;29464.25
2017.0;7.0;Ardèche;84.0;Auvergne-Rhône-Alpes;11510.57
2017.0;32.0;Gers;76.0;Occitanie;823.0
2017.0;52.0;Haute-Marne;44.0;Grand Est;7122.05
2017.0;63.0;Puy-de-Dôme;84.0;Auvergne-Rhône-Alpes;8746.0
2017.0;79.0;Deux-Sèvres;75.0;Nouvelle-Aquitaine;8699.17
2017.0;80.0;Somme;32.0;Hauts-de-France;32595.13
2017.0;92.0;Hauts-de-Seine;11.0;Île-de-France;216720.76
2012.0;11.0;Aude;76.0;Occitanie;9391.74
2012.0;24.0;Dordogne;75.0;Nouvelle-Aquitaine;5771.18
2012.0;2B;Haute-Corse;94.0;Corse;974672.0
2012.0;31.0;Haute-Garonne;76.0;Occitanie;37302.47
2013.0;32.0;Gers;76.0;Occitanie;633.12
2014.0;38.0;Isère;84.0;Auvergne-Rhône-Alpes;103440.45999999999
2014.0;45.0;Loiret;24.0;Centre-Val de Loire;21543.53
2014.0;62.0;Pas-de-Calais;32.0;Hauts-de-France;16346.89
2014.0;73.0;Savoie;84.0;Auvergne-Rhône-Alpes;39741.0
2014.0;75.0;Paris;11.0;Île-de-France;243878.64
2015.0;10.0;Aube;44.0;Grand Est;78831.4
2015.0;17.0;Charente-Maritime;75.0;Nouvelle-Aquitaine;28534.13
2015.0;23.0;Creuse;75.0;Nouvelle-Aquitaine;1171.6100000000001
2015.0;48.0;Lozère;76.0;Occitanie;42.269999999999996
2015.0;77.0;Seine-et-Marne;11.0;Île-de-France;52494.17
2015.0;83.0;Var;93.0;Provence-Alpes-Côte d'Azur;15967.470000000001
2015.0;87.0;Haute-Vienne;75.0;Nouvelle-Aquitaine;4989.26
2015.0;976.0;Mayotte;6.0;Mayotte;40954.86
2016.0;25.0;Doubs;27.0;Bourgogne-Franche-Comté;49090.58
2016.0;45.0;Loiret;24.0;Centre-Val de Loire;68654.05
2016.0;80.0;Somme;32.0;Hauts-de-France;17635.89
2016.0;89.0;Yonne;27.0;Bourgogne-Franche-Comté;14541.64
2017.0;26.0;Drôme;84.0;Auvergne-Rhône-Alpes;54371.05
2017.0;27.0;Eure;28.0;Normandie;138119.0
2017.0;58.0;Nièvre;27.0;Bourgogne-Franche-Comté;2341.0
2017.0;88.0;Vosges;44.0;Grand Est;37004.0
2012.0;2.0;Aisne;32.0;Hauts-de-France;3194.0499999999997
2012.0;23.0;Creuse;75.0;Nouvelle-Aquitaine;2909.65
2012.0;27.0;Eure;28.0;Normandie;14097.369999999999
2012.0;42.0;Loire;84.0;Auvergne-Rhône-Alpes;52775.68
2012.0;974.0;La Réunion;4.0;La Réunion;2465076.0
2013.0;19.0;Corrèze;75.0;Nouvelle-Aquitaine;1842.96
2013.0;34.0;Hérault;76.0;Occitanie;37307.46
2013.0;43.0;Haute-Loire;84.0;Auvergne-Rhône-Alpes;2253.17
2013.0;55.0;Meuse;44.0;Grand Est;1039.08
2013.0;80.0;Somme;32.0;Hauts-de-France;30401.62
2013.0;85.0;Vendée;52.0;Pays de la Loire;40103.76
2014.0;4.0;Alpes-de-Haute-Provence;93.0;Provence-Alpes-Côte d'Azur;482.69
2014.0;44.0;Loire-Atlantique;52.0;Pays de la Loire;38407.03
2015.0;25.0;Doubs;27.0;Bourgogne-Franche-Comté;54236.72
2015.0;33.0;Gironde;75.0;Nouvelle-Aquitaine;35841.62
2015.0;56.0;Morbihan;53.0;Bretagne;9417.39
2015.0;88.0;Vosges;44.0;Grand Est;107272.88
2016.0;34.0;Hérault;76.0;Occitanie;45945.3
2016.0;70.0;Haute-Saône;27.0;Bourgogne-Franche-Comté;37696.04
2016.0;88.0;Vosges;44.0;Grand Est;61585.09
2017.0;15.0;Cantal;84.0;Auvergne-Rhône-Alpes;4415.0
2017.0;47.0;Lot-et-Garonne;75.0;Nouvelle-Aquitaine;9740.0
2017.0;69.0;Rhône;84.0;Auvergne-Rhône-Alpes;224784.35
2012.0;33.0;Gironde;75.0;Nouvelle-Aquitaine;8105.17
2012.0;36.0;Indre;24.0;Centre-Val de Loire;8685.1
2014.0;59.0;Nord;32.0;Hauts-de-France;360198.69
2014.0;66.0;Pyrénées-Orientales;76.0;Occitanie;30679.39
2014.0;83.0;Var;93.0;Provence-Alpes-Côte d'Azur;14628.01
2014.0;92.0;Hauts-de-Seine;11.0;Île-de-France;199608.18
2015.0;60.0;Oise;32.0;Hauts-de-France;459412.53
2015.0;70.0;Haute-Saône;27.0;Bourgogne-Franche-Comté;54181.020000000004
2015.0;74.0;Haute-Savoie;84.0;Auvergne-Rhône-Alpes;82734.694
2012.0;52.0;Haute-Marne;44.0;Grand Est;1702.6399999999999
2012.0;89.0;Yonne;27.0;Bourgogne-Franche-Comté;5398.68
2013.0;14.0;Calvados;28.0;Normandie;11353.869999999999
2013.0;26.0;Drôme;84.0;Auvergne-Rhône-Alpes;42966.51
2013.0;79.0;Deux-Sèvres;75.0;Nouvelle-Aquitaine;2089.68
2015.0;15.0;Cantal;84.0;Auvergne-Rhône-Alpes;3824.76
2015.0;18.0;Cher;24.0;Centre-Val de Loire;9263.27
2015.0;54.0;Meurthe-et-Moselle;44.0;Grand Est;89308.6
2016.0;2.0;Aisne;32.0;Hauts-de-France;84038.95
2016.0;18.0;Cher;24.0;Centre-Val de Loire;10099.08
2016.0;21.0;Côte-d'Or;27.0;Bourgogne-Franche-Comté;65551.91
2016.0;53.0;Mayenne;52.0;Pays de la Loire;5400.08
2017.0;66.0;Pyrénées-Orientales;76.0;Occitanie;4582.04
2024.0;976.0;Mayotte;6.0;Mayotte;187638.5587
2020.0;63.0;Puy-de-Dôme;84.0;Auvergne-Rhône-Alpes;3542.77918
2024.0;28.0;Eure-et-Loir;24.0;Centre-Val de Loire;109852.78394
2019.0;29.0;Finistère;53.0;Bretagne;111351.31791
2018.0;31.0;Haute-Garonne;76.0;Occitanie;190199.57862
2024.0;42.0;Loire;84.0;Auvergne-Rhône-Alpes;115113.51661
2021.0;37.0;Indre-et-Loire;24.0;Centre-Val de Loire;3075.63169
2023.0;74.0;Haute-Savoie;84.0;Auvergne-Rhône-Alpes;103162.56486
2022.0;95.0;Val-d'Oise;11.0;Île-de-France;6600.54779
2020.0;93.0;Seine-Saint-Denis;11.0;Île-de-France;46784.33596
2024.0;1.0;Ain;84.0;Auvergne-Rhône-Alpes;19090.78408
2020.0;974.0;La Réunion;4.0;La Réunion;63350.52
2019.0;10.0;Aube;44.0;Grand Est;19865.55522
2023.0;976.0;Mayotte;6.0;Mayotte;37978.74
2018.0;39.0;Jura;27.0;Bourgogne-Franche-Comté;43647.95565
2020.0;52.0;Haute-Marne;44.0;Grand Est;6541.74661
2019.0;28.0;Eure-et-Loir;24.0;Centre-Val de Loire;178563.07991
2020.0;43.0;Haute-Loire;84.0;Auvergne-Rhône-Alpes;4645.39893
2018.0;53.0;Mayenne;52.0;Pays de la Loire;40863.84689
2023.0;30.0;Gard;76.0;Occitanie;1236.216
2021.0;73.0;Savoie;84.0;Auvergne-Rhône-Alpes;163256.48045
2021.0;8.0;Ardennes;44.0;Grand Est;980.79636
2021.0;26.0;Drôme;84.0;Auvergne-Rhône-Alpes;6963.69714
2024.0;17.0;Charente-Maritime;75.0;Nouvelle-Aquitaine;73112.41083
2019.0;91.0;Essonne;11.0;Île-de-France;144457.01953
2019.0;86.0;Vienne;75.0;Nouvelle-Aquitaine;212728.08219
2024.0;50.0;Manche;28.0;Normandie;64151.11908
2024.0;53.0;Mayenne;52.0;Pays de la Loire;818.804
2021.0;42.0;Loire;84.0;Auvergne-Rhône-Alpes;6808.85857
2023.0;55.0;Meuse;44.0;Grand Est;772.64459
2022.0;974.0;La Réunion;4.0;La Réunion;38570.464
2018.0;47.0;Lot-et-Garonne;75.0;Nouvelle-Aquitaine;62908.38654
2022.0;56.0;Morbihan;53.0;Bretagne;3288.7999
2021.0;18.0;Cher;24.0;Centre-Val de Loire;2268.27563
2022.0;18.0;Cher;24.0;Centre-Val de Loire;427.90441
2021.0;2A;Corse-du-Sud;94.0;Corse;42016.145
2021.0;81.0;Tarn;76.0;Occitanie;59523.01897
2021.0;3.0;Allier;84.0;Auvergne-Rhône-Alpes;970.02735
2019.0;32.0;Gers;76.0;Occitanie;31637.24183
2022.0;57.0;Moselle;44.0;Grand Est;587975.73538
2022.0;42.0;Loire;84.0;Auvergne-Rhône-Alpes;2585.85359
2022.0;90.0;Territoire de Belfort;27.0;Bourgogne-Franche-Comté;397.50134
2022.0;43.0;Haute-Loire;84.0;Auvergne-Rhône-Alpes;780.84427
2021.0;9.0;Ariège;76.0;Occitanie;1182.98761
2018.0;85.0;Vendée;52.0;Pays de la Loire;138907.09847
2018.0;48.0;Lozère;76.0;Occitanie;7784.92972
2020.0;15.0;Cantal;84.0;Auvergne-Rhône-Alpes;1029.89187
2023.0;59.0;Nord;32.0;Hauts-de-France;20993.18858
2018.0;59.0;Nord;32.0;Hauts-de-France;353598.61955
2022.0;81.0;Tarn;76.0;Occitanie;44095.87273
2019.0;14.0;Calvados;28.0;Normandie;215463.91454
2020.0;72.0;Sarthe;52.0;Pays de la Loire;4161.32841
2019.0;71.0;Saône-et-Loire;27.0;Bourgogne-Franche-Comté;91273.79582
2024.0;15.0;Cantal;84.0;Auvergne-Rhône-Alpes;395.54
2022.0;88.0;Vosges;44.0;Grand Est;4243.19919
2020.0;69.0;Rhône;84.0;Auvergne-Rhône-Alpes;59470.64447
2023.0;4.0;Alpes-de-Haute-Provence;93.0;Provence-Alpes-Côte d'Azur;577.214
2022.0;7.0;Ardèche;84.0;Auvergne-Rhône-Alpes;1851.1193
2022.0;1.0;Ain;84.0;Auvergne-Rhône-Alpes;7421.31865
2020.0;16.0;Charente;75.0;Nouvelle-Aquitaine;7519.86439
2023.0;75.0;Paris;11.0;Île-de-France;5946.43557
2018.0;41.0;Loir-et-Cher;24.0;Centre-Val de Loire;45999.76205
2020.0;53.0;Mayenne;52.0;Pays de la Loire;4183.92975
2020.0;91.0;Essonne;11.0;Île-de-France;113677.38071
2020.0;77.0;Seine-et-Marne;11.0;Île-de-France;25078.96852
2018.0;93.0;Seine-Saint-Denis;11.0;Île-de-France;217929.75584
2019.0;973.0;Guyane;3.0;Guyane;66152.351
2019.0;93.0;Seine-Saint-Denis;11.0;Île-de-France;197492.60918
2020.0;81.0;Tarn;76.0;Occitanie;47890.9483
2021.0;60.0;Oise;32.0;Hauts-de-France;50729.33143
2022.0;51.0;Marne;44.0;Grand Est;5066.68173
2023.0;34.0;Hérault;76.0;Occitanie;40112.214
2023.0;29.0;Finistère;53.0;Bretagne;2581.593
2022.0;64.0;Pyrénées-Atlantiques;75.0;Nouvelle-Aquitaine;8158.64997
2019.0;19.0;Corrèze;75.0;Nouvelle-Aquitaine;20693.81693
2018.0;80.0;Somme;32.0;Hauts-de-France;118112.2307
2022.0;49.0;Maine-et-Loire;52.0;Pays de la Loire;1795.60533
2018.0;22.0;Côtes-d'Armor;53.0;Bretagne;99239.23285
2022.0;76.0;Seine-Maritime;28.0;Normandie;46842.40531
2023.0;32.0;Gers;76.0;Occitanie;779.024
2019.0;72.0;Sarthe;52.0;Pays de la Loire;61482.20304
2023.0;22.0;Côtes-d'Armor;53.0;Bretagne;14720.06968
2024.0;73.0;Savoie;84.0;Auvergne-Rhône-Alpes;127603.99035
2022.0;4.0;Alpes-de-Haute-Provence;93.0;Provence-Alpes-Côte d'Azur;427.72522
2019.0;65.0;Hautes-Pyrénées;76.0;Occitanie;26519.43551
2022.0;77.0;Seine-et-Marne;11.0;Île-de-France;5622.28157
2022.0;35.0;Ille-et-Vilaine;53.0;Bretagne;43412.76546
2020.0;76.0;Seine-Maritime;28.0;Normandie;37733.77514
2023.0;44.0;Loire-Atlantique;52.0;Pays de la Loire;5313.82144
2023.0;27.0;Eure;28.0;Normandie;7120.635
2024.0;83.0;Var;93.0;Provence-Alpes-Côte d'Azur;143175.94976
2019.0;22.0;Côtes-d'Armor;53.0;Bretagne;93120.64066
2022.0;87.0;Haute-Vienne;75.0;Nouvelle-Aquitaine;1763.59588
2024.0;48.0;Lozère;76.0;Occitanie;174.106
2019.0;69.0;Rhône;84.0;Auvergne-Rhône-Alpes;188250.19008
2023.0;51.0;Marne;44.0;Grand Est;46457.99377
2020.0;87.0;Haute-Vienne;75.0;Nouvelle-Aquitaine;3141.86047
2023.0;49.0;Maine-et-Loire;52.0;Pays de la Loire;4631.141
2019.0;85.0;Vendée;52.0;Pays de la Loire;97034.14744
2020.0;89.0;Yonne;27.0;Bourgogne-Franche-Comté;1536.02854
2019.0;56.0;Morbihan;53.0;Bretagne;80114.12419
2023.0;73.0;Savoie;84.0;Auvergne-Rhône-Alpes;158750.215
2019.0;33.0;Gironde;75.0;Nouvelle-Aquitaine;235224.83068
2021.0;62.0;Pas-de-Calais;32.0;Hauts-de-France;7067.7517
2018.0;55.0;Meuse;44.0;Grand Est;29921.53805
2021.0;83.0;Var;93.0;Provence-Alpes-Côte d'Azur;9930.81801
2022.0;17.0;Charente-Maritime;75.0;Nouvelle-Aquitaine;1313.13425
2020.0;50.0;Manche;28.0;Normandie;20772.43533
2023.0;38.0;Isère;84.0;Auvergne-Rhône-Alpes;162092.72338
2022.0;83.0;Var;93.0;Provence-Alpes-Côte d'Azur;5508.45087
2018.0;2B;Haute-Corse;94.0;Corse;40538.561
2019.0;37.0;Indre-et-Loire;24.0;Centre-Val de Loire;63898.09411
2020.0;67.0;Bas-Rhin;44.0;Grand Est;535700.73504
2020.0;47.0;Lot-et-Garonne;75.0;Nouvelle-Aquitaine;9817.37615
2019.0;38.0;Isère;84.0;Auvergne-Rhône-Alpes;77019.18432
2019.0;46.0;Lot;76.0;Occitanie;14928.82341
2018.0;9.0;Ariège;76.0;Occitanie;10384.9725
2023.0;40.0;Landes;75.0;Nouvelle-Aquitaine;73451.622
2020.0;41.0;Loir-et-Cher;24.0;Centre-Val de Loire;2103.24848
2023.0;39.0;Jura;27.0;Bourgogne-Franche-Comté;1640.36121
2020.0;57.0;Moselle;44.0;Grand Est;206397.68784
2022.0;94.0;Val-de-Marne;11.0;Île-de-France;28063.59128
2021.0;80.0;Somme;32.0;Hauts-de-France;106672.76318
2023.0;26.0;Drôme;84.0;Auvergne-Rhône-Alpes;4149.56511
2020.0;59.0;Nord;32.0;Hauts-de-France;22763.34625
2022.0;73.0;Savoie;84.0;Auvergne-Rhône-Alpes;169377.29236
2024.0;29.0;Finistère;53.0;Bretagne;116510.27435
2024.0;55.0;Meuse;44.0;Grand Est;513.11408
2024.0;51.0;Marne;44.0;Grand Est;3142.36328
2021.0;46.0;Lot;76.0;Occitanie;1185.62186
2018.0;67.0;Bas-Rhin;44.0;Grand Est;261132.3113
2023.0;92.0;Hauts-de-Seine;11.0;Île-de-France;5840.38625
2024.0;62.0;Pas-de-Calais;32.0;Hauts-de-France;617898.51317
2022.0;13.0;Bouches-du-Rhône;93.0;Provence-Alpes-Côte d'Azur;70873.01291
2018.0;2.0;Aisne;32.0;Hauts-de-France;90520.23763
2019.0;90.0;Territoire de Belfort;27.0;Bourgogne-Franche-Comté;22274.89279
2021.0;48.0;Lozère;76.0;Occitanie;291.01142
2024.0;5.0;Hautes-Alpes;93.0;Provence-Alpes-Côte d'Azur;1724.102
2020.0;2A;Corse-du-Sud;94.0;Corse;45733.01
2019.0;34.0;Hérault;76.0;Occitanie;102643.46406
2024.0;14.0;Calvados;28.0;Normandie;3487.97713
2022.0;22.0;Côtes-d'Armor;53.0;Bretagne;21278.86656
2024.0;89.0;Yonne;27.0;Bourgogne-Franche-Comté;641.546
2018.0;974.0;La Réunion;4.0;La Réunion;90075.923
2024.0;84.0;Vaucluse;93.0;Provence-Alpes-Côte d'Azur;2445.40222
2022.0;61.0;Orne;28.0;Normandie;1177.0838
2021.0;61.0;Orne;28.0;Normandie;20817.33975
2024.0;57.0;Moselle;44.0;Grand Est;696817.58012
2018.0;46.0;Lot;76.0;Occitanie;18017.95696
2018.0;3.0;Allier;84.0;Auvergne-Rhône-Alpes;48394.26907
2019.0;55.0;Meuse;44.0;Grand Est;29728.81114
2019.0;49.0;Maine-et-Loire;52.0;Pays de la Loire;93825.91362
2022.0;11.0;Aude;76.0;Occitanie;7425.05273
2021.0;47.0;Lot-et-Garonne;75.0;Nouvelle-Aquitaine;7774.65843
2019.0;61.0;Orne;28.0;Normandie;48471.29671
2021.0;75.0;Paris;11.0;Île-de-France;27180.64756
2022.0;30.0;Gard;76.0;Occitanie;1281.83205
2022.0;14.0;Calvados;28.0;Normandie;14775.33363
2019.0;2.0;Aisne;32.0;Hauts-de-France;81779.00111
2020.0;94.0;Val-de-Marne;11.0;Île-de-France;65302.69489
2022.0;34.0;Hérault;76.0;Occitanie;39983.26468
2024.0;52.0;Haute-Marne;44.0;Grand Est;4244.75507
2024.0;76.0;Seine-Maritime;28.0;Normandie;152461.98023
2020.0;42.0;Loire;84.0;Auvergne-Rhône-Alpes;14646.30912
2024.0;971.0;Guadeloupe;1.0;Guadeloupe;54543.956
2019.0;50.0;Manche;28.0;Normandie;149418.4391
2023.0;50.0;Manche;28.0;Normandie;1905.4
2024.0;94.0;Val-de-Marne;11.0;Île-de-France;14545.84542
2021.0;28.0;Eure-et-Loir;24.0;Centre-Val de Loire;97408.65411
2019.0;52.0;Haute-Marne;44.0;Grand Est;28495.59077
2024.0;27.0;Eure;28.0;Normandie;24632.51042
2021.0;68.0;Haut-Rhin;44.0;Grand Est;479490.80812
2024.0;23.0;Creuse;75.0;Nouvelle-Aquitaine;171.492
2021.0;23.0;Creuse;75.0;Nouvelle-Aquitaine;7219.40296
2022.0;89.0;Yonne;27.0;Bourgogne-Franche-Comté;515.03714
2018.0;27.0;Eure;28.0;Normandie;64127.23747
2020.0;44.0;Loire-Atlantique;52.0;Pays de la Loire;14175.28826
2023.0;87.0;Haute-Vienne;75.0;Nouvelle-Aquitaine;1692.4
2020.0;54.0;Meurthe-et-Moselle;44.0;Grand Est;4140.48096
2019.0;23.0;Creuse;75.0;Nouvelle-Aquitaine;28275.294
2022.0;5.0;Hautes-Alpes;93.0;Provence-Alpes-Côte d'Azur;2489.11703
2023.0;54.0;Meurthe-et-Moselle;44.0;Grand Est;3027.64574
2023.0;66.0;Pyrénées-Orientales;76.0;Occitanie;4050.77452
2024.0;11.0;Aude;76.0;Occitanie;5735.59117
2018.0;42.0;Loire;84.0;Auvergne-Rhône-Alpes;92599.79335
2019.0;31.0;Haute-Garonne;76.0;Occitanie;187390.41283
2020.0;90.0;Territoire de Belfort;27.0;Bourgogne-Franche-Comté;1799.55202
2024.0;71.0;Saône-et-Loire;27.0;Bourgogne-Franche-Comté;242787.07833
2023.0;17.0;Charente-Maritime;75.0;Nouvelle-Aquitaine;1544.813
2022.0;52.0;Haute-Marne;44.0;Grand Est;4482.80665
2018.0;70.0;Haute-Saône;27.0;Bourgogne-Franche-Comté;88060.60275
2020.0;95.0;Val-d'Oise;11.0;Île-de-France;20266.9565
2021.0;63.0;Puy-de-Dôme;84.0;Auvergne-Rhône-Alpes;2449.87289
2024.0;2B;Haute-Corse;94.0;Corse;27421.431
2021.0;16.0;Charente;75.0;Nouvelle-Aquitaine;4113.90555
2019.0;95.0;Val-d'Oise;11.0;Île-de-France;149330.92359
2024.0;4.0;Alpes-de-Haute-Provence;93.0;Provence-Alpes-Côte d'Azur;57891.36654
2023.0;8.0;Ardennes;44.0;Grand Est;293.024
2018.0;17.0;Charente-Maritime;75.0;Nouvelle-Aquitaine;74650.40599
2021.0;82.0;Tarn-et-Garonne;76.0;Occitanie;8272.43299
2019.0;47.0;Lot-et-Garonne;75.0;Nouvelle-Aquitaine;49911.53971
2021.0;93.0;Seine-Saint-Denis;11.0;Île-de-France;20660.13061
2021.0;29.0;Finistère;53.0;Bretagne;4624.32423
2021.0;14.0;Calvados;28.0;Normandie;16245.81314
2018.0;2A;Corse-du-Sud;94.0;Corse;51438.015
2018.0;4.0;Alpes-de-Haute-Provence;93.0;Provence-Alpes-Côte d'Azur;19403.64437
2019.0;13.0;Bouches-du-Rhône;93.0;Provence-Alpes-Côte d'Azur;230896.07913
2022.0;70.0;Haute-Saône;27.0;Bourgogne-Franche-Comté;18269.38003
2020.0;10.0;Aube;44.0;Grand Est;18558.63271
2024.0;26.0;Drôme;84.0;Auvergne-Rhône-Alpes;4933.89358
2021.0;15.0;Cantal;84.0;Auvergne-Rhône-Alpes;706.85205
2020.0;58.0;Nièvre;27.0;Bourgogne-Franche-Comté;5838.55453
2019.0;94.0;Val-de-Marne;11.0;Île-de-France;199467.74912
2023.0;89.0;Yonne;27.0;Bourgogne-Franche-Comté;663.377
2022.0;12.0;Aveyron;76.0;Occitanie;524.616
2022.0;15.0;Cantal;84.0;Auvergne-Rhône-Alpes;583.14931
2024.0;75.0;Paris;11.0;Île-de-France;6363.0186
2020.0;73.0;Savoie;84.0;Auvergne-Rhône-Alpes;67941.36405
2020.0;35.0;Ille-et-Vilaine;53.0;Bretagne;7917.09844
2023.0;69.0;Rhône;84.0;Auvergne-Rhône-Alpes;11164.4583
2023.0;973.0;Guyane;3.0;Guyane;41701.163
2022.0;72.0;Sarthe;52.0;Pays de la Loire;518.67325
2018.0;36.0;Indre;24.0;Centre-Val de Loire;26973.32317
2021.0;71.0;Saône-et-Loire;27.0;Bourgogne-Franche-Comté;42959.7768
2018.0;92.0;Hauts-de-Seine;11.0;Île-de-France;244107.14581
2019.0;4.0;Alpes-de-Haute-Provence;93.0;Provence-Alpes-Côte d'Azur;18155.20523
2024.0;35.0;Ille-et-Vilaine;53.0;Bretagne;46501.627
2021.0;92.0;Hauts-de-Seine;11.0;Île-de-France;19923.85029
2024.0;63.0;Puy-de-Dôme;84.0;Auvergne-Rhône-Alpes;83737.64367
2022.0;66.0;Pyrénées-Orientales;76.0;Occitanie;3403.57771
2022.0;84.0;Vaucluse;93.0;Provence-Alpes-Côte d'Azur;2762.22272
2018.0;45.0;Loiret;24.0;Centre-Val de Loire;155017.90426
2019.0;35.0;Ille-et-Vilaine;53.0;Bretagne;115911.73119
2020.0;5.0;Hautes-Alpes;93.0;Provence-Alpes-Côte d'Azur;11465.01463
2023.0;80.0;Somme;32.0;Hauts-de-France;74957.7435
2023.0;971.0;Guadeloupe;1.0;Guadeloupe;62748.212
2019.0;976.0;Mayotte;6.0;Mayotte;42515.693
2022.0;32.0;Gers;76.0;Occitanie;780.05276
2018.0;63.0;Puy-de-Dôme;84.0;Auvergne-Rhône-Alpes;63823.10551
2022.0;41.0;Loir-et-Cher;24.0;Centre-Val de Loire;583.33588
2020.0;49.0;Maine-et-Loire;52.0;Pays de la Loire;14327.21734
2024.0;6.0;Alpes-Maritimes;93.0;Provence-Alpes-Côte d'Azur;2983977.348
2019.0;92.0;Hauts-de-Seine;11.0;Île-de-France;229627.06056
2023.0;76.0;Seine-Maritime;28.0;Normandie;95921.71836
2019.0;60.0;Oise;32.0;Hauts-de-France;61504.0903
2019.0;88.0;Vosges;44.0;Grand Est;116896.78967
2022.0;2.0;Aisne;32.0;Hauts-de-France;56905.86831
2020.0;65.0;Hautes-Pyrénées;76.0;Occitanie;6790.94277
2022.0;46.0;Lot;76.0;Occitanie;376.3354
2023.0;68.0;Haut-Rhin;44.0;Grand Est;351713.16362
2023.0;2B;Haute-Corse;94.0;Corse;27250.519
2018.0;79.0;Deux-Sèvres;75.0;Nouvelle-Aquitaine;46177.06765
2020.0;71.0;Saône-et-Loire;27.0;Bourgogne-Franche-Comté;37737.01046
2019.0;79.0;Deux-Sèvres;75.0;Nouvelle-Aquitaine;40194.00062
2022.0;33.0;Gironde;75.0;Nouvelle-Aquitaine;120630.21288
2022.0;86.0;Vienne;75.0;Nouvelle-Aquitaine;111925.36103
2021.0;43.0;Haute-Loire;84.0;Auvergne-Rhône-Alpes;2158.18944
2020.0;56.0;Morbihan;53.0;Bretagne;8432.50233
2023.0;86.0;Vienne;75.0;Nouvelle-Aquitaine;53433.23252
2024.0;31.0;Haute-Garonne;76.0;Occitanie;96478.58241
2022.0;39.0;Jura;27.0;Bourgogne-Franche-Comté;1225.09699
2018.0;84.0;Vaucluse;93.0;Provence-Alpes-Côte d'Azur;76921.86254
2020.0;66.0;Pyrénées-Orientales;76.0;Occitanie;6378.76921
2024.0;69.0;Rhône;84.0;Auvergne-Rhône-Alpes;88953.81938
2022.0;3.0;Allier;84.0;Auvergne-Rhône-Alpes;576.24524
2024.0;68.0;Haut-Rhin;44.0;Grand Est;327860.35245
2018.0;973.0;Guyane;3.0;Guyane;61500.061
2022.0;93.0;Seine-Saint-Denis;11.0;Île-de-France;6048.03185
2019.0;89.0;Yonne;27.0;Bourgogne-Franche-Comté;35241.82275
2022.0;9.0;Ariège;76.0;Occitanie;575.92403
2018.0;65.0;Hautes-Pyrénées;76.0;Occitanie;25313.61615
2019.0;51.0;Marne;44.0;Grand Est;137943.59543
2022.0;48.0;Lozère;76.0;Occitanie;103.80065
2024.0;7.0;Ardèche;84.0;Auvergne-Rhône-Alpes;778.463
2021.0;21.0;Côte-d'Or;27.0;Bourgogne-Franche-Comté;6868.02875
2021.0;72.0;Sarthe;52.0;Pays de la Loire;2786.64865
2023.0;62.0;Pas-de-Calais;32.0;Hauts-de-France;4004.811
2021.0;53.0;Mayenne;52.0;Pays de la Loire;2743.35923
2020.0;55.0;Meuse;44.0;Grand Est;1084.76645
2023.0;91.0;Essonne;11.0;Île-de-France;76394.44205
2022.0;63.0;Puy-de-Dôme;84.0;Auvergne-Rhône-Alpes;1740.826
2022.0;74.0;Haute-Savoie;84.0;Auvergne-Rhône-Alpes;112883.87884
2020.0;32.0;Gers;76.0;Occitanie;10169.56917
2019.0;75.0;Paris;11.0;Île-de-France;347548.64805
2023.0;31.0;Haute-Garonne;76.0;Occitanie;17625.53667
2023.0;33.0;Gironde;75.0;Nouvelle-Aquitaine;98300.06466
2022.0;44.0;Loire-Atlantique;52.0;Pays de la Loire;3980.02957
2018.0;77.0;Seine-et-Marne;11.0;Île-de-France;143250.54576
2018.0;43.0;Haute-Loire;84.0;Auvergne-Rhône-Alpes;45852.57842
2021.0;2B;Haute-Corse;94.0;Corse;38372.399
2019.0;68.0;Haut-Rhin;44.0;Grand Est;285801.73117
2023.0;35.0;Ille-et-Vilaine;53.0;Bretagne;47410.50496
2018.0;971.0;Guadeloupe;1.0;Guadeloupe;75081.108
2018.0;81.0;Tarn;76.0;Occitanie;61224.98578
2021.0;85.0;Vendée;52.0;Pays de la Loire;6820.48943
2020.0;971.0;Guadeloupe;1.0;Guadeloupe;115857.355
2018.0;66.0;Pyrénées-Orientales;76.0;Occitanie;43872.92275
2022.0;26.0;Drôme;84.0;Auvergne-Rhône-Alpes;5911.29042
2023.0;71.0;Saône-et-Loire;27.0;Bourgogne-Franche-Comté;1017.334
2023.0;56.0;Morbihan;53.0;Bretagne;4441.59074
2018.0;25.0;Doubs;27.0;Bourgogne-Franche-Comté;46046.9622
2021.0;32.0;Gers;76.0;Occitanie;2568.51222
2019.0;21.0;Côte-d'Or;27.0;Bourgogne-Franche-Comté;82660.03635
2019.0;25.0;Doubs;27.0;Bourgogne-Franche-Comté;35352.75955
2022.0;6.0;Alpes-Maritimes;93.0;Provence-Alpes-Côte d'Azur;8841.45479
2024.0;37.0;Indre-et-Loire;24.0;Centre-Val de Loire;967.5
2019.0;74.0;Haute-Savoie;84.0;Auvergne-Rhône-Alpes;105298.83596
2022.0;27.0;Eure;28.0;Normandie;9763.011
2020.0;14.0;Calvados;28.0;Normandie;9251.10669
2024.0;9.0;Ariège;76.0;Occitanie;66219.58551
2022.0;24.0;Dordogne;75.0;Nouvelle-Aquitaine;964.29653
2018.0;52.0;Haute-Marne;44.0;Grand Est;22451.18396
2023.0;84.0;Vaucluse;93.0;Provence-Alpes-Côte d'Azur;2133.62574
2024.0;972.0;Martinique;2.0;Martinique;64858.01
2022.0;31.0;Haute-Garonne;76.0;Occitanie;11577.39568
2022.0;62.0;Pas-de-Calais;32.0;Hauts-de-France;2207.86809
2022.0;82.0;Tarn-et-Garonne;76.0;Occitanie;609.77547
2023.0;93.0;Seine-Saint-Denis;11.0;Île-de-France;5816.40061
2021.0;24.0;Dordogne;75.0;Nouvelle-Aquitaine;6269.23001
2023.0;53.0;Mayenne;52.0;Pays de la Loire;674.824
2020.0;40.0;Landes;75.0;Nouvelle-Aquitaine;79215.19723
2020.0;60.0;Oise;32.0;Hauts-de-France;68984.04342
2023.0;23.0;Creuse;75.0;Nouvelle-Aquitaine;95.612
2019.0;971.0;Guadeloupe;1.0;Guadeloupe;125914.573
2018.0;7.0;Ardèche;84.0;Auvergne-Rhône-Alpes;35421.98158
2024.0;33.0;Gironde;75.0;Nouvelle-Aquitaine;72002.8338
2021.0;74.0;Haute-Savoie;84.0;Auvergne-Rhône-Alpes;194836.8104
2021.0;11.0;Aude;76.0;Occitanie;9637.10682
2020.0;61.0;Orne;28.0;Normandie;23443.16579
2019.0;81.0;Tarn;76.0;Occitanie;54776.1365
2019.0;83.0;Var;93.0;Provence-Alpes-Côte d'Azur;144008.26923
2023.0;7.0;Ardèche;84.0;Auvergne-Rhône-Alpes;1239.05847
2020.0;79.0;Deux-Sèvres;75.0;Nouvelle-Aquitaine;54215.57283
2021.0;4.0;Alpes-de-Haute-Provence;93.0;Provence-Alpes-Côte d'Azur;780.63379
2018.0;56.0;Morbihan;53.0;Bretagne;97964.23627
2021.0;971.0;Guadeloupe;1.0;Guadeloupe;97367.254
2018.0;34.0;Hérault;76.0;Occitanie;107510.94875
2019.0;26.0;Drôme;84.0;Auvergne-Rhône-Alpes;60338.18013
2024.0;40.0;Landes;75.0;Nouvelle-Aquitaine;161298.99508
2020.0;39.0;Jura;27.0;Bourgogne-Franche-Comté;6311.43834
2022.0;21.0;Côte-d'Or;27.0;Bourgogne-Franche-Comté;1056.22997
2021.0;974.0;La Réunion;4.0;La Réunion;63100.741
2020.0;38.0;Isère;84.0;Auvergne-Rhône-Alpes;291158.62626
2019.0;17.0;Charente-Maritime;75.0;Nouvelle-Aquitaine;57631.78667
2024.0;66.0;Pyrénées-Orientales;76.0;Occitanie;2251.76851
2023.0;77.0;Seine-et-Marne;11.0;Île-de-France;5940.08558
2019.0;84.0;Vaucluse;93.0;Provence-Alpes-Côte d'Azur;62947.49568
2023.0;11.0;Aude;76.0;Occitanie;5427.60387
2021.0;58.0;Nièvre;27.0;Bourgogne-Franche-Comté;4785.09581
2021.0;10.0;Aube;44.0;Grand Est;3287.24462
2022.0;36.0;Indre;24.0;Centre-Val de Loire;325.32384
2018.0;68.0;Haut-Rhin;44.0;Grand Est;299856.87664
2019.0;40.0;Landes;75.0;Nouvelle-Aquitaine;94892.8222
2021.0;45.0;Loiret;24.0;Centre-Val de Loire;3601.69067
2024.0;74.0;Haute-Savoie;84.0;Auvergne-Rhône-Alpes;107574.37212
2021.0;36.0;Indre;24.0;Centre-Val de Loire;1302.66365
2019.0;9.0;Ariège;76.0;Occitanie;19381.32177
2020.0;82.0;Tarn-et-Garonne;76.0;Occitanie;15114.26727
2020.0;976.0;Mayotte;6.0;Mayotte;44536.9618
2020.0;2.0;Aisne;32.0;Hauts-de-France;71488.02005
2018.0;6.0;Alpes-Maritimes;93.0;Provence-Alpes-Côte d'Azur;175371.0102
2019.0;42.0;Loire;84.0;Auvergne-Rhône-Alpes;85948.35892
2021.0;35.0;Ille-et-Vilaine;53.0;Bretagne;23673.53151
2019.0;15.0;Cantal;84.0;Auvergne-Rhône-Alpes;14437.68886
2021.0;5.0;Hautes-Alpes;93.0;Provence-Alpes-Côte d'Azur;4656.04923
2018.0;57.0;Moselle;44.0;Grand Est;216438.62563
2022.0;75.0;Paris;11.0;Île-de-France;6321.58165
2023.0;65.0;Hautes-Pyrénées;76.0;Occitanie;9593.631
2018.0;86.0;Vienne;75.0;Nouvelle-Aquitaine;221213.92182
2020.0;74.0;Haute-Savoie;84.0;Auvergne-Rhône-Alpes;195341.91145
2021.0;973.0;Guyane;3.0;Guyane;58977.143
2024.0;64.0;Pyrénées-Atlantiques;75.0;Nouvelle-Aquitaine;74592.02048
2023.0;47.0;Lot-et-Garonne;75.0;Nouvelle-Aquitaine;751.201
2018.0;49.0;Maine-et-Loire;52.0;Pays de la Loire;127998.72771
2020.0;28.0;Eure-et-Loir;24.0;Centre-Val de Loire;141507.02086
2024.0;46.0;Lot;76.0;Occitanie;451.607
2024.0;82.0;Tarn-et-Garonne;76.0;Occitanie;630.98583
2022.0;71.0;Saône-et-Loire;27.0;Bourgogne-Franche-Comté;43367.14054
2024.0;58.0;Nièvre;27.0;Bourgogne-Franche-Comté;135605.90976
2019.0;44.0;Loire-Atlantique;52.0;Pays de la Loire;191389.40667
2024.0;36.0;Indre;24.0;Centre-Val de Loire;369.57
2023.0;972.0;Martinique;2.0;Martinique;78611.021
2024.0;85.0;Vendée;52.0;Pays de la Loire;23767.53826
2024.0;44.0;Loire-Atlantique;52.0;Pays de la Loire;3633.719
2024.0;88.0;Vosges;44.0;Grand Est;67155.64031
2021.0;38.0;Isère;84.0;Auvergne-Rhône-Alpes;183819.48234
2023.0;37.0;Indre-et-Loire;24.0;Centre-Val de Loire;969.50616
2023.0;28.0;Eure-et-Loir;24.0;Centre-Val de Loire;136208.013
2024.0;59.0;Nord;32.0;Hauts-de-France;629114.67394
2022.0;79.0;Deux-Sèvres;75.0;Nouvelle-Aquitaine;97860.14669
2018.0;11.0;Aude;76.0;Occitanie;32936.13574
2019.0;82.0;Tarn-et-Garonne;76.0;Occitanie;39704.23926
2024.0;38.0;Isère;84.0;Auvergne-Rhône-Alpes;720851.39991
2022.0;92.0;Hauts-de-Seine;11.0;Île-de-France;5240.51476
2023.0;974.0;La Réunion;4.0;La Réunion;36778.526
2021.0;79.0;Deux-Sèvres;75.0;Nouvelle-Aquitaine;82040.77804
2024.0;54.0;Meurthe-et-Moselle;44.0;Grand Est;217045.99341
2018.0;61.0;Orne;28.0;Normandie;30385.18923
2018.0;40.0;Landes;75.0;Nouvelle-Aquitaine;100193.77006
2018.0;18.0;Cher;24.0;Centre-Val de Loire;28520.58143
2018.0;29.0;Finistère;53.0;Bretagne;119151.898
2024.0;39.0;Jura;27.0;Bourgogne-Franche-Comté;3568.73276
2021.0;40.0;Landes;75.0;Nouvelle-Aquitaine;89099.53627
2024.0;24.0;Dordogne;75.0;Nouvelle-Aquitaine;751.30333
2023.0;10.0;Aube;44.0;Grand Est;3251.83956
2019.0;62.0;Pas-de-Calais;32.0;Hauts-de-France;205967.71783
2024.0;2A;Corse-du-Sud;94.0;Corse;32048.767
2018.0;15.0;Cantal;84.0;Auvergne-Rhône-Alpes;17606.60779
2018.0;14.0;Calvados;28.0;Normandie;166701.67379
2018.0;91.0;Essonne;11.0;Île-de-France;163194.78721
2023.0;2A;Corse-du-Sud;94.0;Corse;33410.844
2021.0;7.0;Ardèche;84.0;Auvergne-Rhône-Alpes;2234.30517
2019.0;3.0;Allier;84.0;Auvergne-Rhône-Alpes;36436.906
2024.0;93.0;Seine-Saint-Denis;11.0;Île-de-France;5231.8329
2023.0;78.0;Yvelines;11.0;Île-de-France;44725.53523
2020.0;2B;Haute-Corse;94.0;Corse;42830.049
2024.0;61.0;Orne;28.0;Normandie;37124.85812
2018.0;12.0;Aveyron;76.0;Occitanie;32278.81816
2021.0;27.0;Eure;28.0;Normandie;6854.57841
2021.0;77.0;Seine-et-Marne;11.0;Île-de-France;11705.08077
2022.0;65.0;Hautes-Pyrénées;76.0;Occitanie;11770.07318
2024.0;92.0;Hauts-de-Seine;11.0;Île-de-France;6135.13436
2018.0;71.0;Saône-et-Loire;27.0;Bourgogne-Franche-Comté;111690.47784
2023.0;61.0;Orne;28.0;Normandie;1138.86792
2020.0;8.0;Ardennes;44.0;Grand Est;1148.51821
2021.0;12.0;Aveyron;76.0;Occitanie;1905.68948
2021.0;30.0;Gard;76.0;Occitanie;4992.91207
2024.0;77.0;Seine-et-Marne;11.0;Île-de-France;48407.38234
2024.0;22.0;Côtes-d'Armor;53.0;Bretagne;17643.54099
2024.0;70.0;Haute-Saône;27.0;Bourgogne-Franche-Comté;4255.998
2022.0;40.0;Landes;75.0;Nouvelle-Aquitaine;87189.19962
2019.0;12.0;Aveyron;76.0;Occitanie;25640.49694
2024.0;13.0;Bouches-du-Rhône;93.0;Provence-Alpes-Côte d'Azur;3973406.30909
2023.0;90.0;Territoire de Belfort;27.0;Bourgogne-Franche-Comté;6562.88611
2019.0;59.0;Nord;32.0;Hauts-de-France;330041.49796
2022.0;85.0;Vendée;52.0;Pays de la Loire;3095.66591
2022.0;60.0;Oise;32.0;Hauts-de-France;40635.18259
2023.0;25.0;Doubs;27.0;Bourgogne-Franche-Comté;4455.84755
2019.0;6.0;Alpes-Maritimes;93.0;Provence-Alpes-Côte d'Azur;160128.78408
2021.0;6.0;Alpes-Maritimes;93.0;Provence-Alpes-Côte d'Azur;10949.56548
2021.0;52.0;Haute-Marne;44.0;Grand Est;6786.95854
2023.0;24.0;Dordogne;75.0;Nouvelle-Aquitaine;931.177
2024.0;60.0;Oise;32.0;Hauts-de-France;182152.37086
2021.0;13.0;Bouches-du-Rhône;93.0;Provence-Alpes-Côte d'Azur;29380.69748
2024.0;3.0;Allier;84.0;Auvergne-Rhône-Alpes;1381.73034
2024.0;45.0;Loiret;24.0;Centre-Val de Loire;9974.71366
2023.0;41.0;Loir-et-Cher;24.0;Centre-Val de Loire;644.275
2018.0;87.0;Haute-Vienne;75.0;Nouvelle-Aquitaine;24089.42646
2019.0;2A;Corse-du-Sud;94.0;Corse;79767.655
2021.0;25.0;Doubs;27.0;Bourgogne-Franche-Comté;5009.59497
2018.0;50.0;Manche;28.0;Normandie;44154.41497
2018.0;75.0;Paris;11.0;Île-de-France;337173.5601
2022.0;971.0;Guadeloupe;1.0;Guadeloupe;64510.256
2018.0;28.0;Eure-et-Loir;24.0;Centre-Val de Loire;204802.24471
2024.0;25.0;Doubs;27.0;Bourgogne-Franche-Comté;4637.37359
2019.0;16.0;Charente;75.0;Nouvelle-Aquitaine;62110.55329
2018.0;38.0;Isère;84.0;Auvergne-Rhône-Alpes;92235.75453
2018.0;83.0;Var;93.0;Provence-Alpes-Côte d'Azur;157064.70745
2023.0;16.0;Charente;75.0;Nouvelle-Aquitaine;524.408
2022.0;28.0;Eure-et-Loir;24.0;Centre-Val de Loire;141948.87209
2020.0;21.0;Côte-d'Or;27.0;Bourgogne-Franche-Comté;10448.78786
2020.0;37.0;Indre-et-Loire;24.0;Centre-Val de Loire;3832.09018
2020.0;70.0;Haute-Saône;27.0;Bourgogne-Franche-Comté;55533.17179
2020.0;68.0;Haut-Rhin;44.0;Grand Est;441398.75267
2020.0;27.0;Eure;28.0;Normandie;13472.95406
2023.0;85.0;Vendée;52.0;Pays de la Loire;24847.50849
2019.0;53.0;Mayenne;52.0;Pays de la Loire;55698.80477
2023.0;6.0;Alpes-Maritimes;93.0;Provence-Alpes-Côte d'Azur;13634.58989
2022.0;23.0;Creuse;75.0;Nouvelle-Aquitaine;44.48858
2018.0;32.0;Gers;76.0;Occitanie;37190.2249
2024.0;19.0;Corrèze;75.0;Nouvelle-Aquitaine;3064.292
2020.0;3.0;Allier;84.0;Auvergne-Rhône-Alpes;1997.81888
2023.0;42.0;Loire;84.0;Auvergne-Rhône-Alpes;2998.88936
2020.0;31.0;Haute-Garonne;76.0;Occitanie;43081.32564
2019.0;78.0;Yvelines;11.0;Île-de-France;201148.55621
2018.0;33.0;Gironde;75.0;Nouvelle-Aquitaine;255143.3955
2021.0;41.0;Loir-et-Cher;24.0;Centre-Val de Loire;1062.38302
2023.0;52.0;Haute-Marne;44.0;Grand Est;3389.686
2024.0;78.0;Yvelines;11.0;Île-de-France;12110.49945
2019.0;58.0;Nièvre;27.0;Bourgogne-Franche-Comté;40279.63643
2020.0;22.0;Côtes-d'Armor;53.0;Bretagne;16461.56956
2022.0;59.0;Nord;32.0;Hauts-de-France;17265.41886
2022.0;58.0;Nièvre;27.0;Bourgogne-Franche-Comté;214.84502
2021.0;39.0;Jura;27.0;Bourgogne-Franche-Comté;4726.13296
2019.0;1.0;Ain;84.0;Auvergne-Rhône-Alpes;49054.65292
2020.0;26.0;Drôme;84.0;Auvergne-Rhône-Alpes;16203.87167
2019.0;2B;Haute-Corse;94.0;Corse;75803.401
2021.0;64.0;Pyrénées-Atlantiques;75.0;Nouvelle-Aquitaine;36669.30882
2021.0;56.0;Morbihan;53.0;Bretagne;6620.92156
2021.0;87.0;Haute-Vienne;75.0;Nouvelle-Aquitaine;2820.53648
2023.0;18.0;Cher;24.0;Centre-Val de Loire;521.74
2020.0;13.0;Bouches-du-Rhône;93.0;Provence-Alpes-Côte d'Azur;16110.271
2018.0;64.0;Pyrénées-Atlantiques;75.0;Nouvelle-Aquitaine;133601.10879
2018.0;35.0;Ille-et-Vilaine;53.0;Bretagne;136301.00275
2020.0;92.0;Hauts-de-Seine;11.0;Île-de-France;42145.05203
2018.0;62.0;Pas-de-Calais;32.0;Hauts-de-France;122311.28759
2018.0;89.0;Yonne;27.0;Bourgogne-Franche-Comté;38807.65791
2020.0;83.0;Var;93.0;Provence-Alpes-Côte d'Azur;11313.52821
2020.0;9.0;Ariège;76.0;Occitanie;1873.12326
2022.0;45.0;Loiret;24.0;Centre-Val de Loire;3445.33052
2023.0;21.0;Côte-d'Or;27.0;Bourgogne-Franche-Comté;1311.827
2019.0;41.0;Loir-et-Cher;24.0;Centre-Val de Loire;42722.14642
2018.0;37.0;Indre-et-Loire;24.0;Centre-Val de Loire;86475.45918
2018.0;74.0;Haute-Savoie;84.0;Auvergne-Rhône-Alpes;88869.58443
2024.0;47.0;Lot-et-Garonne;75.0;Nouvelle-Aquitaine;1539.35
2019.0;45.0;Loiret;24.0;Centre-Val de Loire;111118.20182
2021.0;19.0;Corrèze;75.0;Nouvelle-Aquitaine;862.71351
2020.0;85.0;Vendée;52.0;Pays de la Loire;10922.02551
2023.0;15.0;Cantal;84.0;Auvergne-Rhône-Alpes;473.933
2020.0;34.0;Hérault;76.0;Occitanie;17182.11442
2024.0;8.0;Ardennes;44.0;Grand Est;7498.28483
2021.0;31.0;Haute-Garonne;76.0;Occitanie;23060.51537
2019.0;36.0;Indre;24.0;Centre-Val de Loire;22574.96132
2019.0;76.0;Seine-Maritime;28.0;Normandie;247383.62681
2024.0;86.0;Vienne;75.0;Nouvelle-Aquitaine;36042.48392
2018.0;72.0;Sarthe;52.0;Pays de la Loire;56709.3019
2024.0;43.0;Haute-Loire;84.0;Auvergne-Rhône-Alpes;649.88058
2021.0;57.0;Moselle;44.0;Grand Est;549559.7155
2023.0;46.0;Lot;76.0;Occitanie;674.876
2020.0;30.0;Gard;76.0;Occitanie;7747.10978
2020.0;19.0;Corrèze;75.0;Nouvelle-Aquitaine;1173.03317
2022.0;973.0;Guyane;3.0;Guyane;40826.965
2020.0;973.0;Guyane;3.0;Guyane;63043.95
2019.0;63.0;Puy-de-Dôme;84.0;Auvergne-Rhône-Alpes;54763.22096
2023.0;36.0;Indre;24.0;Centre-Val de Loire;1115.66951
2018.0;21.0;Côte-d'Or;27.0;Bourgogne-Franche-Comté;104572.25341
2023.0;43.0;Haute-Loire;84.0;Auvergne-Rhône-Alpes;690.866
2021.0;90.0;Territoire de Belfort;27.0;Bourgogne-Franche-Comté;1137.82263
2021.0;95.0;Val-d'Oise;11.0;Île-de-France;10267.79694
2019.0;974.0;La Réunion;4.0;La Réunion;74661.309
2018.0;60.0;Oise;32.0;Hauts-de-France;88523.12055
2021.0;70.0;Haute-Saône;27.0;Bourgogne-Franche-Comté;19393.98829
2023.0;19.0;Corrèze;75.0;Nouvelle-Aquitaine;442.41
2019.0;67.0;Bas-Rhin;44.0;Grand Est;1288150.14372
2024.0;21.0;Côte-d'Or;27.0;Bourgogne-Franche-Comté;3828.518
2018.0;24.0;Dordogne;75.0;Nouvelle-Aquitaine;85833.74625
2021.0;2.0;Aisne;32.0;Hauts-de-France;25005.21897
2018.0;54.0;Meurthe-et-Moselle;44.0;Grand Est;63588.9345
2020.0;972.0;Martinique;2.0;Martinique;133945.443
2022.0;37.0;Indre-et-Loire;24.0;Centre-Val de Loire;1316.19805
2024.0;973.0;Guyane;3.0;Guyane;37458.243
2021.0;1.0;Ain;84.0;Auvergne-Rhône-Alpes;8780.31156
2020.0;48.0;Lozère;76.0;Occitanie;533.1738
2018.0;1.0;Ain;84.0;Auvergne-Rhône-Alpes;72529.75966
2020.0;51.0;Marne;44.0;Grand Est;3355.61399
2018.0;23.0;Creuse;75.0;Nouvelle-Aquitaine;29838.92435
2019.0;27.0;Eure;28.0;Normandie;53989.82947
2024.0;32.0;Gers;76.0;Occitanie;671.312
2020.0;80.0;Somme;32.0;Hauts-de-France;137460.08598
2019.0;18.0;Cher;24.0;Centre-Val de Loire;24716.2768
2020.0;7.0;Ardèche;84.0;Auvergne-Rhône-Alpes;8045.65692
2023.0;12.0;Aveyron;76.0;Occitanie;589.435
2023.0;60.0;Oise;32.0;Hauts-de-France;35894.75961
2023.0;72.0;Sarthe;52.0;Pays de la Loire;384.963
2022.0;47.0;Lot-et-Garonne;75.0;Nouvelle-Aquitaine;770.13667
2023.0;58.0;Nièvre;27.0;Bourgogne-Franche-Comté;232.594
2019.0;43.0;Haute-Loire;84.0;Auvergne-Rhône-Alpes;36411.27495
2021.0;34.0;Hérault;76.0;Occitanie;40257.03961
2024.0;79.0;Deux-Sèvres;75.0;Nouvelle-Aquitaine;59857.72271
2023.0;13.0;Bouches-du-Rhône;93.0;Provence-Alpes-Côte d'Azur;63110.99452
2020.0;29.0;Finistère;53.0;Bretagne;6951.01253
2021.0;76.0;Seine-Maritime;28.0;Normandie;39822.76052
2020.0;12.0;Aveyron;76.0;Occitanie;3167.29847
2020.0;46.0;Lot;76.0;Occitanie;1996.247
2020.0;23.0;Creuse;75.0;Nouvelle-Aquitaine;8098.75476
2021.0;86.0;Vienne;75.0;Nouvelle-Aquitaine;114477.50914
2018.0;13.0;Bouches-du-Rhône;93.0;Provence-Alpes-Côte d'Azur;231690.20647
2021.0;49.0;Maine-et-Loire;52.0;Pays de la Loire;4226.91169
2019.0;7.0;Ardèche;84.0;Auvergne-Rhône-Alpes;34039.38784
2023.0;83.0;Var;93.0;Provence-Alpes-Côte d'Azur;5977.97868
2020.0;33.0;Gironde;75.0;Nouvelle-Aquitaine;70727.32452
2022.0;2B;Haute-Corse;94.0;Corse;29789.59
2024.0;81.0;Tarn;76.0;Occitanie;34335.615
2024.0;56.0;Morbihan;53.0;Bretagne;4020.11127
2018.0;10.0;Aube;44.0;Grand Est;21680.10432
2024.0;16.0;Charente;75.0;Nouvelle-Aquitaine;804.09275
2024.0;34.0;Hérault;76.0;Occitanie;50893.06852
2019.0;24.0;Dordogne;75.0;Nouvelle-Aquitaine;76246.99361
2018.0;58.0;Nièvre;27.0;Bourgogne-Franche-Comté;43251.86807
2024.0;49.0;Maine-et-Loire;52.0;Pays de la Loire;158778.60717
2022.0;19.0;Corrèze;75.0;Nouvelle-Aquitaine;394.90924
2023.0;57.0;Moselle;44.0;Grand Est;364420.72873
2021.0;972.0;Martinique;2.0;Martinique;133062.466
2022.0;78.0;Yvelines;11.0;Île-de-France;43326.08618
2022.0;8.0;Ardennes;44.0;Grand Est;2389.94123
2022.0;69.0;Rhône;84.0;Auvergne-Rhône-Alpes;11629.78531
2021.0;65.0;Hautes-Pyrénées;76.0;Occitanie;111678.70565
2023.0;67.0;Bas-Rhin;44.0;Grand Est;118956.267
2022.0;55.0;Meuse;44.0;Grand Est;495.09301
2022.0;68.0;Haut-Rhin;44.0;Grand Est;418548.49764
2022.0;972.0;Martinique;2.0;Martinique;77874.672
2021.0;88.0;Vosges;44.0;Grand Est;4873.07311
2018.0;82.0;Tarn-et-Garonne;76.0;Occitanie;43696.22081
2020.0;24.0;Dordogne;75.0;Nouvelle-Aquitaine;7820.89346
2024.0;974.0;La Réunion;4.0;La Réunion;28028.673
2024.0;80.0;Somme;32.0;Hauts-de-France;74181.43359
2022.0;50.0;Manche;28.0;Normandie;1135.39267
2023.0;81.0;Tarn;76.0;Occitanie;24196.046
2021.0;69.0;Rhône;84.0;Auvergne-Rhône-Alpes;28950.53939
2018.0;69.0;Rhône;84.0;Auvergne-Rhône-Alpes;246696.34399
2020.0;64.0;Pyrénées-Atlantiques;75.0;Nouvelle-Aquitaine;41451.33445
2023.0;45.0;Loiret;24.0;Centre-Val de Loire;1118.084
2022.0;80.0;Somme;32.0;Hauts-de-France;82941.52848
2019.0;73.0;Savoie;84.0;Auvergne-Rhône-Alpes;82055.72065
2020.0;17.0;Charente-Maritime;75.0;Nouvelle-Aquitaine;5177.9898
2021.0;91.0;Essonne;11.0;Île-de-France;17628.0104
2024.0;41.0;Loir-et-Cher;24.0;Centre-Val de Loire;12214.28888
2023.0;48.0;Lozère;76.0;Occitanie;115.956
2018.0;972.0;Martinique;2.0;Martinique;66561.151
2020.0;6.0;Alpes-Maritimes;93.0;Provence-Alpes-Côte d'Azur;14479.75603
2023.0;82.0;Tarn-et-Garonne;76.0;Occitanie;767.58
2024.0;12.0;Aveyron;76.0;Occitanie;945.55083
2018.0;95.0;Val-d'Oise;11.0;Île-de-France;154565.14846
2020.0;11.0;Aude;76.0;Occitanie;10155.11858
2023.0;3.0;Allier;84.0;Auvergne-Rhône-Alpes;632.233
2020.0;45.0;Loiret;24.0;Centre-Val de Loire;5435.65615
2021.0;84.0;Vaucluse;93.0;Provence-Alpes-Côte d'Azur;4878.02751
2019.0;57.0;Moselle;44.0;Grand Est;238679.51048
2023.0;63.0;Puy-de-Dôme;84.0;Auvergne-Rhône-Alpes;1584.26
2021.0;67.0;Bas-Rhin;44.0;Grand Est;636467.91135
2018.0;88.0;Vosges;44.0;Grand Est;32816.37721
2022.0;16.0;Charente;75.0;Nouvelle-Aquitaine;2463.78574
2019.0;54.0;Meurthe-et-Moselle;44.0;Grand Est;54408.51003
2019.0;80.0;Somme;32.0;Hauts-de-France;179348.7037
2024.0;2.0;Aisne;32.0;Hauts-de-France;29567.31958
2018.0;44.0;Loire-Atlantique;52.0;Pays de la Loire;212558.57375
2022.0;2A;Corse-du-Sud;94.0;Corse;36433.804
2024.0;18.0;Cher;24.0;Centre-Val de Loire;4805.72991
2018.0;73.0;Savoie;84.0;Auvergne-Rhône-Alpes;96539.92184
2023.0;64.0;Pyrénées-Atlantiques;75.0;Nouvelle-Aquitaine;4525.591
2021.0;94.0;Val-de-Marne;11.0;Île-de-France;37787.00699
2019.0;66.0;Pyrénées-Orientales;76.0;Occitanie;32113.83711
2020.0;1.0;Ain;84.0;Auvergne-Rhône-Alpes;16279.84803
2022.0;54.0;Meurthe-et-Moselle;44.0;Grand Est;2289.98464
2020.0;78.0;Yvelines;11.0;Île-de-France;62711.81029
2023.0;9.0;Ariège;76.0;Occitanie;1185.439
2019.0;11.0;Aude;76.0;Occitanie;26140.4679
2023.0;70.0;Haute-Saône;27.0;Bourgogne-Franche-Comté;14222.868
2022.0;67.0;Bas-Rhin;44.0;Grand Est;543686.56724
2021.0;89.0;Yonne;27.0;Bourgogne-Franche-Comté;898.39388
2022.0;38.0;Isère;84.0;Auvergne-Rhône-Alpes;176930.07266
2020.0;62.0;Pas-de-Calais;32.0;Hauts-de-France;10516.63101
2018.0;8.0;Ardennes;44.0;Grand Est;20953.48858
2022.0;29.0;Finistère;53.0;Bretagne;2037.00399
2020.0;88.0;Vosges;44.0;Grand Est;3275.09969
2021.0;17.0;Charente-Maritime;75.0;Nouvelle-Aquitaine;4015.2809
2021.0;55.0;Meuse;44.0;Grand Est;679.05314
2022.0;10.0;Aube;44.0;Grand Est;2254.97356
2022.0;53.0;Mayenne;52.0;Pays de la Loire;641.19784
2019.0;77.0;Seine-et-Marne;11.0;Île-de-France;148325.06521
2019.0;5.0;Hautes-Alpes;93.0;Provence-Alpes-Côte d'Azur;56026.41383
2024.0;90.0;Territoire de Belfort;27.0;Bourgogne-Franche-Comté;11130.44765
2019.0;39.0;Jura;27.0;Bourgogne-Franche-Comté;42435.8208
2019.0;8.0;Ardennes;44.0;Grand Est;34607.34041
2021.0;66.0;Pyrénées-Orientales;76.0;Occitanie;4779.10069
2018.0;5.0;Hautes-Alpes;93.0;Provence-Alpes-Côte d'Azur;58985.51539
2018.0;76.0;Seine-Maritime;28.0;Normandie;194185.08729
2018.0;976.0;Mayotte;6.0;Mayotte;40710.247
2023.0;88.0;Vosges;44.0;Grand Est;4715.13314
2018.0;78.0;Yvelines;11.0;Île-de-France;220257.98717
2018.0;94.0;Val-de-Marne;11.0;Île-de-France;192192.26185
2024.0;87.0;Haute-Vienne;75.0;Nouvelle-Aquitaine;116546.49781
2019.0;972.0;Martinique;2.0;Martinique;141038.914
2019.0;30.0;Gard;76.0;Occitanie;58644.83648
2023.0;95.0;Val-d'Oise;11.0;Île-de-France;2296.24374
2023.0;14.0;Calvados;28.0;Normandie;6516.99593
2020.0;36.0;Indre;24.0;Centre-Val de Loire;2395.44423
2018.0;19.0;Corrèze;75.0;Nouvelle-Aquitaine;27010.80765
2020.0;75.0;Paris;11.0;Île-de-France;43520.46925
2021.0;976.0;Mayotte;6.0;Mayotte;49271.798
2020.0;84.0;Vaucluse;93.0;Provence-Alpes-Côte d'Azur;7130.20776
2019.0;70.0;Haute-Saône;27.0;Bourgogne-Franche-Comté;69469.3378
2024.0;30.0;Gard;76.0;Occitanie;1253.85775
2023.0;79.0;Deux-Sèvres;75.0;Nouvelle-Aquitaine;66688.03346
2023.0;94.0;Val-de-Marne;11.0;Île-de-France;24948.63862
2024.0;72.0;Sarthe;52.0;Pays de la Loire;120392.55133
2019.0;64.0;Pyrénées-Atlantiques;75.0;Nouvelle-Aquitaine;121452.83923
2018.0;90.0;Territoire de Belfort;27.0;Bourgogne-Franche-Comté;15290.31083
2020.0;4.0;Alpes-de-Haute-Provence;93.0;Provence-Alpes-Côte d'Azur;1451.97691
2024.0;95.0;Val-d'Oise;11.0;Île-de-France;10285.60148
2020.0;25.0;Doubs;27.0;Bourgogne-Franche-Comté;17998.21598
2021.0;22.0;Côtes-d'Armor;53.0;Bretagne;31312.04552
2018.0;30.0;Gard;76.0;Occitanie;75448.92592
2018.0;51.0;Marne;44.0;Grand Est;86359.19623
2021.0;59.0;Nord;32.0;Hauts-de-France;17774.29262
2018.0;26.0;Drôme;84.0;Auvergne-Rhône-Alpes;61875.52061
2020.0;86.0;Vienne;75.0;Nouvelle-Aquitaine;109020.49127
2024.0;91.0;Essonne;11.0;Île-de-France;12598.7214
2020.0;18.0;Cher;24.0;Centre-Val de Loire;5252.4119
2018.0;16.0;Charente;75.0;Nouvelle-Aquitaine;39257.19491
2021.0;44.0;Loire-Atlantique;52.0;Pays de la Loire;12195.76807
2021.0;78.0;Yvelines;11.0;Île-de-France;25036.88898
2024.0;65.0;Hautes-Pyrénées;76.0;Occitanie;1599.408
2021.0;33.0;Gironde;75.0;Nouvelle-Aquitaine;218921.71157
2021.0;50.0;Manche;28.0;Normandie;19930.65879
2023.0;5.0;Hautes-Alpes;93.0;Provence-Alpes-Côte d'Azur;8237.705
2024.0;10.0;Aube;44.0;Grand Est;6536.85734
2019.0;87.0;Haute-Vienne;75.0;Nouvelle-Aquitaine;20605.87257
2023.0;1.0;Ain;84.0;Auvergne-Rhône-Alpes;14277.85661
2023.0;2.0;Aisne;32.0;Hauts-de-France;51502.83852
2021.0;51.0;Marne;44.0;Grand Est;2134.84809
2022.0;25.0;Doubs;27.0;Bourgogne-Franche-Comté;3530.90906
2022.0;91.0;Essonne;11.0;Île-de-France;84657.46424
2021.0;54.0;Meurthe-et-Moselle;44.0;Grand Est;3322.13017
2024.0;67.0;Bas-Rhin;44.0;Grand Est;384152.42941
2019.0;48.0;Lozère;76.0;Occitanie;7693.11722
2022.0;976.0;Mayotte;6.0;Mayotte;55813.995
