Année;Code département;Libellé département;Code région;Libellé région;Consommation électricité agriculture (MWh)
2012.0;9.0;Ariège;76.0;Occitanie;3698.88
2012.0;10.0;Aube;44.0;Grand Est;32578.98
2012.0;38.0;Isère;84.0;Auvergne-Rhône-Alpes;20301.760000000002
2012.0;84.0;Vaucluse;93.0;Provence-Alpes-Côte d'Azur;25670.8
2012.0;88.0;Vosges;44.0;Grand Est;4205.83
2013.0;36.0;Indre;24.0;Centre-Val de Loire;13666.68
2013.0;68.0;Haut-Rhin;44.0;Grand Est;17186.600000000002
2014.0;11.0;Aude;76.0;Occitanie;15522.58
2014.0;21.0;Côte-d'Or;27.0;Bourgogne-Franche-Comté;10329.65
2014.0;29.0;Finistère;53.0;Bretagne;261598.22
2014.0;36.0;Indre;24.0;Centre-Val de Loire;11686.44
2015.0;29.0;Finistère;53.0;Bretagne;256564.56
2015.0;2B;Haute-Corse;94.0;Corse;0.0
2015.0;75.0;Paris;11.0;Île-de-France;5404.05
2016.0;3.0;Allier;84.0;Auvergne-Rhône-Alpes;30879.41
2016.0;42.0;Loire;84.0;Auvergne-Rhône-Alpes;7736.53
2016.0;57.0;Moselle;44.0;Grand Est;8162.83
2016.0;72.0;Sarthe;52.0;Pays de la Loire;61458.74
2016.0;973.0;Guyane;3.0;Guyane;0.0
2017.0;3.0;Allier;84.0;Auvergne-Rhône-Alpes;27131.78
2017.0;4.0;Alpes-de-Haute-Provence;93.0;Provence-Alpes-Côte d'Azur;14608.13
2017.0;8.0;Ardennes;44.0;Grand Est;8232.08
2017.0;11.0;Aude;76.0;Occitanie;17845.6
2017.0;18.0;Cher;24.0;Centre-Val de Loire;33090.45
2017.0;41.0;Loir-et-Cher;24.0;Centre-Val de Loire;58950.43
2017.0;46.0;Lot;76.0;Occitanie;8016.7
2017.0;48.0;Lozère;76.0;Occitanie;3055.23
2017.0;49.0;Maine-et-Loire;52.0;Pays de la Loire;146504.72
2012.0;35.0;Ille-et-Vilaine;53.0;Bretagne;63229.23
2012.0;45.0;Loiret;24.0;Centre-Val de Loire;71035.03
2012.0;47.0;Lot-et-Garonne;75.0;Nouvelle-Aquitaine;45278.24
2012.0;971.0;Guadeloupe;1.0;Guadeloupe;0.0
2013.0;6.0;Alpes-Maritimes;93.0;Provence-Alpes-Côte d'Azur;4043.4900000000002
2013.0;8.0;Ardennes;44.0;Grand Est;7411.37
2013.0;33.0;Gironde;75.0;Nouvelle-Aquitaine;138687.76
2013.0;50.0;Manche;28.0;Normandie;33629.35
2013.0;52.0;Haute-Marne;44.0;Grand Est;6220.13
2013.0;59.0;Nord;32.0;Hauts-de-France;102230.98
2013.0;83.0;Var;93.0;Provence-Alpes-Côte d'Azur;30813.95
2014.0;28.0;Eure-et-Loir;24.0;Centre-Val de Loire;57191.89
2014.0;56.0;Morbihan;53.0;Bretagne;115473.56
2015.0;2.0;Aisne;32.0;Hauts-de-France;32954.24
2015.0;28.0;Eure-et-Loir;24.0;Centre-Val de Loire;115456.17
2015.0;38.0;Isère;84.0;Auvergne-Rhône-Alpes;25775.87
2015.0;64.0;Pyrénées-Atlantiques;75.0;Nouvelle-Aquitaine;20130.04
2015.0;974.0;La Réunion;4.0;La Réunion;0.0
2016.0;4.0;Alpes-de-Haute-Provence;93.0;Provence-Alpes-Côte d'Azur;14008.53
2016.0;43.0;Haute-Loire;84.0;Auvergne-Rhône-Alpes;8792.3
2016.0;47.0;Lot-et-Garonne;75.0;Nouvelle-Aquitaine;45459.47
2016.0;55.0;Meuse;44.0;Grand Est;7658.68
2016.0;61.0;Orne;28.0;Normandie;11811.23
2017.0;1.0;Ain;84.0;Auvergne-Rhône-Alpes;60468.009999999995
2017.0;14.0;Calvados;28.0;Normandie;23139.22
2017.0;29.0;Finistère;53.0;Bretagne;267799.57
2017.0;51.0;Marne;44.0;Grand Est;46740.32
2017.0;68.0;Haut-Rhin;44.0;Grand Est;34837.91
2012.0;86.0;Vienne;75.0;Nouvelle-Aquitaine;3755.28
2013.0;65.0;Hautes-Pyrénées;76.0;Occitanie;8191.41
2013.0;974.0;La Réunion;4.0;La Réunion;0.0
2014.0;31.0;Haute-Garonne;76.0;Occitanie;13711.55
2015.0;89.0;Yonne;27.0;Bourgogne-Franche-Comté;18995.4
2016.0;36.0;Indre;24.0;Centre-Val de Loire;14442.18
2017.0;25.0;Doubs;27.0;Bourgogne-Franche-Comté;10453.67
2017.0;39.0;Jura;27.0;Bourgogne-Franche-Comté;4895.47
2017.0;78.0;Yvelines;11.0;Île-de-France;9614.32
2012.0;7.0;Ardèche;84.0;Auvergne-Rhône-Alpes;5044.48
2012.0;51.0;Marne;44.0;Grand Est;37959.42
2012.0;63.0;Puy-de-Dôme;84.0;Auvergne-Rhône-Alpes;19856.519999999997
2013.0;49.0;Maine-et-Loire;52.0;Pays de la Loire;138177.47
2014.0;17.0;Charente-Maritime;75.0;Nouvelle-Aquitaine;58308.81
2014.0;37.0;Indre-et-Loire;24.0;Centre-Val de Loire;89540.86
2014.0;67.0;Bas-Rhin;44.0;Grand Est;5761.19
2015.0;19.0;Corrèze;75.0;Nouvelle-Aquitaine;2430.35
2015.0;43.0;Haute-Loire;84.0;Auvergne-Rhône-Alpes;8484.57
2013.0;28.0;Eure-et-Loir;24.0;Centre-Val de Loire;76257.35
2013.0;53.0;Mayenne;52.0;Pays de la Loire;27686.45
2013.0;87.0;Haute-Vienne;75.0;Nouvelle-Aquitaine;3716.24
2014.0;49.0;Maine-et-Loire;52.0;Pays de la Loire;135877.69
2014.0;973.0;Guyane;3.0;Guyane;0.0
2015.0;4.0;Alpes-de-Haute-Provence;93.0;Provence-Alpes-Côte d'Azur;13203.99
2015.0;27.0;Eure;28.0;Normandie;19243.09
2015.0;79.0;Deux-Sèvres;75.0;Nouvelle-Aquitaine;4371.83
2015.0;80.0;Somme;32.0;Hauts-de-France;96760.87
2016.0;24.0;Dordogne;75.0;Nouvelle-Aquitaine;33734.41
2016.0;64.0;Pyrénées-Atlantiques;75.0;Nouvelle-Aquitaine;19655.8
2016.0;73.0;Savoie;84.0;Auvergne-Rhône-Alpes;6472.16
2016.0;86.0;Vienne;75.0;Nouvelle-Aquitaine;3798.5299999999997
2016.0;93.0;Seine-Saint-Denis;11.0;Île-de-France;983.79
2017.0;21.0;Côte-d'Or;27.0;Bourgogne-Franche-Comté;12152.75
2017.0;2B;Haute-Corse;94.0;Corse;9532.0
2017.0;50.0;Manche;28.0;Normandie;38308.52
2017.0;73.0;Savoie;84.0;Auvergne-Rhône-Alpes;6054.55
2012.0;39.0;Jura;27.0;Bourgogne-Franche-Comté;3777.58
2012.0;59.0;Nord;32.0;Hauts-de-France;102971.5
2012.0;93.0;Seine-Saint-Denis;11.0;Île-de-France;1892.96
2013.0;13.0;Bouches-du-Rhône;93.0;Provence-Alpes-Côte d'Azur;64093.770000000004
2013.0;58.0;Nièvre;27.0;Bourgogne-Franche-Comté;10811.02
2013.0;89.0;Yonne;27.0;Bourgogne-Franche-Comté;16716.88
2013.0;972.0;Martinique;2.0;Martinique;0.0
2014.0;58.0;Nièvre;27.0;Bourgogne-Franche-Comté;18631.64
2014.0;72.0;Sarthe;52.0;Pays de la Loire;50803.590000000004
2014.0;84.0;Vaucluse;93.0;Provence-Alpes-Côte d'Azur;26619.68
2014.0;974.0;La Réunion;4.0;La Réunion;0.0
2015.0;37.0;Indre-et-Loire;24.0;Centre-Val de Loire;98074.08
2015.0;58.0;Nièvre;27.0;Bourgogne-Franche-Comté;20438.37
2015.0;971.0;Guadeloupe;1.0;Guadeloupe;0.0
2016.0;8.0;Ardennes;44.0;Grand Est;8100.48
2016.0;11.0;Aude;76.0;Occitanie;17424.26
2016.0;13.0;Bouches-du-Rhône;93.0;Provence-Alpes-Côte d'Azur;64900.24
2016.0;17.0;Charente-Maritime;75.0;Nouvelle-Aquitaine;73317.04
2016.0;50.0;Manche;28.0;Normandie;37139.84
2016.0;58.0;Nièvre;27.0;Bourgogne-Franche-Comté;25400.82
2016.0;71.0;Saône-et-Loire;27.0;Bourgogne-Franche-Comté;12265.210000000001
2017.0;5.0;Hautes-Alpes;93.0;Provence-Alpes-Côte d'Azur;5711.92
2017.0;9.0;Ariège;76.0;Occitanie;5926.43
2017.0;23.0;Creuse;75.0;Nouvelle-Aquitaine;2039.97
2017.0;34.0;Hérault;76.0;Occitanie;30680.87
2017.0;61.0;Orne;28.0;Normandie;12227.25
2017.0;77.0;Seine-et-Marne;11.0;Île-de-France;28917.3
2017.0;95.0;Val-d'Oise;11.0;Île-de-France;5226.7
2013.0;41.0;Loir-et-Cher;24.0;Centre-Val de Loire;52074.33
2014.0;63.0;Puy-de-Dôme;84.0;Auvergne-Rhône-Alpes;19621.42
2014.0;79.0;Deux-Sèvres;75.0;Nouvelle-Aquitaine;2328.08
2014.0;85.0;Vendée;52.0;Pays de la Loire;96492.21
2015.0;6.0;Alpes-Maritimes;93.0;Provence-Alpes-Côte d'Azur;4036.86
2015.0;36.0;Indre;24.0;Centre-Val de Loire;14810.4
2015.0;41.0;Loir-et-Cher;24.0;Centre-Val de Loire;67916.4
2015.0;94.0;Val-de-Marne;11.0;Île-de-France;853.67
2016.0;41.0;Loir-et-Cher;24.0;Centre-Val de Loire;57538.3
2016.0;65.0;Hautes-Pyrénées;76.0;Occitanie;9859.23
2016.0;81.0;Tarn;76.0;Occitanie;20585.53
2017.0;973.0;Guyane;3.0;Guyane;1375.0
2012.0;4.0;Alpes-de-Haute-Provence;93.0;Provence-Alpes-Côte d'Azur;13914.73
2012.0;34.0;Hérault;76.0;Occitanie;26324.11
2012.0;46.0;Lot;76.0;Occitanie;7576.92
2012.0;49.0;Maine-et-Loire;52.0;Pays de la Loire;134509.87
2013.0;4.0;Alpes-de-Haute-Provence;93.0;Provence-Alpes-Côte d'Azur;12578.03
2013.0;46.0;Lot;76.0;Occitanie;7296.67
2013.0;56.0;Morbihan;53.0;Bretagne;114575.83
2013.0;67.0;Bas-Rhin;44.0;Grand Est;5608.21
2013.0;88.0;Vosges;44.0;Grand Est;4602.11
2013.0;93.0;Seine-Saint-Denis;11.0;Île-de-France;1419.16
2014.0;2.0;Aisne;32.0;Hauts-de-France;24832.35
2014.0;23.0;Creuse;75.0;Nouvelle-Aquitaine;1910.74
2014.0;2A;Corse-du-Sud;94.0;Corse;0.0
2014.0;68.0;Haut-Rhin;44.0;Grand Est;13459.18
2014.0;89.0;Yonne;27.0;Bourgogne-Franche-Comté;16673.09
2015.0;62.0;Pas-de-Calais;32.0;Hauts-de-France;65783.2
2015.0;65.0;Hautes-Pyrénées;76.0;Occitanie;9347.27
2015.0;76.0;Seine-Maritime;28.0;Normandie;28739.19
2015.0;92.0;Hauts-de-Seine;11.0;Île-de-France;1871.41
2016.0;22.0;Côtes-d'Armor;53.0;Bretagne;226266.09
2016.0;23.0;Creuse;75.0;Nouvelle-Aquitaine;1950.8600000000001
2016.0;68.0;Haut-Rhin;44.0;Grand Est;31990.510000000002
2016.0;95.0;Val-d'Oise;11.0;Île-de-France;5036.07
2017.0;2A;Corse-du-Sud;94.0;Corse;4008.0
2017.0;65.0;Hautes-Pyrénées;76.0;Occitanie;9191.29
2017.0;85.0;Vendée;52.0;Pays de la Loire;106417.68
2012.0;3.0;Allier;84.0;Auvergne-Rhône-Alpes;22439.26
2012.0;15.0;Cantal;84.0;Auvergne-Rhône-Alpes;1747.5900000000001
2012.0;17.0;Charente-Maritime;75.0;Nouvelle-Aquitaine;67776.86
2012.0;25.0;Doubs;27.0;Bourgogne-Franche-Comté;7039.97
2012.0;73.0;Savoie;84.0;Auvergne-Rhône-Alpes;7393.4
2012.0;92.0;Hauts-de-Seine;11.0;Île-de-France;1603.97
2013.0;25.0;Doubs;27.0;Bourgogne-Franche-Comté;7866.09
2013.0;2B;Haute-Corse;94.0;Corse;0.0
2013.0;71.0;Saône-et-Loire;27.0;Bourgogne-Franche-Comté;10631.7
2013.0;72.0;Sarthe;52.0;Pays de la Loire;58427.36
2013.0;92.0;Hauts-de-Seine;11.0;Île-de-France;1746.46
2014.0;5.0;Hautes-Alpes;93.0;Provence-Alpes-Côte d'Azur;7264.66
2014.0;15.0;Cantal;84.0;Auvergne-Rhône-Alpes;1802.8400000000001
2014.0;30.0;Gard;76.0;Occitanie;28351.850000000002
2014.0;35.0;Ille-et-Vilaine;53.0;Bretagne;66578.04
2014.0;43.0;Haute-Loire;84.0;Auvergne-Rhône-Alpes;10197.71
2014.0;65.0;Hautes-Pyrénées;76.0;Occitanie;5852.36
2015.0;1.0;Ain;84.0;Auvergne-Rhône-Alpes;39971.74
2015.0;45.0;Loiret;24.0;Centre-Val de Loire;100431.44
2015.0;59.0;Nord;32.0;Hauts-de-France;97768.34
2015.0;78.0;Yvelines;11.0;Île-de-France;10951.8
2015.0;86.0;Vienne;75.0;Nouvelle-Aquitaine;3773.59
2016.0;26.0;Drôme;84.0;Auvergne-Rhône-Alpes;56877.16
2016.0;51.0;Marne;44.0;Grand Est;40259.95
2016.0;79.0;Deux-Sèvres;75.0;Nouvelle-Aquitaine;63313.23
2017.0;31.0;Haute-Garonne;76.0;Occitanie;18739.59
2017.0;40.0;Landes;75.0;Nouvelle-Aquitaine;96776.5
2017.0;64.0;Pyrénées-Atlantiques;75.0;Nouvelle-Aquitaine;19138.42
2012.0;62.0;Pas-de-Calais;32.0;Hauts-de-France;56601.67
2012.0;76.0;Seine-Maritime;28.0;Normandie;25112.42
2012.0;87.0;Haute-Vienne;75.0;Nouvelle-Aquitaine;3878.52
2013.0;1.0;Ain;84.0;Auvergne-Rhône-Alpes;32234.43
2013.0;54.0;Meurthe-et-Moselle;44.0;Grand Est;10617.8
2013.0;66.0;Pyrénées-Orientales;76.0;Occitanie;105743.71
2013.0;971.0;Guadeloupe;1.0;Guadeloupe;0.0
2015.0;82.0;Tarn-et-Garonne;76.0;Occitanie;27360.07
2016.0;9.0;Ariège;76.0;Occitanie;4434.78
2016.0;28.0;Eure-et-Loir;24.0;Centre-Val de Loire;84424.85
2016.0;2B;Haute-Corse;94.0;Corse;0.0
2016.0;62.0;Pas-de-Calais;32.0;Hauts-de-France;66419.9
2016.0;67.0;Bas-Rhin;44.0;Grand Est;6281.54
2016.0;76.0;Seine-Maritime;28.0;Normandie;29537.75
2016.0;78.0;Yvelines;11.0;Île-de-France;9778.52
2017.0;53.0;Mayenne;52.0;Pays de la Loire;34080.24
2017.0;87.0;Haute-Vienne;75.0;Nouvelle-Aquitaine;3621.07
2017.0;90.0;Territoire de Belfort;27.0;Bourgogne-Franche-Comté;1069.67
2017.0;972.0;Martinique;2.0;Martinique;7265.0
2012.0;16.0;Charente;75.0;Nouvelle-Aquitaine;45591.12
2012.0;26.0;Drôme;84.0;Auvergne-Rhône-Alpes;49144.23
2012.0;30.0;Gard;76.0;Occitanie;27967.22
2012.0;41.0;Loir-et-Cher;24.0;Centre-Val de Loire;45610.39
2012.0;48.0;Lozère;76.0;Occitanie;4637.099999999999
2012.0;66.0;Pyrénées-Orientales;76.0;Occitanie;107819.33
2012.0;80.0;Somme;32.0;Hauts-de-France;45944.59
2012.0;91.0;Essonne;11.0;Île-de-France;9348.69
2013.0;24.0;Dordogne;75.0;Nouvelle-Aquitaine;32155.18
2013.0;27.0;Eure;28.0;Normandie;16944.17
2013.0;45.0;Loiret;24.0;Centre-Val de Loire;70882.45
2013.0;90.0;Territoire de Belfort;27.0;Bourgogne-Franche-Comté;92.93
2014.0;2B;Haute-Corse;94.0;Corse;0.0
2014.0;71.0;Saône-et-Loire;27.0;Bourgogne-Franche-Comté;10589.4
2014.0;80.0;Somme;32.0;Hauts-de-France;90163.51
2014.0;94.0;Val-de-Marne;11.0;Île-de-France;798.27
2015.0;21.0;Côte-d'Or;27.0;Bourgogne-Franche-Comté;11215.64
2015.0;46.0;Lot;76.0;Occitanie;7980.04
2015.0;972.0;Martinique;2.0;Martinique;0.0
2016.0;14.0;Calvados;28.0;Normandie;22090.079999999998
2016.0;39.0;Jura;27.0;Bourgogne-Franche-Comté;4493.26
2016.0;69.0;Rhône;84.0;Auvergne-Rhône-Alpes;12081.369999999999
2016.0;976.0;Mayotte;6.0;Mayotte;428.54
2017.0;36.0;Indre;24.0;Centre-Val de Loire;14042.55
2017.0;38.0;Isère;84.0;Auvergne-Rhône-Alpes;28281.67
2017.0;84.0;Vaucluse;93.0;Provence-Alpes-Côte d'Azur;33712.26
2012.0;56.0;Morbihan;53.0;Bretagne;109574.79000000001
2012.0;61.0;Orne;28.0;Normandie;8652.54
2012.0;65.0;Hautes-Pyrénées;76.0;Occitanie;8587.24
2012.0;85.0;Vendée;52.0;Pays de la Loire;101603.92
2013.0;12.0;Aveyron;76.0;Occitanie;15169.050000000001
2017.0;81.0;Tarn;76.0;Occitanie;20169.31
2012.0;78.0;Yvelines;11.0;Île-de-France;8618.72
2012.0;79.0;Deux-Sèvres;75.0;Nouvelle-Aquitaine;2662.1099999999997
2012.0;95.0;Val-d'Oise;11.0;Île-de-France;5093.08
2013.0;29.0;Finistère;53.0;Bretagne;261169.13
2013.0;63.0;Puy-de-Dôme;84.0;Auvergne-Rhône-Alpes;20150.41
2013.0;74.0;Haute-Savoie;84.0;Auvergne-Rhône-Alpes;9312.5
2014.0;19.0;Corrèze;75.0;Nouvelle-Aquitaine;2293.07
2014.0;27.0;Eure;28.0;Normandie;17084.54
2014.0;69.0;Rhône;84.0;Auvergne-Rhône-Alpes;9946.1
2014.0;93.0;Seine-Saint-Denis;11.0;Île-de-France;1033.53
2015.0;39.0;Jura;27.0;Bourgogne-Franche-Comté;4514.1
2015.0;40.0;Landes;75.0;Nouvelle-Aquitaine;113651.02
2015.0;66.0;Pyrénées-Orientales;76.0;Occitanie;14257.11
2015.0;95.0;Val-d'Oise;11.0;Île-de-France;5190.43
2016.0;6.0;Alpes-Maritimes;93.0;Provence-Alpes-Côte d'Azur;3718.89
2016.0;75.0;Paris;11.0;Île-de-France;4697.41
2016.0;94.0;Val-de-Marne;11.0;Île-de-France;866.04
2017.0;2.0;Aisne;32.0;Hauts-de-France;35424.71
2017.0;10.0;Aube;44.0;Grand Est;48777.03
2017.0;12.0;Aveyron;76.0;Occitanie;22666.97
2017.0;19.0;Corrèze;75.0;Nouvelle-Aquitaine;2552.93
2017.0;55.0;Meuse;44.0;Grand Est;8673.06
2013.0;2A;Corse-du-Sud;94.0;Corse;0.0
2013.0;61.0;Orne;28.0;Normandie;10244.26
2013.0;76.0;Seine-Maritime;28.0;Normandie;26473.91
2013.0;86.0;Vienne;75.0;Nouvelle-Aquitaine;3120.98
2014.0;12.0;Aveyron;76.0;Occitanie;20399.29
2014.0;64.0;Pyrénées-Atlantiques;75.0;Nouvelle-Aquitaine;18318.79
2015.0;8.0;Ardennes;44.0;Grand Est;9383.81
2015.0;16.0;Charente;75.0;Nouvelle-Aquitaine;42543.23
2015.0;42.0;Loire;84.0;Auvergne-Rhône-Alpes;7286.48
2015.0;84.0;Vaucluse;93.0;Provence-Alpes-Côte d'Azur;28841.98
2016.0;31.0;Haute-Garonne;76.0;Occitanie;19085.81
2016.0;38.0;Isère;84.0;Auvergne-Rhône-Alpes;25221.719999999998
2012.0;19.0;Corrèze;75.0;Nouvelle-Aquitaine;2326.35
2012.0;55.0;Meuse;44.0;Grand Est;7256.04
2012.0;60.0;Oise;32.0;Hauts-de-France;9431.119999999999
2012.0;82.0;Tarn-et-Garonne;76.0;Occitanie;25649.11
2013.0;39.0;Jura;27.0;Bourgogne-Franche-Comté;3950.32
2014.0;57.0;Moselle;44.0;Grand Est;7272.13
2014.0;95.0;Val-d'Oise;11.0;Île-de-France;4750.63
2016.0;12.0;Aveyron;76.0;Occitanie;19087.46
2016.0;56.0;Morbihan;53.0;Bretagne;121554.52
2016.0;84.0;Vaucluse;93.0;Provence-Alpes-Côte d'Azur;31721.06
2012.0;8.0;Ardennes;44.0;Grand Est;6830.47
2012.0;68.0;Haut-Rhin;44.0;Grand Est;15009.53
2012.0;77.0;Seine-et-Marne;11.0;Île-de-France;26124.69
2013.0;5.0;Hautes-Alpes;93.0;Provence-Alpes-Côte d'Azur;6295.91
2012.0;14.0;Calvados;28.0;Normandie;17896.98
2012.0;64.0;Pyrénées-Atlantiques;75.0;Nouvelle-Aquitaine;20260.52
2013.0;48.0;Lozère;76.0;Occitanie;3874.7000000000003
2013.0;64.0;Pyrénées-Atlantiques;75.0;Nouvelle-Aquitaine;19075.71
2013.0;84.0;Vaucluse;93.0;Provence-Alpes-Côte d'Azur;25541.64
2013.0;95.0;Val-d'Oise;11.0;Île-de-France;4752.7
2014.0;14.0;Calvados;28.0;Normandie;19990.72
2014.0;16.0;Charente;75.0;Nouvelle-Aquitaine;32582.92
2014.0;46.0;Lot;76.0;Occitanie;7251.53
2014.0;88.0;Vosges;44.0;Grand Est;4531.4400000000005
2015.0;11.0;Aude;76.0;Occitanie;16613.91
2015.0;14.0;Calvados;28.0;Normandie;21037.6
2012.0;81.0;Tarn;76.0;Occitanie;16476.01
2013.0;40.0;Landes;75.0;Nouvelle-Aquitaine;105356.84
2013.0;60.0;Oise;32.0;Hauts-de-France;10036.98
2013.0;973.0;Guyane;3.0;Guyane;0.0
2015.0;52.0;Haute-Marne;44.0;Grand Est;5710.719999999999
2015.0;61.0;Orne;28.0;Normandie;11661.32
2015.0;90.0;Territoire de Belfort;27.0;Bourgogne-Franche-Comté;372.06
2016.0;48.0;Lozère;76.0;Occitanie;2393.36
2017.0;54.0;Meurthe-et-Moselle;44.0;Grand Est;10693.119999999999
2017.0;71.0;Saône-et-Loire;27.0;Bourgogne-Franche-Comté;12412.78
2012.0;50.0;Manche;28.0;Normandie;32932.22
2012.0;57.0;Moselle;44.0;Grand Est;6044.74
2014.0;55.0;Meuse;44.0;Grand Est;7706.83
2014.0;90.0;Territoire de Belfort;27.0;Bourgogne-Franche-Comté;97.96
2016.0;83.0;Var;93.0;Provence-Alpes-Côte d'Azur;31439.8
2017.0;22.0;Côtes-d'Armor;53.0;Bretagne;229236.63
2012.0;12.0;Aveyron;76.0;Occitanie;12788.65
2012.0;54.0;Meurthe-et-Moselle;44.0;Grand Est;9957.61
2012.0;75.0;Paris;11.0;Île-de-France;6356.2
2013.0;2.0;Aisne;32.0;Hauts-de-France;24021.49
2013.0;10.0;Aube;44.0;Grand Est;32469.93
2013.0;15.0;Cantal;84.0;Auvergne-Rhône-Alpes;1843.49
2016.0;971.0;Guadeloupe;1.0;Guadeloupe;0.0
2016.0;974.0;La Réunion;4.0;La Réunion;0.0
2017.0;42.0;Loire;84.0;Auvergne-Rhône-Alpes;8439.95
2017.0;57.0;Moselle;44.0;Grand Est;8122.42
2017.0;94.0;Val-de-Marne;11.0;Île-de-France;1030.72
2017.0;974.0;La Réunion;4.0;La Réunion;18686.0
2017.0;976.0;Mayotte;6.0;Mayotte;423.20000000000005
2013.0;35.0;Ille-et-Vilaine;53.0;Bretagne;65158.33
2013.0;75.0;Paris;11.0;Île-de-France;6514.22
2013.0;82.0;Tarn-et-Garonne;76.0;Occitanie;24565.86
2014.0;33.0;Gironde;75.0;Nouvelle-Aquitaine;140787.47
2014.0;86.0;Vienne;75.0;Nouvelle-Aquitaine;2309.07
2015.0;5.0;Hautes-Alpes;93.0;Provence-Alpes-Côte d'Azur;6448.65
2015.0;9.0;Ariège;76.0;Occitanie;4255.43
2015.0;22.0;Côtes-d'Armor;53.0;Bretagne;215769.83
2015.0;2A;Corse-du-Sud;94.0;Corse;0.0
2015.0;32.0;Gers;76.0;Occitanie;53397.2
2015.0;71.0;Saône-et-Loire;27.0;Bourgogne-Franche-Comté;11782.550000000001
2016.0;1.0;Ain;84.0;Auvergne-Rhône-Alpes;35497.01
2016.0;46.0;Lot;76.0;Occitanie;7927.04
2016.0;60.0;Oise;32.0;Hauts-de-France;19145.07
2016.0;87.0;Haute-Vienne;75.0;Nouvelle-Aquitaine;3903.86
2016.0;92.0;Hauts-de-Seine;11.0;Île-de-France;1427.27
2017.0;33.0;Gironde;75.0;Nouvelle-Aquitaine;154442.96
2017.0;74.0;Haute-Savoie;84.0;Auvergne-Rhône-Alpes;12732.58
2017.0;82.0;Tarn-et-Garonne;76.0;Occitanie;26719.59
2017.0;83.0;Var;93.0;Provence-Alpes-Côte d'Azur;33517.28
2013.0;94.0;Val-de-Marne;11.0;Île-de-France;823.82
2014.0;1.0;Ain;84.0;Auvergne-Rhône-Alpes;29371.36
2014.0;22.0;Côtes-d'Armor;53.0;Bretagne;219578.54
2014.0;40.0;Landes;75.0;Nouvelle-Aquitaine;99645.55
2014.0;52.0;Haute-Marne;44.0;Grand Est;6024.89
2014.0;74.0;Haute-Savoie;84.0;Auvergne-Rhône-Alpes;9254.16
2014.0;76.0;Seine-Maritime;28.0;Normandie;28864.09
2015.0;12.0;Aveyron;76.0;Occitanie;18213.64
2015.0;44.0;Loire-Atlantique;52.0;Pays de la Loire;65467.69
2016.0;16.0;Charente;75.0;Nouvelle-Aquitaine;46527.01
2016.0;44.0;Loire-Atlantique;52.0;Pays de la Loire;67947.88
2016.0;59.0;Nord;32.0;Hauts-de-France;106707.11
2016.0;63.0;Puy-de-Dôme;84.0;Auvergne-Rhône-Alpes;23203.47
2017.0;43.0;Haute-Loire;84.0;Auvergne-Rhône-Alpes;10623.1
2012.0;5.0;Hautes-Alpes;93.0;Provence-Alpes-Côte d'Azur;6462.15
2012.0;58.0;Nièvre;27.0;Bourgogne-Franche-Comté;9537.28
2013.0;11.0;Aude;76.0;Occitanie;15705.24
2013.0;23.0;Creuse;75.0;Nouvelle-Aquitaine;1781.97
2013.0;31.0;Haute-Garonne;76.0;Occitanie;16436.59
2013.0;51.0;Marne;44.0;Grand Est;37675.590000000004
2013.0;70.0;Haute-Saône;27.0;Bourgogne-Franche-Comté;4341.42
2014.0;26.0;Drôme;84.0;Auvergne-Rhône-Alpes;51674.67
2014.0;54.0;Meurthe-et-Moselle;44.0;Grand Est;11508.19
2014.0;61.0;Orne;28.0;Normandie;10660.55
2014.0;77.0;Seine-et-Marne;11.0;Île-de-France;27343.02
2014.0;81.0;Tarn;76.0;Occitanie;14877.1
2015.0;30.0;Gard;76.0;Occitanie;28564.67
2015.0;31.0;Haute-Garonne;76.0;Occitanie;18016.45
2015.0;35.0;Ille-et-Vilaine;53.0;Bretagne;67711.22
2015.0;63.0;Puy-de-Dôme;84.0;Auvergne-Rhône-Alpes;21061.75
2015.0;85.0;Vendée;52.0;Pays de la Loire;107168.93
2016.0;27.0;Eure;28.0;Normandie;18621.68
2016.0;35.0;Ille-et-Vilaine;53.0;Bretagne;74110.66
2016.0;66.0;Pyrénées-Orientales;76.0;Occitanie;13995.14
2016.0;77.0;Seine-et-Marne;11.0;Île-de-France;27675.25
2016.0;91.0;Essonne;11.0;Île-de-France;10523.19
2017.0;6.0;Alpes-Maritimes;93.0;Provence-Alpes-Côte d'Azur;4154.18
2017.0;28.0;Eure-et-Loir;24.0;Centre-Val de Loire;90092.08
2017.0;44.0;Loire-Atlantique;52.0;Pays de la Loire;70833.63
2017.0;45.0;Loiret;24.0;Centre-Val de Loire;76510.58
2017.0;89.0;Yonne;27.0;Bourgogne-Franche-Comté;18958.1
2017.0;93.0;Seine-Saint-Denis;11.0;Île-de-France;785.52
2013.0;44.0;Loire-Atlantique;52.0;Pays de la Loire;66600.02
2014.0;7.0;Ardèche;84.0;Auvergne-Rhône-Alpes;5062.66
2014.0;10.0;Aube;44.0;Grand Est;35619.3
2014.0;18.0;Cher;24.0;Centre-Val de Loire;23871.04
2014.0;24.0;Dordogne;75.0;Nouvelle-Aquitaine;28186.12
2014.0;34.0;Hérault;76.0;Occitanie;27844.81
2014.0;47.0;Lot-et-Garonne;75.0;Nouvelle-Aquitaine;39766.78
2014.0;53.0;Mayenne;52.0;Pays de la Loire;29128.5
2015.0;13.0;Bouches-du-Rhône;93.0;Provence-Alpes-Côte d'Azur;63541.53
2015.0;49.0;Maine-et-Loire;52.0;Pays de la Loire;143809.48
2015.0;69.0;Rhône;84.0;Auvergne-Rhône-Alpes;11578.88
2016.0;5.0;Hautes-Alpes;93.0;Provence-Alpes-Côte d'Azur;6184.17
2016.0;10.0;Aube;44.0;Grand Est;51876.99
2016.0;15.0;Cantal;84.0;Auvergne-Rhône-Alpes;2225.99
2017.0;35.0;Ille-et-Vilaine;53.0;Bretagne;76322.43000000001
2017.0;59.0;Nord;32.0;Hauts-de-France;121330.39
2017.0;60.0;Oise;32.0;Hauts-de-France;22536.51
2017.0;91.0;Essonne;11.0;Île-de-France;12001.58
2012.0;13.0;Bouches-du-Rhône;93.0;Provence-Alpes-Côte d'Azur;65115.229999999996
2012.0;2A;Corse-du-Sud;94.0;Corse;0.0
2012.0;32.0;Gers;76.0;Occitanie;51222.29
2012.0;44.0;Loire-Atlantique;52.0;Pays de la Loire;64721.01
2012.0;53.0;Mayenne;52.0;Pays de la Loire;27236.68
2012.0;69.0;Rhône;84.0;Auvergne-Rhône-Alpes;9232.28
2012.0;972.0;Martinique;2.0;Martinique;0.0
2013.0;17.0;Charente-Maritime;75.0;Nouvelle-Aquitaine;66123.26
2013.0;57.0;Moselle;44.0;Grand Est;6299.389999999999
2013.0;78.0;Yvelines;11.0;Île-de-France;9672.44
2013.0;91.0;Essonne;11.0;Île-de-France;9157.89
2014.0;13.0;Bouches-du-Rhône;93.0;Provence-Alpes-Côte d'Azur;62462.59
2014.0;39.0;Jura;27.0;Bourgogne-Franche-Comté;4027.87
2014.0;50.0;Manche;28.0;Normandie;35134.34
2014.0;51.0;Marne;44.0;Grand Est;39603.75
2014.0;82.0;Tarn-et-Garonne;76.0;Occitanie;26232.99
2015.0;3.0;Allier;84.0;Auvergne-Rhône-Alpes;30309.44
2015.0;26.0;Drôme;84.0;Auvergne-Rhône-Alpes;57225.909999999996
2015.0;47.0;Lot-et-Garonne;75.0;Nouvelle-Aquitaine;46185.87
2015.0;57.0;Moselle;44.0;Grand Est;13360.9
2016.0;29.0;Finistère;53.0;Bretagne;277158.5
2016.0;82.0;Tarn-et-Garonne;76.0;Occitanie;27384.26
2017.0;16.0;Charente;75.0;Nouvelle-Aquitaine;33999.54
2017.0;24.0;Dordogne;75.0;Nouvelle-Aquitaine;30580.02
2017.0;30.0;Gard;76.0;Occitanie;32074.9
2017.0;37.0;Indre-et-Loire;24.0;Centre-Val de Loire;88913.81
2012.0;29.0;Finistère;53.0;Bretagne;259878.08
2013.0;37.0;Indre-et-Loire;24.0;Centre-Val de Loire;92179.03
2013.0;47.0;Lot-et-Garonne;75.0;Nouvelle-Aquitaine;41805.96
2014.0;6.0;Alpes-Maritimes;93.0;Provence-Alpes-Côte d'Azur;3798.63
2014.0;41.0;Loir-et-Cher;24.0;Centre-Val de Loire;44819.52
2014.0;42.0;Loire;84.0;Auvergne-Rhône-Alpes;6883.42
2015.0;50.0;Manche;28.0;Normandie;35260.97
2015.0;73.0;Savoie;84.0;Auvergne-Rhône-Alpes;7781.93
2015.0;93.0;Seine-Saint-Denis;11.0;Île-de-France;939.59
2017.0;56.0;Morbihan;53.0;Bretagne;119400.49
2017.0;70.0;Haute-Saône;27.0;Bourgogne-Franche-Comté;5645.41
2017.0;75.0;Paris;11.0;Île-de-France;5909.9
2012.0;22.0;Côtes-d'Armor;53.0;Bretagne;214783.06
2012.0;28.0;Eure-et-Loir;24.0;Centre-Val de Loire;64631.3
2013.0;7.0;Ardèche;84.0;Auvergne-Rhône-Alpes;5103.13
2013.0;16.0;Charente;75.0;Nouvelle-Aquitaine;41154.3
2013.0;18.0;Cher;24.0;Centre-Val de Loire;35401.25
2013.0;69.0;Rhône;84.0;Auvergne-Rhône-Alpes;9643.13
2013.0;73.0;Savoie;84.0;Auvergne-Rhône-Alpes;7958.02
2014.0;3.0;Allier;84.0;Auvergne-Rhône-Alpes;18473.07
2014.0;8.0;Ardennes;44.0;Grand Est;8477.949999999999
2014.0;25.0;Doubs;27.0;Bourgogne-Franche-Comté;8284.27
2014.0;78.0;Yvelines;11.0;Île-de-France;8381.13
2014.0;91.0;Essonne;11.0;Île-de-France;8930.12
2014.0;971.0;Guadeloupe;1.0;Guadeloupe;0.0
2015.0;7.0;Ardèche;84.0;Auvergne-Rhône-Alpes;5033.92
2016.0;33.0;Gironde;75.0;Nouvelle-Aquitaine;154425.16
2016.0;37.0;Indre-et-Loire;24.0;Centre-Val de Loire;108338.73
2016.0;90.0;Territoire de Belfort;27.0;Bourgogne-Franche-Comté;808.5600000000001
2017.0;67.0;Bas-Rhin;44.0;Grand Est;31149.1
2012.0;6.0;Alpes-Maritimes;93.0;Provence-Alpes-Côte d'Azur;4728.24
2012.0;21.0;Côte-d'Or;27.0;Bourgogne-Franche-Comté;11707.99
2012.0;37.0;Indre-et-Loire;24.0;Centre-Val de Loire;83355.41
2012.0;70.0;Haute-Saône;27.0;Bourgogne-Franche-Comté;4179.71
2012.0;71.0;Saône-et-Loire;27.0;Bourgogne-Franche-Comté;10211.22
2012.0;90.0;Territoire de Belfort;27.0;Bourgogne-Franche-Comté;96.38000000000001
2012.0;973.0;Guyane;3.0;Guyane;0.0
2013.0;9.0;Ariège;76.0;Occitanie;3718.7599999999998
2013.0;22.0;Côtes-d'Armor;53.0;Bretagne;216850.24
2014.0;9.0;Ariège;76.0;Occitanie;3447.29
2014.0;48.0;Lozère;76.0;Occitanie;2291.43
2014.0;60.0;Oise;32.0;Hauts-de-France;9442.65
2014.0;972.0;Martinique;2.0;Martinique;0.0
2015.0;34.0;Hérault;76.0;Occitanie;28453.93
2015.0;51.0;Marne;44.0;Grand Est;41927.25
2015.0;55.0;Meuse;44.0;Grand Est;7771.56
2015.0;72.0;Sarthe;52.0;Pays de la Loire;63627.05
2016.0;7.0;Ardèche;84.0;Auvergne-Rhône-Alpes;5637.03
2016.0;32.0;Gers;76.0;Occitanie;55292.97
2016.0;52.0;Haute-Marne;44.0;Grand Est;5902.0
2016.0;74.0;Haute-Savoie;84.0;Auvergne-Rhône-Alpes;15261.050000000001
2016.0;85.0;Vendée;52.0;Pays de la Loire;111755.16
2016.0;972.0;Martinique;2.0;Martinique;0.0
2017.0;62.0;Pas-de-Calais;32.0;Hauts-de-France;73121.5
2017.0;72.0;Sarthe;52.0;Pays de la Loire;62962.3
2017.0;76.0;Seine-Maritime;28.0;Normandie;31888.079999999998
2017.0;86.0;Vienne;75.0;Nouvelle-Aquitaine;72399.02
2017.0;971.0;Guadeloupe;1.0;Guadeloupe;3751.0
2012.0;67.0;Bas-Rhin;44.0;Grand Est;4976.92
2012.0;74.0;Haute-Savoie;84.0;Auvergne-Rhône-Alpes;8488.800000000001
2012.0;83.0;Var;93.0;Provence-Alpes-Côte d'Azur;30216.65
2012.0;94.0;Val-de-Marne;11.0;Île-de-France;1005.31
2013.0;3.0;Allier;84.0;Auvergne-Rhône-Alpes;22724.33
2013.0;30.0;Gard;76.0;Occitanie;28266.19
2013.0;38.0;Isère;84.0;Auvergne-Rhône-Alpes;19780.12
2013.0;81.0;Tarn;76.0;Occitanie;16077.699999999999
2014.0;32.0;Gers;76.0;Occitanie;41858.06
2014.0;87.0;Haute-Vienne;75.0;Nouvelle-Aquitaine;3510.1
2015.0;67.0;Bas-Rhin;44.0;Grand Est;7679.84
2015.0;81.0;Tarn;76.0;Occitanie;22098.15
2015.0;973.0;Guyane;3.0;Guyane;0.0
2016.0;2A;Corse-du-Sud;94.0;Corse;0.0
2016.0;54.0;Meurthe-et-Moselle;44.0;Grand Est;11027.27
2017.0;13.0;Bouches-du-Rhône;93.0;Provence-Alpes-Côte d'Azur;71617.4
2017.0;17.0;Charente-Maritime;75.0;Nouvelle-Aquitaine;60805.2
2012.0;1.0;Ain;84.0;Auvergne-Rhône-Alpes;29907.4
2012.0;18.0;Cher;24.0;Centre-Val de Loire;32533.21
2012.0;40.0;Landes;75.0;Nouvelle-Aquitaine;124701.75
2012.0;43.0;Haute-Loire;84.0;Auvergne-Rhône-Alpes;10379.57
2012.0;72.0;Sarthe;52.0;Pays de la Loire;51589.85
2013.0;21.0;Côte-d'Or;27.0;Bourgogne-Franche-Comté;11215.17
2013.0;42.0;Loire;84.0;Auvergne-Rhône-Alpes;6469.98
2013.0;62.0;Pas-de-Calais;32.0;Hauts-de-France;66180.35
2013.0;77.0;Seine-et-Marne;11.0;Île-de-France;27151.63
2014.0;70.0;Haute-Saône;27.0;Bourgogne-Franche-Comté;4342.099999999999
2015.0;24.0;Dordogne;75.0;Nouvelle-Aquitaine;33167.78
2015.0;53.0;Mayenne;52.0;Pays de la Loire;28785.26
2015.0;68.0;Haut-Rhin;44.0;Grand Est;21494.920000000002
2015.0;91.0;Essonne;11.0;Île-de-France;13239.5
2016.0;19.0;Corrèze;75.0;Nouvelle-Aquitaine;2393.25
2016.0;30.0;Gard;76.0;Occitanie;29513.16
2016.0;40.0;Landes;75.0;Nouvelle-Aquitaine;119351.09
2016.0;49.0;Maine-et-Loire;52.0;Pays de la Loire;146908.25
2017.0;7.0;Ardèche;84.0;Auvergne-Rhône-Alpes;8741.36
2017.0;32.0;Gers;76.0;Occitanie;49378.87
2017.0;52.0;Haute-Marne;44.0;Grand Est;6169.38
2017.0;63.0;Puy-de-Dôme;84.0;Auvergne-Rhône-Alpes;24476.91
2017.0;79.0;Deux-Sèvres;75.0;Nouvelle-Aquitaine;62647.81
2017.0;80.0;Somme;32.0;Hauts-de-France;102185.72
2017.0;92.0;Hauts-de-Seine;11.0;Île-de-France;5054.370000000001
2012.0;11.0;Aude;76.0;Occitanie;15301.04
2012.0;24.0;Dordogne;75.0;Nouvelle-Aquitaine;34254.95
2012.0;2B;Haute-Corse;94.0;Corse;0.0
2012.0;31.0;Haute-Garonne;76.0;Occitanie;18659.31
2013.0;32.0;Gers;76.0;Occitanie;51400.08
2014.0;38.0;Isère;84.0;Auvergne-Rhône-Alpes;19519.08
2014.0;45.0;Loiret;24.0;Centre-Val de Loire;58374.68
2014.0;62.0;Pas-de-Calais;32.0;Hauts-de-France;63986.76
2014.0;73.0;Savoie;84.0;Auvergne-Rhône-Alpes;8897.2
2014.0;75.0;Paris;11.0;Île-de-France;5238.45
2015.0;10.0;Aube;44.0;Grand Est;48597.05
2015.0;17.0;Charente-Maritime;75.0;Nouvelle-Aquitaine;70109.88
2015.0;23.0;Creuse;75.0;Nouvelle-Aquitaine;1978.28
2015.0;48.0;Lozère;76.0;Occitanie;2374.5
2015.0;77.0;Seine-et-Marne;11.0;Île-de-France;34984.71
2015.0;83.0;Var;93.0;Provence-Alpes-Côte d'Azur;30640.3
2015.0;87.0;Haute-Vienne;75.0;Nouvelle-Aquitaine;3745.93
2015.0;976.0;Mayotte;6.0;Mayotte;409.7
2016.0;25.0;Doubs;27.0;Bourgogne-Franche-Comté;9840.39
2016.0;45.0;Loiret;24.0;Centre-Val de Loire;78123.62
2016.0;80.0;Somme;32.0;Hauts-de-France;90617.15
2016.0;89.0;Yonne;27.0;Bourgogne-Franche-Comté;18375.09
2017.0;26.0;Drôme;84.0;Auvergne-Rhône-Alpes;59954.65
2017.0;27.0;Eure;28.0;Normandie;20405.97
2017.0;58.0;Nièvre;27.0;Bourgogne-Franche-Comté;27606.0
2017.0;88.0;Vosges;44.0;Grand Est;4980.64
2012.0;2.0;Aisne;32.0;Hauts-de-France;22131.31
2012.0;23.0;Creuse;75.0;Nouvelle-Aquitaine;1315.92
2012.0;27.0;Eure;28.0;Normandie;15637.66
2012.0;42.0;Loire;84.0;Auvergne-Rhône-Alpes;6082.4800000000005
2012.0;974.0;La Réunion;4.0;La Réunion;0.0
2013.0;19.0;Corrèze;75.0;Nouvelle-Aquitaine;2246.39
2013.0;34.0;Hérault;76.0;Occitanie;26850.64
2013.0;43.0;Haute-Loire;84.0;Auvergne-Rhône-Alpes;11103.96
2013.0;55.0;Meuse;44.0;Grand Est;7470.99
2013.0;80.0;Somme;32.0;Hauts-de-France;88200.8
2013.0;85.0;Vendée;52.0;Pays de la Loire;103668.68000000001
2014.0;4.0;Alpes-de-Haute-Provence;93.0;Provence-Alpes-Côte d'Azur;13602.539999999999
2014.0;44.0;Loire-Atlantique;52.0;Pays de la Loire;63047.86
2015.0;25.0;Doubs;27.0;Bourgogne-Franche-Comté;8852.44
2015.0;33.0;Gironde;75.0;Nouvelle-Aquitaine;154318.23
2015.0;56.0;Morbihan;53.0;Bretagne;114567.22
2015.0;88.0;Vosges;44.0;Grand Est;4988.26
2016.0;34.0;Hérault;76.0;Occitanie;29870.22
2016.0;70.0;Haute-Saône;27.0;Bourgogne-Franche-Comté;5236.12
2016.0;88.0;Vosges;44.0;Grand Est;4946.15
2017.0;15.0;Cantal;84.0;Auvergne-Rhône-Alpes;2184.37
2017.0;47.0;Lot-et-Garonne;75.0;Nouvelle-Aquitaine;44571.06
2017.0;69.0;Rhône;84.0;Auvergne-Rhône-Alpes;12405.57
2012.0;33.0;Gironde;75.0;Nouvelle-Aquitaine;142962.72
2012.0;36.0;Indre;24.0;Centre-Val de Loire;14097.33
2014.0;59.0;Nord;32.0;Hauts-de-France;102053.09
2014.0;66.0;Pyrénées-Orientales;76.0;Occitanie;98951.55
2014.0;83.0;Var;93.0;Provence-Alpes-Côte d'Azur;29169.04
2014.0;92.0;Hauts-de-Seine;11.0;Île-de-France;1970.89
2015.0;60.0;Oise;32.0;Hauts-de-France;25735.49
2015.0;70.0;Haute-Saône;27.0;Bourgogne-Franche-Comté;4485.4400000000005
2015.0;74.0;Haute-Savoie;84.0;Auvergne-Rhône-Alpes;9687.49
2012.0;52.0;Haute-Marne;44.0;Grand Est;5970.58
2012.0;89.0;Yonne;27.0;Bourgogne-Franche-Comté;15977.81
2013.0;14.0;Calvados;28.0;Normandie;19696.14
2013.0;26.0;Drôme;84.0;Auvergne-Rhône-Alpes;51760.59
2013.0;79.0;Deux-Sèvres;75.0;Nouvelle-Aquitaine;2531.36
2015.0;15.0;Cantal;84.0;Auvergne-Rhône-Alpes;2039.37
2015.0;18.0;Cher;24.0;Centre-Val de Loire;38189.45
2015.0;54.0;Meurthe-et-Moselle;44.0;Grand Est;11347.08
2016.0;2.0;Aisne;32.0;Hauts-de-France;30269.62
2016.0;18.0;Cher;24.0;Centre-Val de Loire;37377.86
2016.0;21.0;Côte-d'Or;27.0;Bourgogne-Franche-Comté;11050.14
2016.0;53.0;Mayenne;52.0;Pays de la Loire;31386.89
2017.0;66.0;Pyrénées-Orientales;76.0;Occitanie;14193.09
2024.0;976.0;Mayotte;6.0;Mayotte;0.0
2020.0;63.0;Puy-de-Dôme;84.0;Auvergne-Rhône-Alpes;53120.72612
2024.0;28.0;Eure-et-Loir;24.0;Centre-Val de Loire;100033.83
2019.0;29.0;Finistère;53.0;Bretagne;412315.15011
2018.0;31.0;Haute-Garonne;76.0;Occitanie;33472.27264
2024.0;42.0;Loire;84.0;Auvergne-Rhône-Alpes;43855.381
2021.0;37.0;Indre-et-Loire;24.0;Centre-Val de Loire;126919.73344
2023.0;74.0;Haute-Savoie;84.0;Auvergne-Rhône-Alpes;39637.932
2022.0;95.0;Val-d'Oise;11.0;Île-de-France;7443.08699
2020.0;93.0;Seine-Saint-Denis;11.0;Île-de-France;963.92939
2024.0;1.0;Ain;84.0;Auvergne-Rhône-Alpes;63096.07
2020.0;974.0;La Réunion;4.0;La Réunion;17969.685
2019.0;10.0;Aube;44.0;Grand Est;68301.96516
2023.0;976.0;Mayotte;6.0;Mayotte;1034.831
2018.0;39.0;Jura;27.0;Bourgogne-Franche-Comté;37031.82037
2020.0;52.0;Haute-Marne;44.0;Grand Est;22716.17361
2019.0;28.0;Eure-et-Loir;24.0;Centre-Val de Loire;129822.48757
2020.0;43.0;Haute-Loire;84.0;Auvergne-Rhône-Alpes;43355.44189
2018.0;53.0;Mayenne;52.0;Pays de la Loire;148802.55821
2023.0;30.0;Gard;76.0;Occitanie;47253.497
2021.0;73.0;Savoie;84.0;Auvergne-Rhône-Alpes;19234.69778
2021.0;8.0;Ardennes;44.0;Grand Est;33165.11615
2021.0;26.0;Drôme;84.0;Auvergne-Rhône-Alpes;85429.08535
2024.0;17.0;Charente-Maritime;75.0;Nouvelle-Aquitaine;103914.422
2019.0;91.0;Essonne;11.0;Île-de-France;14493.50951
2019.0;86.0;Vienne;75.0;Nouvelle-Aquitaine;85705.42031
2024.0;50.0;Manche;28.0;Normandie;164668.253
2024.0;53.0;Mayenne;52.0;Pays de la Loire;140537.462
2021.0;42.0;Loire;84.0;Auvergne-Rhône-Alpes;47969.01952
2023.0;55.0;Meuse;44.0;Grand Est;32898.285
2022.0;974.0;La Réunion;4.0;La Réunion;30247.192
2018.0;47.0;Lot-et-Garonne;75.0;Nouvelle-Aquitaine;98671.69899
2022.0;56.0;Morbihan;53.0;Bretagne;224142.97625
2021.0;18.0;Cher;24.0;Centre-Val de Loire;59697.83483
2022.0;18.0;Cher;24.0;Centre-Val de Loire;62276.82869
2021.0;2A;Corse-du-Sud;94.0;Corse;4370.955
2021.0;81.0;Tarn;76.0;Occitanie;49408.95965
2021.0;3.0;Allier;84.0;Auvergne-Rhône-Alpes;51814.48856
2019.0;32.0;Gers;76.0;Occitanie;94810.93792
2022.0;57.0;Moselle;44.0;Grand Est;33847.54231
2022.0;42.0;Loire;84.0;Auvergne-Rhône-Alpes;47577.85581
2022.0;90.0;Territoire de Belfort;27.0;Bourgogne-Franche-Comté;4543.64628
2022.0;43.0;Haute-Loire;84.0;Auvergne-Rhône-Alpes;59063.90159
2021.0;9.0;Ariège;76.0;Occitanie;8853.06557
2018.0;85.0;Vendée;52.0;Pays de la Loire;209738.06165
2018.0;48.0;Lozère;76.0;Occitanie;17404.51947
2020.0;15.0;Cantal;84.0;Auvergne-Rhône-Alpes;44366.77032
2023.0;59.0;Nord;32.0;Hauts-de-France;183509.058
2018.0;59.0;Nord;32.0;Hauts-de-France;171011.77736
2022.0;81.0;Tarn;76.0;Occitanie;45598.0989
2019.0;14.0;Calvados;28.0;Normandie;81972.85748
2020.0;72.0;Sarthe;52.0;Pays de la Loire;137466.12235
2019.0;71.0;Saône-et-Loire;27.0;Bourgogne-Franche-Comté;57291.8159
2024.0;15.0;Cantal;84.0;Auvergne-Rhône-Alpes;41291.714
2022.0;88.0;Vosges;44.0;Grand Est;37114.54465
2020.0;69.0;Rhône;84.0;Auvergne-Rhône-Alpes;42464.73536
2023.0;4.0;Alpes-de-Haute-Provence;93.0;Provence-Alpes-Côte d'Azur;17467.135
2022.0;7.0;Ardèche;84.0;Auvergne-Rhône-Alpes;18261.72075
2022.0;1.0;Ain;84.0;Auvergne-Rhône-Alpes;74294.75538
2020.0;16.0;Charente;75.0;Nouvelle-Aquitaine;66883.28447
2023.0;75.0;Paris;11.0;Île-de-France;1324.766
2018.0;41.0;Loir-et-Cher;24.0;Centre-Val de Loire;81852.94244
2020.0;53.0;Mayenne;52.0;Pays de la Loire;153276.35798
2020.0;91.0;Essonne;11.0;Île-de-France;14106.09497
2020.0;77.0;Seine-et-Marne;11.0;Île-de-France;54122.83072
2018.0;93.0;Seine-Saint-Denis;11.0;Île-de-France;8047.6027
2019.0;973.0;Guyane;3.0;Guyane;434.114
2019.0;93.0;Seine-Saint-Denis;11.0;Île-de-France;7671.6798
2020.0;81.0;Tarn;76.0;Occitanie;51284.70144
2021.0;60.0;Oise;32.0;Hauts-de-France;33061.44743
2022.0;51.0;Marne;44.0;Grand Est;97584.68335
2023.0;34.0;Hérault;76.0;Occitanie;55511.855
2023.0;29.0;Finistère;53.0;Bretagne;355122.072
2022.0;64.0;Pyrénées-Atlantiques;75.0;Nouvelle-Aquitaine;80180.16113
2019.0;19.0;Corrèze;75.0;Nouvelle-Aquitaine;16661.25085
2018.0;80.0;Somme;32.0;Hauts-de-France;150376.80153
2022.0;49.0;Maine-et-Loire;52.0;Pays de la Loire;261068.29478
2018.0;22.0;Côtes-d'Armor;53.0;Bretagne;400716.03906
2022.0;76.0;Seine-Maritime;28.0;Normandie;97930.19881
2023.0;32.0;Gers;76.0;Occitanie;78558.352
2019.0;72.0;Sarthe;52.0;Pays de la Loire;130599.32608
2023.0;22.0;Côtes-d'Armor;53.0;Bretagne;339768.224
2024.0;73.0;Savoie;84.0;Auvergne-Rhône-Alpes;19683.932
2022.0;4.0;Alpes-de-Haute-Provence;93.0;Provence-Alpes-Côte d'Azur;21551.35323
2019.0;65.0;Hautes-Pyrénées;76.0;Occitanie;25488.41286
2022.0;77.0;Seine-et-Marne;11.0;Île-de-France;53272.71523
2022.0;35.0;Ille-et-Vilaine;53.0;Bretagne;230474.22521
2020.0;76.0;Seine-Maritime;28.0;Normandie;93005.70895
2023.0;44.0;Loire-Atlantique;52.0;Pays de la Loire;169451.686
2023.0;27.0;Eure;28.0;Normandie;46781.508
2024.0;83.0;Var;93.0;Provence-Alpes-Côte d'Azur;55910.63
2019.0;22.0;Côtes-d'Armor;53.0;Bretagne;397812.15923
2022.0;87.0;Haute-Vienne;75.0;Nouvelle-Aquitaine;15919.17335
2024.0;48.0;Lozère;76.0;Occitanie;15752.727
2019.0;69.0;Rhône;84.0;Auvergne-Rhône-Alpes;40325.45203
2023.0;51.0;Marne;44.0;Grand Est;89555.314
2020.0;87.0;Haute-Vienne;75.0;Nouvelle-Aquitaine;17868.32192
2023.0;49.0;Maine-et-Loire;52.0;Pays de la Loire;243076.484
2019.0;85.0;Vendée;52.0;Pays de la Loire;204208.32466
2020.0;89.0;Yonne;27.0;Bourgogne-Franche-Comté;42109.06691
2019.0;56.0;Morbihan;53.0;Bretagne;233002.81888
2023.0;73.0;Savoie;84.0;Auvergne-Rhône-Alpes;19533.39
2019.0;33.0;Gironde;75.0;Nouvelle-Aquitaine;219609.54766
2021.0;62.0;Pas-de-Calais;32.0;Hauts-de-France;160409.88991
2018.0;55.0;Meuse;44.0;Grand Est;40033.22109
2021.0;83.0;Var;93.0;Provence-Alpes-Côte d'Azur;59256.42608
2022.0;17.0;Charente-Maritime;75.0;Nouvelle-Aquitaine;113472.68097
2020.0;50.0;Manche;28.0;Normandie;182950.51708
2023.0;38.0;Isère;84.0;Auvergne-Rhône-Alpes;46694.809
2022.0;83.0;Var;93.0;Provence-Alpes-Côte d'Azur;60568.02541
2018.0;2B;Haute-Corse;94.0;Corse;11681.304
2019.0;37.0;Indre-et-Loire;24.0;Centre-Val de Loire;150247.5998
2020.0;67.0;Bas-Rhin;44.0;Grand Est;57678.20476
2020.0;47.0;Lot-et-Garonne;75.0;Nouvelle-Aquitaine;102087.67107
2019.0;38.0;Isère;84.0;Auvergne-Rhône-Alpes;46747.78252
2019.0;46.0;Lot;76.0;Occitanie;31799.0852
2018.0;9.0;Ariège;76.0;Occitanie;8265.28964
2023.0;40.0;Landes;75.0;Nouvelle-Aquitaine;163399.361
2020.0;41.0;Loir-et-Cher;24.0;Centre-Val de Loire;92473.44642
2023.0;39.0;Jura;27.0;Bourgogne-Franche-Comté;31542.689
2020.0;57.0;Moselle;44.0;Grand Est;79004.66694
2022.0;94.0;Val-de-Marne;11.0;Île-de-France;1744.33565
2021.0;80.0;Somme;32.0;Hauts-de-France;146541.88482
2023.0;26.0;Drôme;84.0;Auvergne-Rhône-Alpes;82877.743
2020.0;59.0;Nord;32.0;Hauts-de-France;192180.38689
2022.0;73.0;Savoie;84.0;Auvergne-Rhône-Alpes;19894.82538
2024.0;29.0;Finistère;53.0;Bretagne;358304.802
2024.0;55.0;Meuse;44.0;Grand Est;32989.729
2024.0;51.0;Marne;44.0;Grand Est;93146.883
2021.0;46.0;Lot;76.0;Occitanie;30093.20823
2018.0;67.0;Bas-Rhin;44.0;Grand Est;43877.22939
2023.0;92.0;Hauts-de-Seine;11.0;Île-de-France;92.889
2024.0;62.0;Pas-de-Calais;32.0;Hauts-de-France;150675.937
2022.0;13.0;Bouches-du-Rhône;93.0;Provence-Alpes-Côte d'Azur;107931.42119
2018.0;2.0;Aisne;32.0;Hauts-de-France;65027.99663
2019.0;90.0;Territoire de Belfort;27.0;Bourgogne-Franche-Comté;3616.47934
2021.0;48.0;Lozère;76.0;Occitanie;18162.79084
2024.0;5.0;Hautes-Alpes;93.0;Provence-Alpes-Côte d'Azur;10139.934
2020.0;2A;Corse-du-Sud;94.0;Corse;3462.536
2019.0;34.0;Hérault;76.0;Occitanie;55136.07309
2024.0;14.0;Calvados;28.0;Normandie;77019.446
2022.0;22.0;Côtes-d'Armor;53.0;Bretagne;364623.98032
2024.0;89.0;Yonne;27.0;Bourgogne-Franche-Comté;36834.101
2018.0;974.0;La Réunion;4.0;La Réunion;21646.392
2024.0;84.0;Vaucluse;93.0;Provence-Alpes-Côte d'Azur;56211.977
2022.0;61.0;Orne;28.0;Normandie;88737.25292
2021.0;61.0;Orne;28.0;Normandie;109800.14725
2024.0;57.0;Moselle;44.0;Grand Est;33885.663
2018.0;46.0;Lot;76.0;Occitanie;31434.60884
2018.0;3.0;Allier;84.0;Auvergne-Rhône-Alpes;60031.50995
2019.0;55.0;Meuse;44.0;Grand Est;34685.41977
2019.0;49.0;Maine-et-Loire;52.0;Pays de la Loire;265712.05653
2022.0;11.0;Aude;76.0;Occitanie;27030.40619
2021.0;47.0;Lot-et-Garonne;75.0;Nouvelle-Aquitaine;91300.80121
2019.0;61.0;Orne;28.0;Normandie;86515.16542
2021.0;75.0;Paris;11.0;Île-de-France;1517.14476
2022.0;30.0;Gard;76.0;Occitanie;52021.74493
2022.0;14.0;Calvados;28.0;Normandie;80952.63909
2019.0;2.0;Aisne;32.0;Hauts-de-France;62559.24945
2020.0;94.0;Val-de-Marne;11.0;Île-de-France;1772.98827
2022.0;34.0;Hérault;76.0;Occitanie;61178.51516
2024.0;52.0;Haute-Marne;44.0;Grand Est;25237.016
2024.0;76.0;Seine-Maritime;28.0;Normandie;90995.341
2020.0;42.0;Loire;84.0;Auvergne-Rhône-Alpes;48026.01593
2024.0;971.0;Guadeloupe;1.0;Guadeloupe;4736.655
2019.0;50.0;Manche;28.0;Normandie;176403.50009
2023.0;50.0;Manche;28.0;Normandie;163831.747
2024.0;94.0;Val-de-Marne;11.0;Île-de-France;1451.51
2021.0;28.0;Eure-et-Loir;24.0;Centre-Val de Loire;101267.37075
2019.0;52.0;Haute-Marne;44.0;Grand Est;21344.49367
2024.0;27.0;Eure;28.0;Normandie;47611.908
2021.0;68.0;Haut-Rhin;44.0;Grand Est;45767.35865
2024.0;23.0;Creuse;75.0;Nouvelle-Aquitaine;13432.23
2021.0;23.0;Creuse;75.0;Nouvelle-Aquitaine;16912.58671
2022.0;89.0;Yonne;27.0;Bourgogne-Franche-Comté;41674.12929
2018.0;27.0;Eure;28.0;Normandie;45929.75767
2020.0;44.0;Loire-Atlantique;52.0;Pays de la Loire;177150.49696
2023.0;87.0;Haute-Vienne;75.0;Nouvelle-Aquitaine;15079.06
2020.0;54.0;Meurthe-et-Moselle;44.0;Grand Est;35973.14342
2019.0;23.0;Creuse;75.0;Nouvelle-Aquitaine;16189.43131
2022.0;5.0;Hautes-Alpes;93.0;Provence-Alpes-Côte d'Azur;10745.88416
2023.0;54.0;Meurthe-et-Moselle;44.0;Grand Est;33344.04
2023.0;66.0;Pyrénées-Orientales;76.0;Occitanie;30213.472
2024.0;11.0;Aude;76.0;Occitanie;36526.763
2018.0;42.0;Loire;84.0;Auvergne-Rhône-Alpes;47467.54569
2019.0;31.0;Haute-Garonne;76.0;Occitanie;35540.15811
2020.0;90.0;Territoire de Belfort;27.0;Bourgogne-Franche-Comté;4081.81293
2024.0;71.0;Saône-et-Loire;27.0;Bourgogne-Franche-Comté;48280.519
2023.0;17.0;Charente-Maritime;75.0;Nouvelle-Aquitaine;106144.321
2022.0;52.0;Haute-Marne;44.0;Grand Est;23989.84555
2018.0;70.0;Haute-Saône;27.0;Bourgogne-Franche-Comté;18727.79636
2020.0;95.0;Val-d'Oise;11.0;Île-de-France;9246.40724
2021.0;63.0;Puy-de-Dôme;84.0;Auvergne-Rhône-Alpes;53121.50029
2024.0;2B;Haute-Corse;94.0;Corse;13107.028
2021.0;16.0;Charente;75.0;Nouvelle-Aquitaine;59781.38911
2019.0;95.0;Val-d'Oise;11.0;Île-de-France;8628.4954
2024.0;4.0;Alpes-de-Haute-Provence;93.0;Provence-Alpes-Côte d'Azur;18484.153
2023.0;8.0;Ardennes;44.0;Grand Est;31855.789
2018.0;17.0;Charente-Maritime;75.0;Nouvelle-Aquitaine;120814.4733
2021.0;82.0;Tarn-et-Garonne;76.0;Occitanie;52731.77059
2019.0;47.0;Lot-et-Garonne;75.0;Nouvelle-Aquitaine;98952.08483
2021.0;93.0;Seine-Saint-Denis;11.0;Île-de-France;1127.40887
2021.0;29.0;Finistère;53.0;Bretagne;415819.71277
2021.0;14.0;Calvados;28.0;Normandie;83680.5076
2018.0;2A;Corse-du-Sud;94.0;Corse;5731.948
2018.0;4.0;Alpes-de-Haute-Provence;93.0;Provence-Alpes-Côte d'Azur;17043.77825
2019.0;13.0;Bouches-du-Rhône;93.0;Provence-Alpes-Côte d'Azur;103233.91495
2022.0;70.0;Haute-Saône;27.0;Bourgogne-Franche-Comté;28906.76416
2020.0;10.0;Aube;44.0;Grand Est;57281.88588
2024.0;26.0;Drôme;84.0;Auvergne-Rhône-Alpes;77950.366
2021.0;15.0;Cantal;84.0;Auvergne-Rhône-Alpes;46079.81343
2020.0;58.0;Nièvre;27.0;Bourgogne-Franche-Comté;30842.19541
2019.0;94.0;Val-de-Marne;11.0;Île-de-France;1591.45851
2023.0;89.0;Yonne;27.0;Bourgogne-Franche-Comté;38358.58
2022.0;12.0;Aveyron;76.0;Occitanie;98812.64247
2022.0;15.0;Cantal;84.0;Auvergne-Rhône-Alpes;42129.81928
2024.0;75.0;Paris;11.0;Île-de-France;6989.976
2020.0;73.0;Savoie;84.0;Auvergne-Rhône-Alpes;18415.82039
2020.0;35.0;Ille-et-Vilaine;53.0;Bretagne;241450.12234
2023.0;69.0;Rhône;84.0;Auvergne-Rhône-Alpes;42337.316
2023.0;973.0;Guyane;3.0;Guyane;936.817
2022.0;72.0;Sarthe;52.0;Pays de la Loire;132738.72162
2018.0;36.0;Indre;24.0;Centre-Val de Loire;39561.91431
2021.0;71.0;Saône-et-Loire;27.0;Bourgogne-Franche-Comté;54895.00607
2018.0;92.0;Hauts-de-Seine;11.0;Île-de-France;545.25029
2019.0;4.0;Alpes-de-Haute-Provence;93.0;Provence-Alpes-Côte d'Azur;18926.11543
2024.0;35.0;Ille-et-Vilaine;53.0;Bretagne;220893.376
2021.0;92.0;Hauts-de-Seine;11.0;Île-de-France;246.94854
2024.0;63.0;Puy-de-Dôme;84.0;Auvergne-Rhône-Alpes;64016.732
2022.0;66.0;Pyrénées-Orientales;76.0;Occitanie;28887.19357
2022.0;84.0;Vaucluse;93.0;Provence-Alpes-Côte d'Azur;66509.09394
2018.0;45.0;Loiret;24.0;Centre-Val de Loire;137306.41193
2019.0;35.0;Ille-et-Vilaine;53.0;Bretagne;237607.79739
2020.0;5.0;Hautes-Alpes;93.0;Provence-Alpes-Côte d'Azur;12035.31417
2023.0;80.0;Somme;32.0;Hauts-de-France;133962.958
2023.0;971.0;Guadeloupe;1.0;Guadeloupe;3649.446
2019.0;976.0;Mayotte;6.0;Mayotte;417.262
2022.0;32.0;Gers;76.0;Occitanie;95339.25469
2018.0;63.0;Puy-de-Dôme;84.0;Auvergne-Rhône-Alpes;48122.99503
2022.0;41.0;Loir-et-Cher;24.0;Centre-Val de Loire;95742.65274
2020.0;49.0;Maine-et-Loire;52.0;Pays de la Loire;268480.76441
2024.0;6.0;Alpes-Maritimes;93.0;Provence-Alpes-Côte d'Azur;3990.57
2019.0;92.0;Hauts-de-Seine;11.0;Île-de-France;451.94187
2023.0;76.0;Seine-Maritime;28.0;Normandie;97623.386
2019.0;60.0;Oise;32.0;Hauts-de-France;40886.11153
2019.0;88.0;Vosges;44.0;Grand Est;32355.45821
2022.0;2.0;Aisne;32.0;Hauts-de-France;67493.5635
2020.0;65.0;Hautes-Pyrénées;76.0;Occitanie;28498.47532
2022.0;46.0;Lot;76.0;Occitanie;28878.97673
2023.0;68.0;Haut-Rhin;44.0;Grand Est;55413.867
2023.0;2B;Haute-Corse;94.0;Corse;11428.414
2018.0;79.0;Deux-Sèvres;75.0;Nouvelle-Aquitaine;60051.85198
2020.0;71.0;Saône-et-Loire;27.0;Bourgogne-Franche-Comté;57516.34714
2019.0;79.0;Deux-Sèvres;75.0;Nouvelle-Aquitaine;61020.28403
2022.0;33.0;Gironde;75.0;Nouvelle-Aquitaine;239198.58965
2022.0;86.0;Vienne;75.0;Nouvelle-Aquitaine;67516.89608
2021.0;43.0;Haute-Loire;84.0;Auvergne-Rhône-Alpes;43240.58058
2020.0;56.0;Morbihan;53.0;Bretagne;237070.74117
2023.0;86.0;Vienne;75.0;Nouvelle-Aquitaine;70117.706
2024.0;31.0;Haute-Garonne;76.0;Occitanie;26797.26
2022.0;39.0;Jura;27.0;Bourgogne-Franche-Comté;31298.08049
2018.0;84.0;Vaucluse;93.0;Provence-Alpes-Côte d'Azur;58206.61975
2020.0;66.0;Pyrénées-Orientales;76.0;Occitanie;25153.21066
2024.0;69.0;Rhône;84.0;Auvergne-Rhône-Alpes;40219.004
2022.0;3.0;Allier;84.0;Auvergne-Rhône-Alpes;55631.90217
2024.0;68.0;Haut-Rhin;44.0;Grand Est;47690.803
2018.0;973.0;Guyane;3.0;Guyane;1601.152
2022.0;93.0;Seine-Saint-Denis;11.0;Île-de-France;821.85067
2019.0;89.0;Yonne;27.0;Bourgogne-Franche-Comté;42083.64571
2022.0;9.0;Ariège;76.0;Occitanie;9099.9777
2018.0;65.0;Hautes-Pyrénées;76.0;Occitanie;26415.88926
2019.0;51.0;Marne;44.0;Grand Est;98551.85493
2022.0;48.0;Lozère;76.0;Occitanie;16677.63508
2024.0;7.0;Ardèche;84.0;Auvergne-Rhône-Alpes;14911.204
2021.0;21.0;Côte-d'Or;27.0;Bourgogne-Franche-Comté;44233.88827
2021.0;72.0;Sarthe;52.0;Pays de la Loire;119005.59525
2023.0;62.0;Pas-de-Calais;32.0;Hauts-de-France;151657.892
2021.0;53.0;Mayenne;52.0;Pays de la Loire;152887.90536
2020.0;55.0;Meuse;44.0;Grand Est;36298.76391
2023.0;91.0;Essonne;11.0;Île-de-France;10301.14
2022.0;63.0;Puy-de-Dôme;84.0;Auvergne-Rhône-Alpes;53184.22167
2022.0;74.0;Haute-Savoie;84.0;Auvergne-Rhône-Alpes;40634.3205
2020.0;32.0;Gers;76.0;Occitanie;98293.53199
2019.0;75.0;Paris;11.0;Île-de-France;3822.72046
2023.0;31.0;Haute-Garonne;76.0;Occitanie;24933.564
2023.0;33.0;Gironde;75.0;Nouvelle-Aquitaine;218051.673
2022.0;44.0;Loire-Atlantique;52.0;Pays de la Loire;173038.45753
2018.0;77.0;Seine-et-Marne;11.0;Île-de-France;44789.78792
2018.0;43.0;Haute-Loire;84.0;Auvergne-Rhône-Alpes;48160.48998
2021.0;2B;Haute-Corse;94.0;Corse;9707.273
2019.0;68.0;Haut-Rhin;44.0;Grand Est;50847.79487
2023.0;35.0;Ille-et-Vilaine;53.0;Bretagne;218547.664
2018.0;971.0;Guadeloupe;1.0;Guadeloupe;6187.041
2018.0;81.0;Tarn;76.0;Occitanie;45477.57116
2021.0;85.0;Vendée;52.0;Pays de la Loire;196488.4557
2020.0;971.0;Guadeloupe;1.0;Guadeloupe;3161.496
2018.0;66.0;Pyrénées-Orientales;76.0;Occitanie;26730.97194
2022.0;26.0;Drôme;84.0;Auvergne-Rhône-Alpes;94196.1485
2023.0;71.0;Saône-et-Loire;27.0;Bourgogne-Franche-Comté;48380.853
2023.0;56.0;Morbihan;53.0;Bretagne;211231.463
2018.0;25.0;Doubs;27.0;Bourgogne-Franche-Comté;56905.89488
2021.0;32.0;Gers;76.0;Occitanie;86362.29843
2019.0;21.0;Côte-d'Or;27.0;Bourgogne-Franche-Comté;42124.11816
2019.0;25.0;Doubs;27.0;Bourgogne-Franche-Comté;58265.3134
2022.0;6.0;Alpes-Maritimes;93.0;Provence-Alpes-Côte d'Azur;5024.92841
2024.0;37.0;Indre-et-Loire;24.0;Centre-Val de Loire;103465.49
2019.0;74.0;Haute-Savoie;84.0;Auvergne-Rhône-Alpes;33198.34469
2022.0;27.0;Eure;28.0;Normandie;51949.37281
2020.0;14.0;Calvados;28.0;Normandie;82248.23274
2024.0;9.0;Ariège;76.0;Occitanie;8450.807
2022.0;24.0;Dordogne;75.0;Nouvelle-Aquitaine;63385.83195
2018.0;52.0;Haute-Marne;44.0;Grand Est;20750.94395
2023.0;84.0;Vaucluse;93.0;Provence-Alpes-Côte d'Azur;60469.693
2024.0;972.0;Martinique;2.0;Martinique;9624.035
2022.0;31.0;Haute-Garonne;76.0;Occitanie;34607.7298
2022.0;62.0;Pas-de-Calais;32.0;Hauts-de-France;162763.93625
2022.0;82.0;Tarn-et-Garonne;76.0;Occitanie;68142.52795
2023.0;93.0;Seine-Saint-Denis;11.0;Île-de-France;378.432
2021.0;24.0;Dordogne;75.0;Nouvelle-Aquitaine;69695.11054
2023.0;53.0;Mayenne;52.0;Pays de la Loire;139605.92
2020.0;40.0;Landes;75.0;Nouvelle-Aquitaine;181119.22838
2020.0;60.0;Oise;32.0;Hauts-de-France;44558.99514
2023.0;23.0;Creuse;75.0;Nouvelle-Aquitaine;14439.647
2019.0;971.0;Guadeloupe;1.0;Guadeloupe;3180.407
2018.0;7.0;Ardèche;84.0;Auvergne-Rhône-Alpes;17318.91296
2024.0;33.0;Gironde;75.0;Nouvelle-Aquitaine;214060.666
2021.0;74.0;Haute-Savoie;84.0;Auvergne-Rhône-Alpes;41074.453
2021.0;11.0;Aude;76.0;Occitanie;30281.15382
2020.0;61.0;Orne;28.0;Normandie;108832.27772
2019.0;81.0;Tarn;76.0;Occitanie;45636.2309
2019.0;83.0;Var;93.0;Provence-Alpes-Côte d'Azur;56010.15386
2023.0;7.0;Ardèche;84.0;Auvergne-Rhône-Alpes;16752.829
2020.0;79.0;Deux-Sèvres;75.0;Nouvelle-Aquitaine;110896.46761
2021.0;4.0;Alpes-de-Haute-Provence;93.0;Provence-Alpes-Côte d'Azur;20578.14248
2018.0;56.0;Morbihan;53.0;Bretagne;232370.3169
2021.0;971.0;Guadeloupe;1.0;Guadeloupe;3727.287
2018.0;34.0;Hérault;76.0;Occitanie;82510.70009
2019.0;26.0;Drôme;84.0;Auvergne-Rhône-Alpes;91981.5646
2024.0;40.0;Landes;75.0;Nouvelle-Aquitaine;156147.785
2020.0;39.0;Jura;27.0;Bourgogne-Franche-Comté;30403.01256
2022.0;21.0;Côte-d'Or;27.0;Bourgogne-Franche-Comté;47160.38187
2021.0;974.0;La Réunion;4.0;La Réunion;19326.907
2020.0;38.0;Isère;84.0;Auvergne-Rhône-Alpes;57060.85509
2019.0;17.0;Charente-Maritime;75.0;Nouvelle-Aquitaine;117119.11672
2024.0;66.0;Pyrénées-Orientales;76.0;Occitanie;26345.555
2023.0;77.0;Seine-et-Marne;11.0;Île-de-France;41177.906
2019.0;84.0;Vaucluse;93.0;Provence-Alpes-Côte d'Azur;62898.4758
2023.0;11.0;Aude;76.0;Occitanie;25183.109
2021.0;58.0;Nièvre;27.0;Bourgogne-Franche-Comté;27603.09332
2021.0;10.0;Aube;44.0;Grand Est;59164.23577
2022.0;36.0;Indre;24.0;Centre-Val de Loire;37738.1479
2018.0;68.0;Haut-Rhin;44.0;Grand Est;56926.30219
2019.0;40.0;Landes;75.0;Nouvelle-Aquitaine;159155.65283
2021.0;45.0;Loiret;24.0;Centre-Val de Loire;117038.1413
2024.0;74.0;Haute-Savoie;84.0;Auvergne-Rhône-Alpes;38250.058
2021.0;36.0;Indre;24.0;Centre-Val de Loire;39684.99373
2019.0;9.0;Ariège;76.0;Occitanie;7525.0862
2020.0;82.0;Tarn-et-Garonne;76.0;Occitanie;59267.37441
2020.0;976.0;Mayotte;6.0;Mayotte;417.468
2020.0;2.0;Aisne;32.0;Hauts-de-France;64541.86844
2018.0;6.0;Alpes-Maritimes;93.0;Provence-Alpes-Côte d'Azur;5627.91584
2019.0;42.0;Loire;84.0;Auvergne-Rhône-Alpes;46206.2277
2021.0;35.0;Ille-et-Vilaine;53.0;Bretagne;240537.85545
2019.0;15.0;Cantal;84.0;Auvergne-Rhône-Alpes;42928.05381
2021.0;5.0;Hautes-Alpes;93.0;Provence-Alpes-Côte d'Azur;11340.2546
2018.0;57.0;Moselle;44.0;Grand Est;68282.53195
2022.0;75.0;Paris;11.0;Île-de-France;1438.19342
2023.0;65.0;Hautes-Pyrénées;76.0;Occitanie;22059.662
2018.0;86.0;Vienne;75.0;Nouvelle-Aquitaine;89580.52907
2020.0;74.0;Haute-Savoie;84.0;Auvergne-Rhône-Alpes;33293.35541
2021.0;973.0;Guyane;3.0;Guyane;786.545
2024.0;64.0;Pyrénées-Atlantiques;75.0;Nouvelle-Aquitaine;74084.546
2023.0;47.0;Lot-et-Garonne;75.0;Nouvelle-Aquitaine;92406.525
2018.0;49.0;Maine-et-Loire;52.0;Pays de la Loire;255054.41909
2020.0;28.0;Eure-et-Loir;24.0;Centre-Val de Loire;146760.63759
2024.0;46.0;Lot;76.0;Occitanie;25608.783
2024.0;82.0;Tarn-et-Garonne;76.0;Occitanie;51795.085
2022.0;71.0;Saône-et-Loire;27.0;Bourgogne-Franche-Comté;51027.17485
2024.0;58.0;Nièvre;27.0;Bourgogne-Franche-Comté;22531.538
2019.0;44.0;Loire-Atlantique;52.0;Pays de la Loire;171094.29297
2024.0;36.0;Indre;24.0;Centre-Val de Loire;32271.628
2023.0;972.0;Martinique;2.0;Martinique;10394.102
2024.0;85.0;Vendée;52.0;Pays de la Loire;164294.844
2024.0;44.0;Loire-Atlantique;52.0;Pays de la Loire;172888.349
2024.0;88.0;Vosges;44.0;Grand Est;36342.264
2021.0;38.0;Isère;84.0;Auvergne-Rhône-Alpes;48376.41806
2023.0;37.0;Indre-et-Loire;24.0;Centre-Val de Loire;108811.907
2023.0;28.0;Eure-et-Loir;24.0;Centre-Val de Loire;91558.826
2024.0;59.0;Nord;32.0;Hauts-de-France;179004.0
2022.0;79.0;Deux-Sèvres;75.0;Nouvelle-Aquitaine;105508.50924
2018.0;11.0;Aude;76.0;Occitanie;26185.19081
2019.0;82.0;Tarn-et-Garonne;76.0;Occitanie;57906.74022
2024.0;38.0;Isère;84.0;Auvergne-Rhône-Alpes;43915.415
2022.0;92.0;Hauts-de-Seine;11.0;Île-de-France;890.21808
2023.0;974.0;La Réunion;4.0;La Réunion;23080.646
2021.0;79.0;Deux-Sèvres;75.0;Nouvelle-Aquitaine;104900.41213
2024.0;54.0;Meurthe-et-Moselle;44.0;Grand Est;33302.518
2018.0;61.0;Orne;28.0;Normandie;82023.62682
2018.0;40.0;Landes;75.0;Nouvelle-Aquitaine;162557.94824
2018.0;18.0;Cher;24.0;Centre-Val de Loire;64220.31901
2018.0;29.0;Finistère;53.0;Bretagne;393358.02177
2024.0;39.0;Jura;27.0;Bourgogne-Franche-Comté;32550.122
2021.0;40.0;Landes;75.0;Nouvelle-Aquitaine;147359.87125
2024.0;24.0;Dordogne;75.0;Nouvelle-Aquitaine;56209.144
2023.0;10.0;Aube;44.0;Grand Est;57584.762
2019.0;62.0;Pas-de-Calais;32.0;Hauts-de-France;151067.93537
2024.0;2A;Corse-du-Sud;94.0;Corse;5359.085
2018.0;15.0;Cantal;84.0;Auvergne-Rhône-Alpes;42084.11461
2018.0;14.0;Calvados;28.0;Normandie;81081.62881
2018.0;91.0;Essonne;11.0;Île-de-France;13241.84667
2023.0;2A;Corse-du-Sud;94.0;Corse;5011.02
2021.0;7.0;Ardèche;84.0;Auvergne-Rhône-Alpes;18072.67695
2019.0;3.0;Allier;84.0;Auvergne-Rhône-Alpes;61717.91612
2024.0;93.0;Seine-Saint-Denis;11.0;Île-de-France;460.956
2023.0;78.0;Yvelines;11.0;Île-de-France;14363.437
2020.0;2B;Haute-Corse;94.0;Corse;8282.207
2024.0;61.0;Orne;28.0;Normandie;86747.714
2018.0;12.0;Aveyron;76.0;Occitanie;115105.81234
2021.0;27.0;Eure;28.0;Normandie;50362.59363
2021.0;77.0;Seine-et-Marne;11.0;Île-de-France;43696.19982
2022.0;65.0;Hautes-Pyrénées;76.0;Occitanie;26413.63938
2024.0;92.0;Hauts-de-Seine;11.0;Île-de-France;86.589
2018.0;71.0;Saône-et-Loire;27.0;Bourgogne-Franche-Comté;56004.39973
2023.0;61.0;Orne;28.0;Normandie;85651.44
2020.0;8.0;Ardennes;44.0;Grand Est;33652.00133
2021.0;12.0;Aveyron;76.0;Occitanie;104706.89911
2021.0;30.0;Gard;76.0;Occitanie;52569.33615
2024.0;77.0;Seine-et-Marne;11.0;Île-de-France;38137.062
2024.0;22.0;Côtes-d'Armor;53.0;Bretagne;337725.43
2024.0;70.0;Haute-Saône;27.0;Bourgogne-Franche-Comté;26504.041
2022.0;40.0;Landes;75.0;Nouvelle-Aquitaine;188530.98396
2019.0;12.0;Aveyron;76.0;Occitanie;116930.03665
2024.0;13.0;Bouches-du-Rhône;93.0;Provence-Alpes-Côte d'Azur;95006.113
2023.0;90.0;Territoire de Belfort;27.0;Bourgogne-Franche-Comté;4292.021
2019.0;59.0;Nord;32.0;Hauts-de-France;175126.36611
2022.0;85.0;Vendée;52.0;Pays de la Loire;176176.92582
2022.0;60.0;Oise;32.0;Hauts-de-France;43137.13348
2023.0;25.0;Doubs;27.0;Bourgogne-Franche-Comté;59007.504
2019.0;6.0;Alpes-Maritimes;93.0;Provence-Alpes-Côte d'Azur;5924.36668
2021.0;6.0;Alpes-Maritimes;93.0;Provence-Alpes-Côte d'Azur;5850.28692
2021.0;52.0;Haute-Marne;44.0;Grand Est;24967.34969
2023.0;24.0;Dordogne;75.0;Nouvelle-Aquitaine;57638.758
2024.0;60.0;Oise;32.0;Hauts-de-France;34946.096
2021.0;13.0;Bouches-du-Rhône;93.0;Provence-Alpes-Côte d'Azur;107672.38312
2024.0;3.0;Allier;84.0;Auvergne-Rhône-Alpes;45343.269
2024.0;45.0;Loiret;24.0;Centre-Val de Loire;403334.375
2023.0;41.0;Loir-et-Cher;24.0;Centre-Val de Loire;71395.833
2018.0;87.0;Haute-Vienne;75.0;Nouvelle-Aquitaine;18239.72615
2019.0;2A;Corse-du-Sud;94.0;Corse;3281.694
2021.0;25.0;Doubs;27.0;Bourgogne-Franche-Comté;62505.54404
2018.0;50.0;Manche;28.0;Normandie;171852.97879
2018.0;75.0;Paris;11.0;Île-de-France;3389.05838
2022.0;971.0;Guadeloupe;1.0;Guadeloupe;8053.453
2018.0;28.0;Eure-et-Loir;24.0;Centre-Val de Loire;118865.55264
2024.0;25.0;Doubs;27.0;Bourgogne-Franche-Comté;63069.219
2019.0;16.0;Charente;75.0;Nouvelle-Aquitaine;66429.07411
2018.0;38.0;Isère;84.0;Auvergne-Rhône-Alpes;49509.44261
2018.0;83.0;Var;93.0;Provence-Alpes-Côte d'Azur;53517.70012
2023.0;16.0;Charente;75.0;Nouvelle-Aquitaine;57866.131
2022.0;28.0;Eure-et-Loir;24.0;Centre-Val de Loire;135968.73906
2020.0;21.0;Côte-d'Or;27.0;Bourgogne-Franche-Comté;41595.76703
2020.0;37.0;Indre-et-Loire;24.0;Centre-Val de Loire;137570.41152
2020.0;70.0;Haute-Saône;27.0;Bourgogne-Franche-Comté;19750.16785
2020.0;68.0;Haut-Rhin;44.0;Grand Est;56804.11052
2020.0;27.0;Eure;28.0;Normandie;51306.34659
2023.0;85.0;Vendée;52.0;Pays de la Loire;169667.661
2019.0;53.0;Mayenne;52.0;Pays de la Loire;149421.42179
2023.0;6.0;Alpes-Maritimes;93.0;Provence-Alpes-Côte d'Azur;4237.172
2022.0;23.0;Creuse;75.0;Nouvelle-Aquitaine;16013.31964
2018.0;32.0;Gers;76.0;Occitanie;101091.1158
2024.0;19.0;Corrèze;75.0;Nouvelle-Aquitaine;11517.329
2020.0;3.0;Allier;84.0;Auvergne-Rhône-Alpes;62154.04487
2023.0;42.0;Loire;84.0;Auvergne-Rhône-Alpes;44689.177
2020.0;31.0;Haute-Garonne;76.0;Occitanie;35669.15522
2019.0;78.0;Yvelines;11.0;Île-de-France;16142.50979
2018.0;33.0;Gironde;75.0;Nouvelle-Aquitaine;210830.65544
2021.0;41.0;Loir-et-Cher;24.0;Centre-Val de Loire;70462.8995
2023.0;52.0;Haute-Marne;44.0;Grand Est;23490.292
2024.0;78.0;Yvelines;11.0;Île-de-France;13939.222
2019.0;58.0;Nièvre;27.0;Bourgogne-Franche-Comté;30984.68758
2020.0;22.0;Côtes-d'Armor;53.0;Bretagne;402437.13643
2022.0;59.0;Nord;32.0;Hauts-de-France;196599.92319
2022.0;58.0;Nièvre;27.0;Bourgogne-Franche-Comté;27209.38383
2021.0;39.0;Jura;27.0;Bourgogne-Franche-Comté;32856.18652
2019.0;1.0;Ain;84.0;Auvergne-Rhône-Alpes;63727.66387
2020.0;26.0;Drôme;84.0;Auvergne-Rhône-Alpes;94882.60047
2019.0;2B;Haute-Corse;94.0;Corse;7840.003
2021.0;64.0;Pyrénées-Atlantiques;75.0;Nouvelle-Aquitaine;78974.1763
2021.0;56.0;Morbihan;53.0;Bretagne;233773.65798
2021.0;87.0;Haute-Vienne;75.0;Nouvelle-Aquitaine;18932.40686
2023.0;18.0;Cher;24.0;Centre-Val de Loire;55802.055
2020.0;13.0;Bouches-du-Rhône;93.0;Provence-Alpes-Côte d'Azur;106523.20836
2018.0;64.0;Pyrénées-Atlantiques;75.0;Nouvelle-Aquitaine;85086.93826
2018.0;35.0;Ille-et-Vilaine;53.0;Bretagne;233616.29122
2020.0;92.0;Hauts-de-Seine;11.0;Île-de-France;420.71978
2018.0;62.0;Pas-de-Calais;32.0;Hauts-de-France;152682.64177
2018.0;89.0;Yonne;27.0;Bourgogne-Franche-Comté;58738.99427
2020.0;83.0;Var;93.0;Provence-Alpes-Côte d'Azur;55838.47123
2020.0;9.0;Ariège;76.0;Occitanie;8669.05237
2022.0;45.0;Loiret;24.0;Centre-Val de Loire;160628.82188
2023.0;21.0;Côte-d'Or;27.0;Bourgogne-Franche-Comté;45246.831
2019.0;41.0;Loir-et-Cher;24.0;Centre-Val de Loire;86740.54751
2018.0;37.0;Indre-et-Loire;24.0;Centre-Val de Loire;121660.00694
2018.0;74.0;Haute-Savoie;84.0;Auvergne-Rhône-Alpes;42084.14249
2024.0;47.0;Lot-et-Garonne;75.0;Nouvelle-Aquitaine;88453.376
2019.0;45.0;Loiret;24.0;Centre-Val de Loire;155991.61739
2021.0;19.0;Corrèze;75.0;Nouvelle-Aquitaine;14791.85244
2020.0;85.0;Vendée;52.0;Pays de la Loire;200678.06753
2023.0;15.0;Cantal;84.0;Auvergne-Rhône-Alpes;40772.508
2020.0;34.0;Hérault;76.0;Occitanie;56269.94068
2024.0;8.0;Ardennes;44.0;Grand Est;32731.749
2021.0;31.0;Haute-Garonne;76.0;Occitanie;33500.96205
2019.0;36.0;Indre;24.0;Centre-Val de Loire;40399.67787
2019.0;76.0;Seine-Maritime;28.0;Normandie;85613.71107
2024.0;86.0;Vienne;75.0;Nouvelle-Aquitaine;62516.002
2018.0;72.0;Sarthe;52.0;Pays de la Loire;124823.82286
2024.0;43.0;Haute-Loire;84.0;Auvergne-Rhône-Alpes;49631.226
2021.0;57.0;Moselle;44.0;Grand Est;34558.54927
2023.0;46.0;Lot;76.0;Occitanie;26740.275
2020.0;30.0;Gard;76.0;Occitanie;49183.08018
2020.0;19.0;Corrèze;75.0;Nouvelle-Aquitaine;15586.21126
2022.0;973.0;Guyane;3.0;Guyane;3977.109
2020.0;973.0;Guyane;3.0;Guyane;487.815
2019.0;63.0;Puy-de-Dôme;84.0;Auvergne-Rhône-Alpes;50419.06041
2023.0;36.0;Indre;24.0;Centre-Val de Loire;34114.114
2018.0;21.0;Côte-d'Or;27.0;Bourgogne-Franche-Comté;40859.76956
2023.0;43.0;Haute-Loire;84.0;Auvergne-Rhône-Alpes;58190.817
2021.0;90.0;Territoire de Belfort;27.0;Bourgogne-Franche-Comté;4130.1771
2021.0;95.0;Val-d'Oise;11.0;Île-de-France;7831.40411
2019.0;974.0;La Réunion;4.0;La Réunion;17184.364
2018.0;60.0;Oise;32.0;Hauts-de-France;41716.86605
2021.0;70.0;Haute-Saône;27.0;Bourgogne-Franche-Comté;29540.23247
2023.0;19.0;Corrèze;75.0;Nouvelle-Aquitaine;12541.941
2019.0;67.0;Bas-Rhin;44.0;Grand Est;43121.23283
2024.0;21.0;Côte-d'Or;27.0;Bourgogne-Franche-Comté;45395.067
2018.0;24.0;Dordogne;75.0;Nouvelle-Aquitaine;61340.42599
2021.0;2.0;Aisne;32.0;Hauts-de-France;64478.20598
2018.0;54.0;Meurthe-et-Moselle;44.0;Grand Est;31221.18529
2020.0;972.0;Martinique;2.0;Martinique;9614.881
2022.0;37.0;Indre-et-Loire;24.0;Centre-Val de Loire;126340.19232
2024.0;973.0;Guyane;3.0;Guyane;808.135
2021.0;1.0;Ain;84.0;Auvergne-Rhône-Alpes;62753.41085
2020.0;48.0;Lozère;76.0;Occitanie;17719.57067
2018.0;1.0;Ain;84.0;Auvergne-Rhône-Alpes;66209.07539
2020.0;51.0;Marne;44.0;Grand Est;100050.62536
2018.0;23.0;Creuse;75.0;Nouvelle-Aquitaine;16270.90922
2019.0;27.0;Eure;28.0;Normandie;47489.44988
2024.0;32.0;Gers;76.0;Occitanie;78081.519
2020.0;80.0;Somme;32.0;Hauts-de-France;178759.74467
2019.0;18.0;Cher;24.0;Centre-Val de Loire;62261.97249
2020.0;7.0;Ardèche;84.0;Auvergne-Rhône-Alpes;18872.5344
2023.0;12.0;Aveyron;76.0;Occitanie;94917.552
2023.0;60.0;Oise;32.0;Hauts-de-France;34622.611
2023.0;72.0;Sarthe;52.0;Pays de la Loire;113090.587
2022.0;47.0;Lot-et-Garonne;75.0;Nouvelle-Aquitaine;107263.73675
2023.0;58.0;Nièvre;27.0;Bourgogne-Franche-Comté;24667.067
2019.0;43.0;Haute-Loire;84.0;Auvergne-Rhône-Alpes;49582.33087
2021.0;34.0;Hérault;76.0;Occitanie;55297.14085
2024.0;79.0;Deux-Sèvres;75.0;Nouvelle-Aquitaine;99797.559
2023.0;13.0;Bouches-du-Rhône;93.0;Provence-Alpes-Côte d'Azur;101837.566
2020.0;29.0;Finistère;53.0;Bretagne;418144.66577
2021.0;76.0;Seine-Maritime;28.0;Normandie;92964.05916
2020.0;12.0;Aveyron;76.0;Occitanie;103333.41196
2020.0;46.0;Lot;76.0;Occitanie;30680.29301
2020.0;23.0;Creuse;75.0;Nouvelle-Aquitaine;15703.03954
2021.0;86.0;Vienne;75.0;Nouvelle-Aquitaine;70056.48755
2018.0;13.0;Bouches-du-Rhône;93.0;Provence-Alpes-Côte d'Azur;93068.2485
2021.0;49.0;Maine-et-Loire;52.0;Pays de la Loire;251806.29525
2019.0;7.0;Ardèche;84.0;Auvergne-Rhône-Alpes;18123.19103
2023.0;83.0;Var;93.0;Provence-Alpes-Côte d'Azur;56448.529
2020.0;33.0;Gironde;75.0;Nouvelle-Aquitaine;233931.36951
2022.0;2B;Haute-Corse;94.0;Corse;15478.376
2024.0;81.0;Tarn;76.0;Occitanie;39427.029
2024.0;56.0;Morbihan;53.0;Bretagne;209441.546
2018.0;10.0;Aube;44.0;Grand Est;68582.89689
2024.0;16.0;Charente;75.0;Nouvelle-Aquitaine;53529.52
2024.0;34.0;Hérault;76.0;Occitanie;48981.257
2019.0;24.0;Dordogne;75.0;Nouvelle-Aquitaine;64641.68975
2018.0;58.0;Nièvre;27.0;Bourgogne-Franche-Comté;29564.64991
2024.0;49.0;Maine-et-Loire;52.0;Pays de la Loire;231577.101
2022.0;19.0;Corrèze;75.0;Nouvelle-Aquitaine;13546.85749
2023.0;57.0;Moselle;44.0;Grand Est;33427.109
2021.0;972.0;Martinique;2.0;Martinique;9626.799
2022.0;78.0;Yvelines;11.0;Île-de-France;16511.91069
2022.0;8.0;Ardennes;44.0;Grand Est;33648.84193
2022.0;69.0;Rhône;84.0;Auvergne-Rhône-Alpes;43948.45097
2021.0;65.0;Hautes-Pyrénées;76.0;Occitanie;23948.85319
2023.0;67.0;Bas-Rhin;44.0;Grand Est;63855.826
2022.0;55.0;Meuse;44.0;Grand Est;35004.19319
2022.0;68.0;Haut-Rhin;44.0;Grand Est;61462.11864
2022.0;972.0;Martinique;2.0;Martinique;12426.515
2021.0;88.0;Vosges;44.0;Grand Est;37956.19624
2018.0;82.0;Tarn-et-Garonne;76.0;Occitanie;54122.25563
2020.0;24.0;Dordogne;75.0;Nouvelle-Aquitaine;69820.37693
2024.0;974.0;La Réunion;4.0;La Réunion;22956.458
2024.0;80.0;Somme;32.0;Hauts-de-France;133981.823
2022.0;50.0;Manche;28.0;Normandie;170938.2695
2023.0;81.0;Tarn;76.0;Occitanie;41324.708
2021.0;69.0;Rhône;84.0;Auvergne-Rhône-Alpes;42634.57689
2018.0;69.0;Rhône;84.0;Auvergne-Rhône-Alpes;40436.94001
2020.0;64.0;Pyrénées-Atlantiques;75.0;Nouvelle-Aquitaine;79355.12861
2023.0;45.0;Loiret;24.0;Centre-Val de Loire;103815.606
2022.0;80.0;Somme;32.0;Hauts-de-France;158569.66049
2019.0;73.0;Savoie;84.0;Auvergne-Rhône-Alpes;17385.29438
2020.0;17.0;Charente-Maritime;75.0;Nouvelle-Aquitaine;125001.07741
2021.0;91.0;Essonne;11.0;Île-de-France;11399.84732
2024.0;41.0;Loir-et-Cher;24.0;Centre-Val de Loire;63477.312
2023.0;48.0;Lozère;76.0;Occitanie;16127.096
2018.0;972.0;Martinique;2.0;Martinique;10402.275
2020.0;6.0;Alpes-Maritimes;93.0;Provence-Alpes-Côte d'Azur;5576.67163
2023.0;82.0;Tarn-et-Garonne;76.0;Occitanie;54880.369
2024.0;12.0;Aveyron;76.0;Occitanie;93416.492
2018.0;95.0;Val-d'Oise;11.0;Île-de-France;7970.79071
2020.0;11.0;Aude;76.0;Occitanie;28382.08289
2023.0;3.0;Allier;84.0;Auvergne-Rhône-Alpes;49456.088
2020.0;45.0;Loiret;24.0;Centre-Val de Loire;172407.1609
2021.0;84.0;Vaucluse;93.0;Provence-Alpes-Côte d'Azur;66386.44783
2019.0;57.0;Moselle;44.0;Grand Est;33072.79739
2023.0;63.0;Puy-de-Dôme;84.0;Auvergne-Rhône-Alpes;48839.103
2021.0;67.0;Bas-Rhin;44.0;Grand Est;55306.8491
2018.0;88.0;Vosges;44.0;Grand Est;31480.95448
2022.0;16.0;Charente;75.0;Nouvelle-Aquitaine;63421.77474
2019.0;54.0;Meurthe-et-Moselle;44.0;Grand Est;33521.14536
2019.0;80.0;Somme;32.0;Hauts-de-France;142117.84843
2024.0;2.0;Aisne;32.0;Hauts-de-France;71545.174
2018.0;44.0;Loire-Atlantique;52.0;Pays de la Loire;159792.76358
2022.0;2A;Corse-du-Sud;94.0;Corse;8200.404
2024.0;18.0;Cher;24.0;Centre-Val de Loire;53214.302
2018.0;73.0;Savoie;84.0;Auvergne-Rhône-Alpes;16128.66325
2023.0;64.0;Pyrénées-Atlantiques;75.0;Nouvelle-Aquitaine;74346.527
2021.0;94.0;Val-de-Marne;11.0;Île-de-France;1611.09124
2019.0;66.0;Pyrénées-Orientales;76.0;Occitanie;27705.60627
2020.0;1.0;Ain;84.0;Auvergne-Rhône-Alpes;67488.23384
2022.0;54.0;Meurthe-et-Moselle;44.0;Grand Est;34505.11264
2020.0;78.0;Yvelines;11.0;Île-de-France;16106.75393
2023.0;9.0;Ariège;76.0;Occitanie;6704.572
2019.0;11.0;Aude;76.0;Occitanie;27172.94476
2023.0;70.0;Haute-Saône;27.0;Bourgogne-Franche-Comté;25903.242
2022.0;67.0;Bas-Rhin;44.0;Grand Est;60454.06338
2021.0;89.0;Yonne;27.0;Bourgogne-Franche-Comté;42131.20424
2022.0;38.0;Isère;84.0;Auvergne-Rhône-Alpes;53547.9448
2020.0;62.0;Pas-de-Calais;32.0;Hauts-de-France;163867.35682
2018.0;8.0;Ardennes;44.0;Grand Est;47726.21295
2022.0;29.0;Finistère;53.0;Bretagne;381728.43133
2020.0;88.0;Vosges;44.0;Grand Est;36028.87225
2021.0;17.0;Charente-Maritime;75.0;Nouvelle-Aquitaine;115577.12426
2021.0;55.0;Meuse;44.0;Grand Est;36388.391
2022.0;10.0;Aube;44.0;Grand Est;67385.79891
2022.0;53.0;Mayenne;52.0;Pays de la Loire;145395.07397
2019.0;77.0;Seine-et-Marne;11.0;Île-de-France;44992.38673
2019.0;5.0;Hautes-Alpes;93.0;Provence-Alpes-Côte d'Azur;12186.72327
2024.0;90.0;Territoire de Belfort;27.0;Bourgogne-Franche-Comté;4292.895
2019.0;39.0;Jura;27.0;Bourgogne-Franche-Comté;28930.83438
2019.0;8.0;Ardennes;44.0;Grand Est;32477.41467
2021.0;66.0;Pyrénées-Orientales;76.0;Occitanie;28550.77452
2018.0;5.0;Hautes-Alpes;93.0;Provence-Alpes-Côte d'Azur;10843.89322
2018.0;76.0;Seine-Maritime;28.0;Normandie;99763.72861
2018.0;976.0;Mayotte;6.0;Mayotte;399.934
2023.0;88.0;Vosges;44.0;Grand Est;42668.155
2018.0;78.0;Yvelines;11.0;Île-de-France;15714.93823
2018.0;94.0;Val-de-Marne;11.0;Île-de-France;1277.9613
2024.0;87.0;Haute-Vienne;75.0;Nouvelle-Aquitaine;14642.728
2019.0;972.0;Martinique;2.0;Martinique;9373.046
2019.0;30.0;Gard;76.0;Occitanie;51190.5512
2023.0;95.0;Val-d'Oise;11.0;Île-de-France;6551.089
2023.0;14.0;Calvados;28.0;Normandie;76132.525
2020.0;36.0;Indre;24.0;Centre-Val de Loire;40760.54813
2018.0;19.0;Corrèze;75.0;Nouvelle-Aquitaine;15931.33872
2020.0;75.0;Paris;11.0;Île-de-France;1526.88043
2021.0;976.0;Mayotte;6.0;Mayotte;207.976
2020.0;84.0;Vaucluse;93.0;Provence-Alpes-Côte d'Azur;64529.48108
2019.0;70.0;Haute-Saône;27.0;Bourgogne-Franche-Comté;18356.50021
2024.0;30.0;Gard;76.0;Occitanie;45417.053
2023.0;79.0;Deux-Sèvres;75.0;Nouvelle-Aquitaine;99961.96
2023.0;94.0;Val-de-Marne;11.0;Île-de-France;1592.714
2024.0;72.0;Sarthe;52.0;Pays de la Loire;105121.703
2019.0;64.0;Pyrénées-Atlantiques;75.0;Nouvelle-Aquitaine;84036.64746
2018.0;90.0;Territoire de Belfort;27.0;Bourgogne-Franche-Comté;3335.13661
2020.0;4.0;Alpes-de-Haute-Provence;93.0;Provence-Alpes-Côte d'Azur;19706.98159
2024.0;95.0;Val-d'Oise;11.0;Île-de-France;6750.527
2020.0;25.0;Doubs;27.0;Bourgogne-Franche-Comté;58126.15196
2021.0;22.0;Côtes-d'Armor;53.0;Bretagne;388769.6415
2018.0;30.0;Gard;76.0;Occitanie;48591.44478
2018.0;51.0;Marne;44.0;Grand Est;97528.13289
2021.0;59.0;Nord;32.0;Hauts-de-France;192187.84187
2018.0;26.0;Drôme;84.0;Auvergne-Rhône-Alpes;91076.15455
2020.0;86.0;Vienne;75.0;Nouvelle-Aquitaine;85697.39381
2024.0;91.0;Essonne;11.0;Île-de-France;10043.187
2020.0;18.0;Cher;24.0;Centre-Val de Loire;65003.91654
2018.0;16.0;Charente;75.0;Nouvelle-Aquitaine;63844.13454
2021.0;44.0;Loire-Atlantique;52.0;Pays de la Loire;178700.5798
2021.0;78.0;Yvelines;11.0;Île-de-France;15210.4074
2024.0;65.0;Hautes-Pyrénées;76.0;Occitanie;23081.981
2021.0;33.0;Gironde;75.0;Nouvelle-Aquitaine;229725.76869
2021.0;50.0;Manche;28.0;Normandie;180034.08052
2023.0;5.0;Hautes-Alpes;93.0;Provence-Alpes-Côte d'Azur;9482.654
2024.0;10.0;Aube;44.0;Grand Est;52005.855
2019.0;87.0;Haute-Vienne;75.0;Nouvelle-Aquitaine;18458.33938
2023.0;1.0;Ain;84.0;Auvergne-Rhône-Alpes;70256.182
2023.0;2.0;Aisne;32.0;Hauts-de-France;59676.474
2021.0;51.0;Marne;44.0;Grand Est;100498.0174
2022.0;25.0;Doubs;27.0;Bourgogne-Franche-Comté;60009.47406
2022.0;91.0;Essonne;11.0;Île-de-France;12874.13735
2021.0;54.0;Meurthe-et-Moselle;44.0;Grand Est;36182.26321
2024.0;67.0;Bas-Rhin;44.0;Grand Est;61065.334
2019.0;48.0;Lozère;76.0;Occitanie;18444.39444
2022.0;976.0;Mayotte;6.0;Mayotte;0.0
