Année;Code département;Libellé département;Code région;Libellé région;Consommation électricité tertiaire (MWh)
2012.0;9.0;Ariège;76.0;Occitanie;153944.85
2012.0;10.0;Aube;44.0;Grand Est;389415.56
2012.0;38.0;Isère;84.0;Auvergne-Rhône-Alpes;1965229.14
2012.0;84.0;Vaucluse;93.0;Provence-Alpes-Côte d'Azur;983103.24
2012.0;88.0;Vosges;44.0;Grand Est;405569.08
2013.0;36.0;Indre;24.0;Centre-Val de Loire;378611.51
2013.0;68.0;Haut-Rhin;44.0;Grand Est;1048910.8
2014.0;11.0;Aude;76.0;Occitanie;484257.87
2014.0;21.0;Côte-d'Or;27.0;Bourgogne-Franche-Comté;997987.38
2014.0;29.0;Finistère;53.0;Bretagne;1193614.85
2014.0;36.0;Indre;24.0;Centre-Val de Loire;381908.01
2015.0;29.0;Finistère;53.0;Bretagne;1192741.49
2015.0;2B;Haute-Corse;94.0;Corse;0.0
2015.0;75.0;Paris;11.0;Île-de-France;7578182.28
2016.0;3.0;Allier;84.0;Auvergne-Rhône-Alpes;487537.2
2016.0;42.0;Loire;84.0;Auvergne-Rhône-Alpes;910550.33
2016.0;57.0;Moselle;44.0;Grand Est;835725.19
2016.0;72.0;Sarthe;52.0;Pays de la Loire;919649.32
2016.0;973.0;Guyane;3.0;Guyane;0.0
2017.0;3.0;Allier;84.0;Auvergne-Rhône-Alpes;497537.3
2017.0;4.0;Alpes-de-Haute-Provence;93.0;Provence-Alpes-Côte d'Azur;270506.41
2017.0;8.0;Ardennes;44.0;Grand Est;255755.76
2017.0;11.0;Aude;76.0;Occitanie;495277.2
2017.0;18.0;Cher;24.0;Centre-Val de Loire;425571.44
2017.0;41.0;Loir-et-Cher;24.0;Centre-Val de Loire;467412.46
2017.0;46.0;Lot;76.0;Occitanie;212549.05
2017.0;48.0;Lozère;76.0;Occitanie;93371.23
2017.0;49.0;Maine-et-Loire;52.0;Pays de la Loire;1070497.69
2012.0;35.0;Ille-et-Vilaine;53.0;Bretagne;1490995.55
2012.0;45.0;Loiret;24.0;Centre-Val de Loire;1096274.53
2012.0;47.0;Lot-et-Garonne;75.0;Nouvelle-Aquitaine;467256.75
2012.0;971.0;Guadeloupe;1.0;Guadeloupe;0.0
2013.0;6.0;Alpes-Maritimes;93.0;Provence-Alpes-Côte d'Azur;2244657.05
2013.0;8.0;Ardennes;44.0;Grand Est;261836.11000000002
2013.0;33.0;Gironde;75.0;Nouvelle-Aquitaine;2416987.5
2013.0;50.0;Manche;28.0;Normandie;584101.65
2013.0;52.0;Haute-Marne;44.0;Grand Est;258906.33
2013.0;59.0;Nord;32.0;Hauts-de-France;3774337.15
2013.0;83.0;Var;93.0;Provence-Alpes-Côte d'Azur;1539911.62
2014.0;28.0;Eure-et-Loir;24.0;Centre-Val de Loire;545850.08
2014.0;56.0;Morbihan;53.0;Bretagne;942241.1
2015.0;2.0;Aisne;32.0;Hauts-de-France;624357.47
2015.0;28.0;Eure-et-Loir;24.0;Centre-Val de Loire;682045.28
2015.0;38.0;Isère;84.0;Auvergne-Rhône-Alpes;2561019.79
2015.0;64.0;Pyrénées-Atlantiques;75.0;Nouvelle-Aquitaine;971684.39
2015.0;974.0;La Réunion;4.0;La Réunion;0.0
2016.0;4.0;Alpes-de-Haute-Provence;93.0;Provence-Alpes-Côte d'Azur;272636.85
2016.0;43.0;Haute-Loire;84.0;Auvergne-Rhône-Alpes;195124.97
2016.0;47.0;Lot-et-Garonne;75.0;Nouvelle-Aquitaine;492574.26
2016.0;55.0;Meuse;44.0;Grand Est;294449.41
2016.0;61.0;Orne;28.0;Normandie;308828.55
2017.0;1.0;Ain;84.0;Auvergne-Rhône-Alpes;2150022.34
2017.0;14.0;Calvados;28.0;Normandie;1038520.35
2017.0;29.0;Finistère;53.0;Bretagne;1243314.44
2017.0;51.0;Marne;44.0;Grand Est;1025144.99
2017.0;68.0;Haut-Rhin;44.0;Grand Est;1148576.03
2012.0;86.0;Vienne;75.0;Nouvelle-Aquitaine;456858.52
2013.0;65.0;Hautes-Pyrénées;76.0;Occitanie;343508.92
2013.0;974.0;La Réunion;4.0;La Réunion;0.0
2014.0;31.0;Haute-Garonne;76.0;Occitanie;2203174.08
2015.0;89.0;Yonne;27.0;Bourgogne-Franche-Comté;787236.7
2016.0;36.0;Indre;24.0;Centre-Val de Loire;365969.85
2017.0;25.0;Doubs;27.0;Bourgogne-Franche-Comté;748822.37
2017.0;39.0;Jura;27.0;Bourgogne-Franche-Comté;330748.74
2017.0;78.0;Yvelines;11.0;Île-de-France;2781664.25
2012.0;7.0;Ardèche;84.0;Auvergne-Rhône-Alpes;321180.55
2012.0;51.0;Marne;44.0;Grand Est;1010793.64
2012.0;63.0;Puy-de-Dôme;84.0;Auvergne-Rhône-Alpes;907167.15
2013.0;49.0;Maine-et-Loire;52.0;Pays de la Loire;1095718.3
2014.0;17.0;Charente-Maritime;75.0;Nouvelle-Aquitaine;822496.76
2014.0;37.0;Indre-et-Loire;24.0;Centre-Val de Loire;944324.5
2014.0;67.0;Bas-Rhin;44.0;Grand Est;916673.83
2015.0;19.0;Corrèze;75.0;Nouvelle-Aquitaine;346913.2
2015.0;43.0;Haute-Loire;84.0;Auvergne-Rhône-Alpes;196987.64
2013.0;28.0;Eure-et-Loir;24.0;Centre-Val de Loire;564961.91
2013.0;53.0;Mayenne;52.0;Pays de la Loire;360954.93
2013.0;87.0;Haute-Vienne;75.0;Nouvelle-Aquitaine;516811.16
2014.0;49.0;Maine-et-Loire;52.0;Pays de la Loire;1063125.32
2014.0;973.0;Guyane;3.0;Guyane;0.0
2015.0;4.0;Alpes-de-Haute-Provence;93.0;Provence-Alpes-Côte d'Azur;271370.23
2015.0;27.0;Eure;28.0;Normandie;779831.69
2015.0;79.0;Deux-Sèvres;75.0;Nouvelle-Aquitaine;327928.76
2015.0;80.0;Somme;32.0;Hauts-de-France;877089.03
2016.0;24.0;Dordogne;75.0;Nouvelle-Aquitaine;451516.7
2016.0;64.0;Pyrénées-Atlantiques;75.0;Nouvelle-Aquitaine;984556.02
2016.0;73.0;Savoie;84.0;Auvergne-Rhône-Alpes;1308315.768
2016.0;86.0;Vienne;75.0;Nouvelle-Aquitaine;476722.91
2016.0;93.0;Seine-Saint-Denis;11.0;Île-de-France;3517846.06
2017.0;21.0;Côte-d'Or;27.0;Bourgogne-Franche-Comté;1026551.63
2017.0;2B;Haute-Corse;94.0;Corse;296800.0
2017.0;50.0;Manche;28.0;Normandie;578442.71
2017.0;73.0;Savoie;84.0;Auvergne-Rhône-Alpes;1370605.13
2012.0;39.0;Jura;27.0;Bourgogne-Franche-Comté;304166.81
2012.0;59.0;Nord;32.0;Hauts-de-France;3648020.94
2012.0;93.0;Seine-Saint-Denis;11.0;Île-de-France;3363877.25
2013.0;13.0;Bouches-du-Rhône;93.0;Provence-Alpes-Côte d'Azur;3447269.31
2013.0;58.0;Nièvre;27.0;Bourgogne-Franche-Comté;255079.58
2013.0;89.0;Yonne;27.0;Bourgogne-Franche-Comté;821763.37
2013.0;972.0;Martinique;2.0;Martinique;0.0
2014.0;58.0;Nièvre;27.0;Bourgogne-Franche-Comté;242253.11000000002
2014.0;72.0;Sarthe;52.0;Pays de la Loire;928568.38
2014.0;84.0;Vaucluse;93.0;Provence-Alpes-Côte d'Azur;970486.43
2014.0;974.0;La Réunion;4.0;La Réunion;0.0
2015.0;37.0;Indre-et-Loire;24.0;Centre-Val de Loire;962951.6
2015.0;58.0;Nièvre;27.0;Bourgogne-Franche-Comté;250771.88
2015.0;971.0;Guadeloupe;1.0;Guadeloupe;0.0
2016.0;8.0;Ardennes;44.0;Grand Est;254821.07
2016.0;11.0;Aude;76.0;Occitanie;493710.68
2016.0;13.0;Bouches-du-Rhône;93.0;Provence-Alpes-Côte d'Azur;3481536.9699999997
2016.0;17.0;Charente-Maritime;75.0;Nouvelle-Aquitaine;845542.49
2016.0;50.0;Manche;28.0;Normandie;584466.68
2016.0;58.0;Nièvre;27.0;Bourgogne-Franche-Comté;253260.51
2016.0;71.0;Saône-et-Loire;27.0;Bourgogne-Franche-Comté;1051307.99
2017.0;5.0;Hautes-Alpes;93.0;Provence-Alpes-Côte d'Azur;350815.98
2017.0;9.0;Ariège;76.0;Occitanie;163570.37
2017.0;23.0;Creuse;75.0;Nouvelle-Aquitaine;105641.55
2017.0;34.0;Hérault;76.0;Occitanie;1818564.36
2017.0;61.0;Orne;28.0;Normandie;337629.92
2017.0;77.0;Seine-et-Marne;11.0;Île-de-France;3236465.14
2017.0;95.0;Val-d'Oise;11.0;Île-de-France;2044646.18
2013.0;41.0;Loir-et-Cher;24.0;Centre-Val de Loire;467569.17
2014.0;63.0;Puy-de-Dôme;84.0;Auvergne-Rhône-Alpes;887581.9
2014.0;79.0;Deux-Sèvres;75.0;Nouvelle-Aquitaine;189478.1
2014.0;85.0;Vendée;52.0;Pays de la Loire;839901.35
2015.0;6.0;Alpes-Maritimes;93.0;Provence-Alpes-Côte d'Azur;2238273.72
2015.0;36.0;Indre;24.0;Centre-Val de Loire;370890.81
2015.0;41.0;Loir-et-Cher;24.0;Centre-Val de Loire;457281.58
2015.0;94.0;Val-de-Marne;11.0;Île-de-France;2804742.93
2016.0;41.0;Loir-et-Cher;24.0;Centre-Val de Loire;454261.35
2016.0;65.0;Hautes-Pyrénées;76.0;Occitanie;357209.11
2016.0;81.0;Tarn;76.0;Occitanie;395940.65
2017.0;973.0;Guyane;3.0;Guyane;340657.0
2012.0;4.0;Alpes-de-Haute-Provence;93.0;Provence-Alpes-Côte d'Azur;287308.02999999997
2012.0;34.0;Hérault;76.0;Occitanie;1749730.78
2012.0;46.0;Lot;76.0;Occitanie;208922.94
2012.0;49.0;Maine-et-Loire;52.0;Pays de la Loire;1076790.67
2013.0;4.0;Alpes-de-Haute-Provence;93.0;Provence-Alpes-Côte d'Azur;294529.52
2013.0;46.0;Lot;76.0;Occitanie;207929.48
2013.0;56.0;Morbihan;53.0;Bretagne;959020.15
2013.0;67.0;Bas-Rhin;44.0;Grand Est;975911.17
2013.0;88.0;Vosges;44.0;Grand Est;410457.96
2013.0;93.0;Seine-Saint-Denis;11.0;Île-de-France;3479185.58
2014.0;2.0;Aisne;32.0;Hauts-de-France;603099.13
2014.0;23.0;Creuse;75.0;Nouvelle-Aquitaine;101933.02
2014.0;2A;Corse-du-Sud;94.0;Corse;0.0
2014.0;68.0;Haut-Rhin;44.0;Grand Est;1019180.7899999999
2014.0;89.0;Yonne;27.0;Bourgogne-Franche-Comté;778020.35
2015.0;62.0;Pas-de-Calais;32.0;Hauts-de-France;2388938.05
2015.0;65.0;Hautes-Pyrénées;76.0;Occitanie;338306.04
2015.0;76.0;Seine-Maritime;28.0;Normandie;1884268.86
2015.0;92.0;Hauts-de-Seine;11.0;Île-de-France;4319867.71
2016.0;22.0;Côtes-d'Armor;53.0;Bretagne;736364.93
2016.0;23.0;Creuse;75.0;Nouvelle-Aquitaine;106895.22
2016.0;68.0;Haut-Rhin;44.0;Grand Est;1083364.47
2016.0;95.0;Val-d'Oise;11.0;Île-de-France;2243942.73
2017.0;2A;Corse-du-Sud;94.0;Corse;278101.0
2017.0;65.0;Hautes-Pyrénées;76.0;Occitanie;359590.29
2017.0;85.0;Vendée;52.0;Pays de la Loire;983529.42
2012.0;3.0;Allier;84.0;Auvergne-Rhône-Alpes;464535.29
2012.0;15.0;Cantal;84.0;Auvergne-Rhône-Alpes;156534.7
2012.0;17.0;Charente-Maritime;75.0;Nouvelle-Aquitaine;825266.09
2012.0;25.0;Doubs;27.0;Bourgogne-Franche-Comté;715141.66
2012.0;73.0;Savoie;84.0;Auvergne-Rhône-Alpes;1236351.72
2012.0;92.0;Hauts-de-Seine;11.0;Île-de-France;4539134.47
2013.0;25.0;Doubs;27.0;Bourgogne-Franche-Comté;737466.76
2013.0;2B;Haute-Corse;94.0;Corse;0.0
2013.0;71.0;Saône-et-Loire;27.0;Bourgogne-Franche-Comté;1083545.4
2013.0;72.0;Sarthe;52.0;Pays de la Loire;960455.41
2013.0;92.0;Hauts-de-Seine;11.0;Île-de-France;4664203.55
2014.0;5.0;Hautes-Alpes;93.0;Provence-Alpes-Côte d'Azur;326865.58
2014.0;15.0;Cantal;84.0;Auvergne-Rhône-Alpes;150739.12
2014.0;30.0;Gard;76.0;Occitanie;852102.93
2014.0;35.0;Ille-et-Vilaine;53.0;Bretagne;1493542.55
2014.0;43.0;Haute-Loire;84.0;Auvergne-Rhône-Alpes;194264.96
2014.0;65.0;Hautes-Pyrénées;76.0;Occitanie;325759.79
2015.0;1.0;Ain;84.0;Auvergne-Rhône-Alpes;2217972.72
2015.0;45.0;Loiret;24.0;Centre-Val de Loire;1112084.05
2015.0;59.0;Nord;32.0;Hauts-de-France;3697417.83
2015.0;78.0;Yvelines;11.0;Île-de-France;2789432.4
2015.0;86.0;Vienne;75.0;Nouvelle-Aquitaine;463528.86
2016.0;26.0;Drôme;84.0;Auvergne-Rhône-Alpes;906999.02
2016.0;51.0;Marne;44.0;Grand Est;1027506.55
2016.0;79.0;Deux-Sèvres;75.0;Nouvelle-Aquitaine;420852.52
2017.0;31.0;Haute-Garonne;76.0;Occitanie;2233266.6
2017.0;40.0;Landes;75.0;Nouvelle-Aquitaine;695312.52
2017.0;64.0;Pyrénées-Atlantiques;75.0;Nouvelle-Aquitaine;1044843.88
2012.0;62.0;Pas-de-Calais;32.0;Hauts-de-France;2438569.58
2012.0;76.0;Seine-Maritime;28.0;Normandie;1864050.4
2012.0;87.0;Haute-Vienne;75.0;Nouvelle-Aquitaine;504922.57
2013.0;1.0;Ain;84.0;Auvergne-Rhône-Alpes;1422818.94
2013.0;54.0;Meurthe-et-Moselle;44.0;Grand Est;1182633.38
2013.0;66.0;Pyrénées-Orientales;76.0;Occitanie;720454.98
2013.0;971.0;Guadeloupe;1.0;Guadeloupe;0.0
2015.0;82.0;Tarn-et-Garonne;76.0;Occitanie;394616.73
2016.0;9.0;Ariège;76.0;Occitanie;161211.81
2016.0;28.0;Eure-et-Loir;24.0;Centre-Val de Loire;624512.32
2016.0;2B;Haute-Corse;94.0;Corse;0.0
2016.0;62.0;Pas-de-Calais;32.0;Hauts-de-France;2471581.67
2016.0;67.0;Bas-Rhin;44.0;Grand Est;980632.6699999999
2016.0;76.0;Seine-Maritime;28.0;Normandie;1892081.06
2016.0;78.0;Yvelines;11.0;Île-de-France;2781392.48
2017.0;53.0;Mayenne;52.0;Pays de la Loire;357232.6
2017.0;87.0;Haute-Vienne;75.0;Nouvelle-Aquitaine;486317.04
2017.0;90.0;Territoire de Belfort;27.0;Bourgogne-Franche-Comté;171931.49
2017.0;972.0;Martinique;2.0;Martinique;454880.0
2012.0;16.0;Charente;75.0;Nouvelle-Aquitaine;490137.45
2012.0;26.0;Drôme;84.0;Auvergne-Rhône-Alpes;931701.67
2012.0;30.0;Gard;76.0;Occitanie;899838.49
2012.0;41.0;Loir-et-Cher;24.0;Centre-Val de Loire;462631.33
2012.0;48.0;Lozère;76.0;Occitanie;89268.04
2012.0;66.0;Pyrénées-Orientales;76.0;Occitanie;705389.39
2012.0;80.0;Somme;32.0;Hauts-de-France;745272.97
2012.0;91.0;Essonne;11.0;Île-de-France;2829940.48
2013.0;24.0;Dordogne;75.0;Nouvelle-Aquitaine;449182.89
2013.0;27.0;Eure;28.0;Normandie;782087.17
2013.0;45.0;Loiret;24.0;Centre-Val de Loire;1127586.56
2013.0;90.0;Territoire de Belfort;27.0;Bourgogne-Franche-Comté;152885.92
2014.0;2B;Haute-Corse;94.0;Corse;0.0
2014.0;71.0;Saône-et-Loire;27.0;Bourgogne-Franche-Comté;1045223.8099999999
2014.0;80.0;Somme;32.0;Hauts-de-France;870158.64
2014.0;94.0;Val-de-Marne;11.0;Île-de-France;2774641.91
2015.0;21.0;Côte-d'Or;27.0;Bourgogne-Franche-Comté;1017926.76
2015.0;46.0;Lot;76.0;Occitanie;207015.65
2015.0;972.0;Martinique;2.0;Martinique;0.0
2016.0;14.0;Calvados;28.0;Normandie;1055420.53
2016.0;39.0;Jura;27.0;Bourgogne-Franche-Comté;320233.63
2016.0;69.0;Rhône;84.0;Auvergne-Rhône-Alpes;3419235.82
2016.0;976.0;Mayotte;6.0;Mayotte;72729.06
2017.0;36.0;Indre;24.0;Centre-Val de Loire;427779.03
2017.0;38.0;Isère;84.0;Auvergne-Rhône-Alpes;2177834.55
2017.0;84.0;Vaucluse;93.0;Provence-Alpes-Côte d'Azur;1037724.3200000001
2012.0;56.0;Morbihan;53.0;Bretagne;940151.75
2012.0;61.0;Orne;28.0;Normandie;306009.2
2012.0;65.0;Hautes-Pyrénées;76.0;Occitanie;349376.65
2012.0;85.0;Vendée;52.0;Pays de la Loire;845038.55
2013.0;12.0;Aveyron;76.0;Occitanie;307274.77999999997
2017.0;81.0;Tarn;76.0;Occitanie;398149.08
2012.0;78.0;Yvelines;11.0;Île-de-France;2691679.42
2012.0;79.0;Deux-Sèvres;75.0;Nouvelle-Aquitaine;193633.77
2012.0;95.0;Val-d'Oise;11.0;Île-de-France;2261077.59
2013.0;29.0;Finistère;53.0;Bretagne;1207729.83
2013.0;63.0;Puy-de-Dôme;84.0;Auvergne-Rhône-Alpes;928420.78
2013.0;74.0;Haute-Savoie;84.0;Auvergne-Rhône-Alpes;1355295.72
2014.0;19.0;Corrèze;75.0;Nouvelle-Aquitaine;343725.53
2014.0;27.0;Eure;28.0;Normandie;756146.16
2014.0;69.0;Rhône;84.0;Auvergne-Rhône-Alpes;3293583.64
2014.0;93.0;Seine-Saint-Denis;11.0;Île-de-France;3346460.31
2015.0;39.0;Jura;27.0;Bourgogne-Franche-Comté;319940.09
2015.0;40.0;Landes;75.0;Nouvelle-Aquitaine;700832.61
2015.0;66.0;Pyrénées-Orientales;76.0;Occitanie;720889.53
2015.0;95.0;Val-d'Oise;11.0;Île-de-France;2235405.94
2016.0;6.0;Alpes-Maritimes;93.0;Provence-Alpes-Côte d'Azur;2247386.38
2016.0;75.0;Paris;11.0;Île-de-France;7566431.43
2016.0;94.0;Val-de-Marne;11.0;Île-de-France;2701387.54
2017.0;2.0;Aisne;32.0;Hauts-de-France;654405.79
2017.0;10.0;Aube;44.0;Grand Est;461963.15
2017.0;12.0;Aveyron;76.0;Occitanie;349232.51
2017.0;19.0;Corrèze;75.0;Nouvelle-Aquitaine;354604.77999999997
2017.0;55.0;Meuse;44.0;Grand Est;304655.29
2013.0;2A;Corse-du-Sud;94.0;Corse;0.0
2013.0;61.0;Orne;28.0;Normandie;310406.67
2013.0;76.0;Seine-Maritime;28.0;Normandie;1904711.31
2013.0;86.0;Vienne;75.0;Nouvelle-Aquitaine;458427.02
2014.0;12.0;Aveyron;76.0;Occitanie;292519.37
2014.0;64.0;Pyrénées-Atlantiques;75.0;Nouvelle-Aquitaine;940128.46
2015.0;8.0;Ardennes;44.0;Grand Est;252921.12
2015.0;16.0;Charente;75.0;Nouvelle-Aquitaine;494613.52
2015.0;42.0;Loire;84.0;Auvergne-Rhône-Alpes;909283.8099999999
2015.0;84.0;Vaucluse;93.0;Provence-Alpes-Côte d'Azur;992866.55
2016.0;31.0;Haute-Garonne;76.0;Occitanie;2249389.76
2016.0;38.0;Isère;84.0;Auvergne-Rhône-Alpes;2501258.84
2012.0;19.0;Corrèze;75.0;Nouvelle-Aquitaine;349755.73
2012.0;55.0;Meuse;44.0;Grand Est;303538.27
2012.0;60.0;Oise;32.0;Hauts-de-France;1074407.43
2012.0;82.0;Tarn-et-Garonne;76.0;Occitanie;387026.37
2013.0;39.0;Jura;27.0;Bourgogne-Franche-Comté;310082.86
2014.0;57.0;Moselle;44.0;Grand Est;710410.17
2014.0;95.0;Val-d'Oise;11.0;Île-de-France;2201210.04
2016.0;12.0;Aveyron;76.0;Occitanie;307559.18
2016.0;56.0;Morbihan;53.0;Bretagne;957554.26
2016.0;84.0;Vaucluse;93.0;Provence-Alpes-Côte d'Azur;994827.39
2012.0;8.0;Ardennes;44.0;Grand Est;258763.09
2012.0;68.0;Haut-Rhin;44.0;Grand Est;1033420.1900000001
2012.0;77.0;Seine-et-Marne;11.0;Île-de-France;2955840.18
2013.0;5.0;Hautes-Alpes;93.0;Provence-Alpes-Côte d'Azur;356336.36
2012.0;14.0;Calvados;28.0;Normandie;1018808.09
2012.0;64.0;Pyrénées-Atlantiques;75.0;Nouvelle-Aquitaine;927739.97
2013.0;48.0;Lozère;76.0;Occitanie;89756.97
2013.0;64.0;Pyrénées-Atlantiques;75.0;Nouvelle-Aquitaine;958030.36
2013.0;84.0;Vaucluse;93.0;Provence-Alpes-Côte d'Azur;994445.31
2013.0;95.0;Val-d'Oise;11.0;Île-de-France;2300242.08
2014.0;14.0;Calvados;28.0;Normandie;1014833.07
2014.0;16.0;Charente;75.0;Nouvelle-Aquitaine;513453.39
2014.0;46.0;Lot;76.0;Occitanie;198813.68
2014.0;88.0;Vosges;44.0;Grand Est;387582.56
2015.0;11.0;Aude;76.0;Occitanie;491224.37
2015.0;14.0;Calvados;28.0;Normandie;1031353.99
2012.0;81.0;Tarn;76.0;Occitanie;389370.57
2013.0;40.0;Landes;75.0;Nouvelle-Aquitaine;680384.66
2013.0;60.0;Oise;32.0;Hauts-de-France;1103599.97
2013.0;973.0;Guyane;3.0;Guyane;0.0
2015.0;52.0;Haute-Marne;44.0;Grand Est;264222.46
2015.0;61.0;Orne;28.0;Normandie;302797.52999999997
2015.0;90.0;Territoire de Belfort;27.0;Bourgogne-Franche-Comté;146862.06
2016.0;48.0;Lozère;76.0;Occitanie;95832.63
2017.0;54.0;Meurthe-et-Moselle;44.0;Grand Est;1120496.61
2017.0;71.0;Saône-et-Loire;27.0;Bourgogne-Franche-Comté;1127272.1300000001
2012.0;50.0;Manche;28.0;Normandie;575554.59
2012.0;57.0;Moselle;44.0;Grand Est;737740.19
2014.0;55.0;Meuse;44.0;Grand Est;294974.4
2014.0;90.0;Territoire de Belfort;27.0;Bourgogne-Franche-Comté;142201.41
2016.0;83.0;Var;93.0;Provence-Alpes-Côte d'Azur;1537534.23
2017.0;22.0;Côtes-d'Armor;53.0;Bretagne;755133.99
2012.0;12.0;Aveyron;76.0;Occitanie;299819.4
2012.0;54.0;Meurthe-et-Moselle;44.0;Grand Est;1144487.7
2012.0;75.0;Paris;11.0;Île-de-France;7824761.8
2013.0;2.0;Aisne;32.0;Hauts-de-France;635479.86
2013.0;10.0;Aube;44.0;Grand Est;403163.41
2013.0;15.0;Cantal;84.0;Auvergne-Rhône-Alpes;158476.15
2016.0;971.0;Guadeloupe;1.0;Guadeloupe;0.0
2016.0;974.0;La Réunion;4.0;La Réunion;0.0
2017.0;42.0;Loire;84.0;Auvergne-Rhône-Alpes;925128.41
2017.0;57.0;Moselle;44.0;Grand Est;1204026.96
2017.0;94.0;Val-de-Marne;11.0;Île-de-France;2631341.4
2017.0;974.0;La Réunion;4.0;La Réunion;839297.0
2017.0;976.0;Mayotte;6.0;Mayotte;73953.7
2013.0;35.0;Ille-et-Vilaine;53.0;Bretagne;1528627.52
2013.0;75.0;Paris;11.0;Île-de-France;7902689.6
2013.0;82.0;Tarn-et-Garonne;76.0;Occitanie;381021.24
2014.0;33.0;Gironde;75.0;Nouvelle-Aquitaine;2369618.06
2014.0;86.0;Vienne;75.0;Nouvelle-Aquitaine;442886.16
2015.0;5.0;Hautes-Alpes;93.0;Provence-Alpes-Côte d'Azur;344423.31
2015.0;9.0;Ariège;76.0;Occitanie;164472.05
2015.0;22.0;Côtes-d'Armor;53.0;Bretagne;722104.67
2015.0;2A;Corse-du-Sud;94.0;Corse;0.0
2015.0;32.0;Gers;76.0;Occitanie;221139.88
2015.0;71.0;Saône-et-Loire;27.0;Bourgogne-Franche-Comté;1063386.15
2016.0;1.0;Ain;84.0;Auvergne-Rhône-Alpes;2172198.08
2016.0;46.0;Lot;76.0;Occitanie;207138.86000000002
2016.0;60.0;Oise;32.0;Hauts-de-France;1084150.84
2016.0;87.0;Haute-Vienne;75.0;Nouvelle-Aquitaine;505498.76999999996
2016.0;92.0;Hauts-de-Seine;11.0;Île-de-France;4295959.15
2017.0;33.0;Gironde;75.0;Nouvelle-Aquitaine;2487683.77
2017.0;74.0;Haute-Savoie;84.0;Auvergne-Rhône-Alpes;1434324.16
2017.0;82.0;Tarn-et-Garonne;76.0;Occitanie;395103.27999999997
2017.0;83.0;Var;93.0;Provence-Alpes-Côte d'Azur;1573271.84
2013.0;94.0;Val-de-Marne;11.0;Île-de-France;2801607.28
2014.0;1.0;Ain;84.0;Auvergne-Rhône-Alpes;1578582.2999999998
2014.0;22.0;Côtes-d'Armor;53.0;Bretagne;710300.22
2014.0;40.0;Landes;75.0;Nouvelle-Aquitaine;674104.95
2014.0;52.0;Haute-Marne;44.0;Grand Est;254482.38
2014.0;74.0;Haute-Savoie;84.0;Auvergne-Rhône-Alpes;1263597.08
2014.0;76.0;Seine-Maritime;28.0;Normandie;1830841.43
2015.0;12.0;Aveyron;76.0;Occitanie;301004.74
2015.0;44.0;Loire-Atlantique;52.0;Pays de la Loire;1924542.04
2016.0;16.0;Charente;75.0;Nouvelle-Aquitaine;499350.58999999997
2016.0;44.0;Loire-Atlantique;52.0;Pays de la Loire;1963264.19
2016.0;59.0;Nord;32.0;Hauts-de-France;3727004.06
2016.0;63.0;Puy-de-Dôme;84.0;Auvergne-Rhône-Alpes;931425.09
2017.0;43.0;Haute-Loire;84.0;Auvergne-Rhône-Alpes;193073.03
2012.0;5.0;Hautes-Alpes;93.0;Provence-Alpes-Côte d'Azur;344730.86
2012.0;58.0;Nièvre;27.0;Bourgogne-Franche-Comté;250910.95
2013.0;11.0;Aude;76.0;Occitanie;500767.01
2013.0;23.0;Creuse;75.0;Nouvelle-Aquitaine;111151.65
2013.0;31.0;Haute-Garonne;76.0;Occitanie;2286026.07
2013.0;51.0;Marne;44.0;Grand Est;1021953.72
2013.0;70.0;Haute-Saône;27.0;Bourgogne-Franche-Comté;271006.51
2014.0;26.0;Drôme;84.0;Auvergne-Rhône-Alpes;885264.59
2014.0;54.0;Meurthe-et-Moselle;44.0;Grand Est;1080687.9
2014.0;61.0;Orne;28.0;Normandie;300450.08
2014.0;77.0;Seine-et-Marne;11.0;Île-de-France;2921552.84
2014.0;81.0;Tarn;76.0;Occitanie;378136.36
2015.0;30.0;Gard;76.0;Occitanie;878667.71
2015.0;31.0;Haute-Garonne;76.0;Occitanie;2243787.69
2015.0;35.0;Ille-et-Vilaine;53.0;Bretagne;1507976.55
2015.0;63.0;Puy-de-Dôme;84.0;Auvergne-Rhône-Alpes;927030.4
2015.0;85.0;Vendée;52.0;Pays de la Loire;855021.18
2016.0;27.0;Eure;28.0;Normandie;802438.45
2016.0;35.0;Ille-et-Vilaine;53.0;Bretagne;1545957.08
2016.0;66.0;Pyrénées-Orientales;76.0;Occitanie;721621.5
2016.0;77.0;Seine-et-Marne;11.0;Île-de-France;3052159.59
2016.0;91.0;Essonne;11.0;Île-de-France;2838202.9
2017.0;6.0;Alpes-Maritimes;93.0;Provence-Alpes-Côte d'Azur;2256090.2
2017.0;28.0;Eure-et-Loir;24.0;Centre-Val de Loire;723919.37
2017.0;44.0;Loire-Atlantique;52.0;Pays de la Loire;2005575.9
2017.0;45.0;Loiret;24.0;Centre-Val de Loire;1162026.74
2017.0;89.0;Yonne;27.0;Bourgogne-Franche-Comté;801657.0499999999
2017.0;93.0;Seine-Saint-Denis;11.0;Île-de-France;3465547.98
2013.0;44.0;Loire-Atlantique;52.0;Pays de la Loire;1946136.72
2014.0;7.0;Ardèche;84.0;Auvergne-Rhône-Alpes;319857.38
2014.0;10.0;Aube;44.0;Grand Est;386716.2
2014.0;18.0;Cher;24.0;Centre-Val de Loire;399619.28
2014.0;24.0;Dordogne;75.0;Nouvelle-Aquitaine;437189.81
2014.0;34.0;Hérault;76.0;Occitanie;1756350.01
2014.0;47.0;Lot-et-Garonne;75.0;Nouvelle-Aquitaine;471091.65
2014.0;53.0;Mayenne;52.0;Pays de la Loire;344605.01
2015.0;13.0;Bouches-du-Rhône;93.0;Provence-Alpes-Côte d'Azur;3490377.37
2015.0;49.0;Maine-et-Loire;52.0;Pays de la Loire;1082866.13
2015.0;69.0;Rhône;84.0;Auvergne-Rhône-Alpes;3428995.85
2016.0;5.0;Hautes-Alpes;93.0;Provence-Alpes-Côte d'Azur;354617.63
2016.0;10.0;Aube;44.0;Grand Est;417805.82
2016.0;15.0;Cantal;84.0;Auvergne-Rhône-Alpes;155840.85
2017.0;35.0;Ille-et-Vilaine;53.0;Bretagne;1569421.81
2017.0;59.0;Nord;32.0;Hauts-de-France;3855031.66
2017.0;60.0;Oise;32.0;Hauts-de-France;1099635.9
2017.0;91.0;Essonne;11.0;Île-de-France;2842295.8
2012.0;13.0;Bouches-du-Rhône;93.0;Provence-Alpes-Côte d'Azur;3372695.43
2012.0;2A;Corse-du-Sud;94.0;Corse;0.0
2012.0;32.0;Gers;76.0;Occitanie;220918.38
2012.0;44.0;Loire-Atlantique;52.0;Pays de la Loire;1881524.63
2012.0;53.0;Mayenne;52.0;Pays de la Loire;359983.14
2012.0;69.0;Rhône;84.0;Auvergne-Rhône-Alpes;3376585.02
2012.0;972.0;Martinique;2.0;Martinique;0.0
2013.0;17.0;Charente-Maritime;75.0;Nouvelle-Aquitaine;846425.04
2013.0;57.0;Moselle;44.0;Grand Est;740450.72
2013.0;78.0;Yvelines;11.0;Île-de-France;2848012.33
2013.0;91.0;Essonne;11.0;Île-de-France;2850938.09
2014.0;13.0;Bouches-du-Rhône;93.0;Provence-Alpes-Côte d'Azur;3403306.64
2014.0;39.0;Jura;27.0;Bourgogne-Franche-Comté;299601.95
2014.0;50.0;Manche;28.0;Normandie;561747.47
2014.0;51.0;Marne;44.0;Grand Est;972176.13
2014.0;82.0;Tarn-et-Garonne;76.0;Occitanie;383425.58
2015.0;3.0;Allier;84.0;Auvergne-Rhône-Alpes;479988.44
2015.0;26.0;Drôme;84.0;Auvergne-Rhône-Alpes;934866.39
2015.0;47.0;Lot-et-Garonne;75.0;Nouvelle-Aquitaine;483363.97
2015.0;57.0;Moselle;44.0;Grand Est;1217241.66
2016.0;29.0;Finistère;53.0;Bretagne;1222419.21
2016.0;82.0;Tarn-et-Garonne;76.0;Occitanie;386963.6
2017.0;16.0;Charente;75.0;Nouvelle-Aquitaine;548703.54
2017.0;24.0;Dordogne;75.0;Nouvelle-Aquitaine;459333.02
2017.0;30.0;Gard;76.0;Occitanie;889076.26
2017.0;37.0;Indre-et-Loire;24.0;Centre-Val de Loire;963093.5599999999
2012.0;29.0;Finistère;53.0;Bretagne;1180054.8
2013.0;37.0;Indre-et-Loire;24.0;Centre-Val de Loire;979380.37
2013.0;47.0;Lot-et-Garonne;75.0;Nouvelle-Aquitaine;472107.8
2014.0;6.0;Alpes-Maritimes;93.0;Provence-Alpes-Côte d'Azur;2188693.57
2014.0;41.0;Loir-et-Cher;24.0;Centre-Val de Loire;450734.31
2014.0;42.0;Loire;84.0;Auvergne-Rhône-Alpes;890602.84
2015.0;50.0;Manche;28.0;Normandie;565895.87
2015.0;73.0;Savoie;84.0;Auvergne-Rhône-Alpes;1300275.84
2015.0;93.0;Seine-Saint-Denis;11.0;Île-de-France;3451875.82
2017.0;56.0;Morbihan;53.0;Bretagne;977688.32
2017.0;70.0;Haute-Saône;27.0;Bourgogne-Franche-Comté;295726.77999999997
2017.0;75.0;Paris;11.0;Île-de-France;7458032.01
2012.0;22.0;Côtes-d'Armor;53.0;Bretagne;728472.0
2012.0;28.0;Eure-et-Loir;24.0;Centre-Val de Loire;566553.41
2013.0;7.0;Ardèche;84.0;Auvergne-Rhône-Alpes;322297.01
2013.0;16.0;Charente;75.0;Nouvelle-Aquitaine;508354.37
2013.0;18.0;Cher;24.0;Centre-Val de Loire;419650.8
2013.0;69.0;Rhône;84.0;Auvergne-Rhône-Alpes;3456306.71
2013.0;73.0;Savoie;84.0;Auvergne-Rhône-Alpes;1290068.181
2014.0;3.0;Allier;84.0;Auvergne-Rhône-Alpes;462961.5
2014.0;8.0;Ardennes;44.0;Grand Est;249089.73
2014.0;25.0;Doubs;27.0;Bourgogne-Franche-Comté;711180.05
2014.0;78.0;Yvelines;11.0;Île-de-France;2672501.86
2014.0;91.0;Essonne;11.0;Île-de-France;2631748.82
2014.0;971.0;Guadeloupe;1.0;Guadeloupe;0.0
2015.0;7.0;Ardèche;84.0;Auvergne-Rhône-Alpes;331174.35
2016.0;33.0;Gironde;75.0;Nouvelle-Aquitaine;2460247.18
2016.0;37.0;Indre-et-Loire;24.0;Centre-Val de Loire;962634.94
2016.0;90.0;Territoire de Belfort;27.0;Bourgogne-Franche-Comté;156824.48
2017.0;67.0;Bas-Rhin;44.0;Grand Est;1461100.69
2012.0;6.0;Alpes-Maritimes;93.0;Provence-Alpes-Côte d'Azur;2224724.08
2012.0;21.0;Côte-d'Or;27.0;Bourgogne-Franche-Comté;1005124.84
2012.0;37.0;Indre-et-Loire;24.0;Centre-Val de Loire;966605.6900000001
2012.0;70.0;Haute-Saône;27.0;Bourgogne-Franche-Comté;265882.84
2012.0;71.0;Saône-et-Loire;27.0;Bourgogne-Franche-Comté;1069435.31
2012.0;90.0;Territoire de Belfort;27.0;Bourgogne-Franche-Comté;150213.87
2012.0;973.0;Guyane;3.0;Guyane;0.0
2013.0;9.0;Ariège;76.0;Occitanie;163183.59
2013.0;22.0;Côtes-d'Armor;53.0;Bretagne;728447.39
2014.0;9.0;Ariège;76.0;Occitanie;156964.37
2014.0;48.0;Lozère;76.0;Occitanie;83756.73
2014.0;60.0;Oise;32.0;Hauts-de-France;1050529.23
2014.0;972.0;Martinique;2.0;Martinique;0.0
2015.0;34.0;Hérault;76.0;Occitanie;1795977.57
2015.0;51.0;Marne;44.0;Grand Est;1011095.0
2015.0;55.0;Meuse;44.0;Grand Est;294918.92
2015.0;72.0;Sarthe;52.0;Pays de la Loire;926646.85
2016.0;7.0;Ardèche;84.0;Auvergne-Rhône-Alpes;342914.65
2016.0;32.0;Gers;76.0;Occitanie;219720.58
2016.0;52.0;Haute-Marne;44.0;Grand Est;264492.8
2016.0;74.0;Haute-Savoie;84.0;Auvergne-Rhône-Alpes;1414546.4
2016.0;85.0;Vendée;52.0;Pays de la Loire;867272.51
2016.0;972.0;Martinique;2.0;Martinique;0.0
2017.0;62.0;Pas-de-Calais;32.0;Hauts-de-France;2462560.77
2017.0;72.0;Sarthe;52.0;Pays de la Loire;933104.6
2017.0;76.0;Seine-Maritime;28.0;Normandie;1870071.5
2017.0;86.0;Vienne;75.0;Nouvelle-Aquitaine;688780.64
2017.0;971.0;Guadeloupe;1.0;Guadeloupe;505424.0
2012.0;67.0;Bas-Rhin;44.0;Grand Est;355524.2
2012.0;74.0;Haute-Savoie;84.0;Auvergne-Rhône-Alpes;1219999.39
2012.0;83.0;Var;93.0;Provence-Alpes-Côte d'Azur;1506066.93
2012.0;94.0;Val-de-Marne;11.0;Île-de-France;2724641.05
2013.0;3.0;Allier;84.0;Auvergne-Rhône-Alpes;476568.05
2013.0;30.0;Gard;76.0;Occitanie;898276.22
2013.0;38.0;Isère;84.0;Auvergne-Rhône-Alpes;2012671.43
2013.0;81.0;Tarn;76.0;Occitanie;392767.95
2014.0;32.0;Gers;76.0;Occitanie;210831.6
2014.0;87.0;Haute-Vienne;75.0;Nouvelle-Aquitaine;495533.58
2015.0;67.0;Bas-Rhin;44.0;Grand Est;1004889.45
2015.0;81.0;Tarn;76.0;Occitanie;397428.62
2015.0;973.0;Guyane;3.0;Guyane;0.0
2016.0;2A;Corse-du-Sud;94.0;Corse;0.0
2016.0;54.0;Meurthe-et-Moselle;44.0;Grand Est;1099120.66
2017.0;13.0;Bouches-du-Rhône;93.0;Provence-Alpes-Côte d'Azur;3582558.9
2017.0;17.0;Charente-Maritime;75.0;Nouvelle-Aquitaine;877070.47
2012.0;1.0;Ain;84.0;Auvergne-Rhône-Alpes;2172604.67
2012.0;18.0;Cher;24.0;Centre-Val de Loire;417184.16
2012.0;40.0;Landes;75.0;Nouvelle-Aquitaine;672369.68
2012.0;43.0;Haute-Loire;84.0;Auvergne-Rhône-Alpes;205095.1
2012.0;72.0;Sarthe;52.0;Pays de la Loire;915131.47
2013.0;21.0;Côte-d'Or;27.0;Bourgogne-Franche-Comté;1043032.41
2013.0;42.0;Loire;84.0;Auvergne-Rhône-Alpes;940135.26
2013.0;62.0;Pas-de-Calais;32.0;Hauts-de-France;2448896.44
2013.0;77.0;Seine-et-Marne;11.0;Île-de-France;3052529.05
2014.0;70.0;Haute-Saône;27.0;Bourgogne-Franche-Comté;259792.34
2015.0;24.0;Dordogne;75.0;Nouvelle-Aquitaine;447980.83
2015.0;53.0;Mayenne;52.0;Pays de la Loire;348710.16
2015.0;68.0;Haut-Rhin;44.0;Grand Est;1020531.48
2015.0;91.0;Essonne;11.0;Île-de-France;2760090.61
2016.0;19.0;Corrèze;75.0;Nouvelle-Aquitaine;348435.1
2016.0;30.0;Gard;76.0;Occitanie;883969.16
2016.0;40.0;Landes;75.0;Nouvelle-Aquitaine;694952.88
2016.0;49.0;Maine-et-Loire;52.0;Pays de la Loire;1083893.72
2017.0;7.0;Ardèche;84.0;Auvergne-Rhône-Alpes;361790.97000000003
2017.0;32.0;Gers;76.0;Occitanie;221717.43
2017.0;52.0;Haute-Marne;44.0;Grand Est;316058.64
2017.0;63.0;Puy-de-Dôme;84.0;Auvergne-Rhône-Alpes;963490.53
2017.0;79.0;Deux-Sèvres;75.0;Nouvelle-Aquitaine;506963.09
2017.0;80.0;Somme;32.0;Hauts-de-France;891864.79
2017.0;92.0;Hauts-de-Seine;11.0;Île-de-France;4237462.57
2012.0;11.0;Aude;76.0;Occitanie;488912.72000000003
2012.0;24.0;Dordogne;75.0;Nouvelle-Aquitaine;443562.67
2012.0;2B;Haute-Corse;94.0;Corse;0.0
2012.0;31.0;Haute-Garonne;76.0;Occitanie;2304653.13
2013.0;32.0;Gers;76.0;Occitanie;223371.27
2014.0;38.0;Isère;84.0;Auvergne-Rhône-Alpes;1933323.29
2014.0;45.0;Loiret;24.0;Centre-Val de Loire;1084975.41
2014.0;62.0;Pas-de-Calais;32.0;Hauts-de-France;2368820.89
2014.0;73.0;Savoie;84.0;Auvergne-Rhône-Alpes;1205588.61
2014.0;75.0;Paris;11.0;Île-de-France;7547734.9799999995
2015.0;10.0;Aube;44.0;Grand Est;402838.19
2015.0;17.0;Charente-Maritime;75.0;Nouvelle-Aquitaine;844611.7
2015.0;23.0;Creuse;75.0;Nouvelle-Aquitaine;104392.46
2015.0;48.0;Lozère;76.0;Occitanie;85883.38
2015.0;77.0;Seine-et-Marne;11.0;Île-de-France;3003473.36
2015.0;83.0;Var;93.0;Provence-Alpes-Côte d'Azur;1546506.52
2015.0;87.0;Haute-Vienne;75.0;Nouvelle-Aquitaine;500724.65
2015.0;976.0;Mayotte;6.0;Mayotte;27208.239999999998
2016.0;25.0;Doubs;27.0;Bourgogne-Franche-Comté;744777.92
2016.0;45.0;Loiret;24.0;Centre-Val de Loire;1121201.27
2016.0;80.0;Somme;32.0;Hauts-de-France;872934.55
2016.0;89.0;Yonne;27.0;Bourgogne-Franche-Comté;785730.14
2017.0;26.0;Drôme;84.0;Auvergne-Rhône-Alpes;938463.72
2017.0;27.0;Eure;28.0;Normandie;811116.45
2017.0;58.0;Nièvre;27.0;Bourgogne-Franche-Comté;267295.93
2017.0;88.0;Vosges;44.0;Grand Est;592528.75
2012.0;2.0;Aisne;32.0;Hauts-de-France;637364.89
2012.0;23.0;Creuse;75.0;Nouvelle-Aquitaine;106278.92
2012.0;27.0;Eure;28.0;Normandie;759685.15
2012.0;42.0;Loire;84.0;Auvergne-Rhône-Alpes;914505.84
2012.0;974.0;La Réunion;4.0;La Réunion;0.0
2013.0;19.0;Corrèze;75.0;Nouvelle-Aquitaine;348758.41000000003
2013.0;34.0;Hérault;76.0;Occitanie;1781214.29
2013.0;43.0;Haute-Loire;84.0;Auvergne-Rhône-Alpes;208242.38
2013.0;55.0;Meuse;44.0;Grand Est;303213.93
2013.0;80.0;Somme;32.0;Hauts-de-France;825629.88
2013.0;85.0;Vendée;52.0;Pays de la Loire;860506.85
2014.0;4.0;Alpes-de-Haute-Provence;93.0;Provence-Alpes-Côte d'Azur;279767.68
2014.0;44.0;Loire-Atlantique;52.0;Pays de la Loire;1905859.96
2015.0;25.0;Doubs;27.0;Bourgogne-Franche-Comté;732354.88
2015.0;33.0;Gironde;75.0;Nouvelle-Aquitaine;2443731.11
2015.0;56.0;Morbihan;53.0;Bretagne;941097.51
2015.0;88.0;Vosges;44.0;Grand Est;409070.83
2016.0;34.0;Hérault;76.0;Occitanie;1781351.31
2016.0;70.0;Haute-Saône;27.0;Bourgogne-Franche-Comté;276021.63
2016.0;88.0;Vosges;44.0;Grand Est;406464.61
2017.0;15.0;Cantal;84.0;Auvergne-Rhône-Alpes;157923.48
2017.0;47.0;Lot-et-Garonne;75.0;Nouvelle-Aquitaine;490529.04
2017.0;69.0;Rhône;84.0;Auvergne-Rhône-Alpes;3469584.41
2012.0;33.0;Gironde;75.0;Nouvelle-Aquitaine;2330274.94
2012.0;36.0;Indre;24.0;Centre-Val de Loire;356498.57
2014.0;59.0;Nord;32.0;Hauts-de-France;3616146.4
2014.0;66.0;Pyrénées-Orientales;76.0;Occitanie;703099.42
2014.0;83.0;Var;93.0;Provence-Alpes-Côte d'Azur;1501078.85
2014.0;92.0;Hauts-de-Seine;11.0;Île-de-France;4303657.98
2015.0;60.0;Oise;32.0;Hauts-de-France;1087452.82
2015.0;70.0;Haute-Saône;27.0;Bourgogne-Franche-Comté;266963.69
2015.0;74.0;Haute-Savoie;84.0;Auvergne-Rhône-Alpes;1326008.17
2012.0;52.0;Haute-Marne;44.0;Grand Est;257822.93
2012.0;89.0;Yonne;27.0;Bourgogne-Franche-Comté;801153.52
2013.0;14.0;Calvados;28.0;Normandie;1045050.45
2013.0;26.0;Drôme;84.0;Auvergne-Rhône-Alpes;907661.17
2013.0;79.0;Deux-Sèvres;75.0;Nouvelle-Aquitaine;196166.72
2015.0;15.0;Cantal;84.0;Auvergne-Rhône-Alpes;152550.77
2015.0;18.0;Cher;24.0;Centre-Val de Loire;407915.99
2015.0;54.0;Meurthe-et-Moselle;44.0;Grand Est;1092519.3
2016.0;2.0;Aisne;32.0;Hauts-de-France;655976.85
2016.0;18.0;Cher;24.0;Centre-Val de Loire;405236.6
2016.0;21.0;Côte-d'Or;27.0;Bourgogne-Franche-Comté;1014774.0599999999
2016.0;53.0;Mayenne;52.0;Pays de la Loire;362663.13
2017.0;66.0;Pyrénées-Orientales;76.0;Occitanie;728700.79
2024.0;976.0;Mayotte;6.0;Mayotte;0.0
2020.0;63.0;Puy-de-Dôme;84.0;Auvergne-Rhône-Alpes;1354983.63554
2024.0;28.0;Eure-et-Loir;24.0;Centre-Val de Loire;862042.26534
2019.0;29.0;Finistère;53.0;Bretagne;1654078.62526
2018.0;31.0;Haute-Garonne;76.0;Occitanie;2803592.92797
2024.0;42.0;Loire;84.0;Auvergne-Rhône-Alpes;1127644.18608
2021.0;37.0;Indre-et-Loire;24.0;Centre-Val de Loire;1194179.52576
2023.0;74.0;Haute-Savoie;84.0;Auvergne-Rhône-Alpes;1821263.75557
2022.0;95.0;Val-d'Oise;11.0;Île-de-France;2446527.55695
2020.0;93.0;Seine-Saint-Denis;11.0;Île-de-France;3871882.07767
2024.0;1.0;Ain;84.0;Auvergne-Rhône-Alpes;2535804.49184
2020.0;974.0;La Réunion;4.0;La Réunion;1088782.478
2019.0;10.0;Aube;44.0;Grand Est;558731.9616
2023.0;976.0;Mayotte;6.0;Mayotte;111460.716
2018.0;39.0;Jura;27.0;Bourgogne-Franche-Comté;1344213.14912
2020.0;52.0;Haute-Marne;44.0;Grand Est;328611.33676
2019.0;28.0;Eure-et-Loir;24.0;Centre-Val de Loire;806241.0795
2020.0;43.0;Haute-Loire;84.0;Auvergne-Rhône-Alpes;301976.6131
2018.0;53.0;Mayenne;52.0;Pays de la Loire;468625.72883
2023.0;30.0;Gard;76.0;Occitanie;1245789.96024
2021.0;73.0;Savoie;84.0;Auvergne-Rhône-Alpes;1642763.07105
2021.0;8.0;Ardennes;44.0;Grand Est;563779.03037
2021.0;26.0;Drôme;84.0;Auvergne-Rhône-Alpes;1245098.17454
2024.0;17.0;Charente-Maritime;75.0;Nouvelle-Aquitaine;1163010.45701
2019.0;91.0;Essonne;11.0;Île-de-France;3391382.14462
2019.0;86.0;Vienne;75.0;Nouvelle-Aquitaine;709875.93775
2024.0;50.0;Manche;28.0;Normandie;759587.90701
2024.0;53.0;Mayenne;52.0;Pays de la Loire;449305.28834
2021.0;42.0;Loire;84.0;Auvergne-Rhône-Alpes;1167880.03193
2023.0;55.0;Meuse;44.0;Grand Est;367552.98117
2022.0;974.0;La Réunion;4.0;La Réunion;1225758.353
2018.0;47.0;Lot-et-Garonne;75.0;Nouvelle-Aquitaine;623508.05532
2022.0;56.0;Morbihan;53.0;Bretagne;1300429.91127
2021.0;18.0;Cher;24.0;Centre-Val de Loire;625791.36077
2022.0;18.0;Cher;24.0;Centre-Val de Loire;619605.70606
2021.0;2A;Corse-du-Sud;94.0;Corse;350273.581
2021.0;81.0;Tarn;76.0;Occitanie;549445.56585
2021.0;3.0;Allier;84.0;Auvergne-Rhône-Alpes;676357.76685
2019.0;32.0;Gers;76.0;Occitanie;303550.48822
2022.0;57.0;Moselle;44.0;Grand Est;1993210.21645
2022.0;42.0;Loire;84.0;Auvergne-Rhône-Alpes;1239029.15034
2022.0;90.0;Territoire de Belfort;27.0;Bourgogne-Franche-Comté;210390.92361
2022.0;43.0;Haute-Loire;84.0;Auvergne-Rhône-Alpes;321667.38318
2021.0;9.0;Ariège;76.0;Occitanie;265144.28162
2018.0;85.0;Vendée;52.0;Pays de la Loire;1117498.47034
2018.0;48.0;Lozère;76.0;Occitanie;148245.7377
2020.0;15.0;Cantal;84.0;Auvergne-Rhône-Alpes;232304.93204
2023.0;59.0;Nord;32.0;Hauts-de-France;4550497.17644
2018.0;59.0;Nord;32.0;Hauts-de-France;5540977.39468
2022.0;81.0;Tarn;76.0;Occitanie;562947.20219
2019.0;14.0;Calvados;28.0;Normandie;1307899.98305
2020.0;72.0;Sarthe;52.0;Pays de la Loire;1078320.09074
2019.0;71.0;Saône-et-Loire;27.0;Bourgogne-Franche-Comté;1277774.12241
2024.0;15.0;Cantal;84.0;Auvergne-Rhône-Alpes;227086.89817
2022.0;88.0;Vosges;44.0;Grand Est;681558.51348
2020.0;69.0;Rhône;84.0;Auvergne-Rhône-Alpes;4178554.31355
2023.0;4.0;Alpes-de-Haute-Provence;93.0;Provence-Alpes-Côte d'Azur;347880.8726
2022.0;7.0;Ardèche;84.0;Auvergne-Rhône-Alpes;530284.99696
2022.0;1.0;Ain;84.0;Auvergne-Rhône-Alpes;2525791.22706
2020.0;16.0;Charente;75.0;Nouvelle-Aquitaine;638739.74123
2023.0;75.0;Paris;11.0;Île-de-France;8042661.86212
2018.0;41.0;Loir-et-Cher;24.0;Centre-Val de Loire;586900.04452
2020.0;53.0;Mayenne;52.0;Pays de la Loire;456283.39529
2020.0;91.0;Essonne;11.0;Île-de-France;3280259.09756
2020.0;77.0;Seine-et-Marne;11.0;Île-de-France;3415561.54375
2018.0;93.0;Seine-Saint-Denis;11.0;Île-de-France;3984727.52852
2019.0;973.0;Guyane;3.0;Guyane;415472.596
2019.0;93.0;Seine-Saint-Denis;11.0;Île-de-France;3941201.36109
2020.0;81.0;Tarn;76.0;Occitanie;530568.91152
2021.0;60.0;Oise;32.0;Hauts-de-France;1487494.38493
2022.0;51.0;Marne;44.0;Grand Est;1437662.23465
2023.0;34.0;Hérault;76.0;Occitanie;2293502.44849
2023.0;29.0;Finistère;53.0;Bretagne;1464911.05342
2022.0;64.0;Pyrénées-Atlantiques;75.0;Nouvelle-Aquitaine;1481600.09115
2019.0;19.0;Corrèze;75.0;Nouvelle-Aquitaine;456823.60575
2018.0;80.0;Somme;32.0;Hauts-de-France;1135791.19966
2022.0;49.0;Maine-et-Loire;52.0;Pays de la Loire;1432223.01772
2018.0;22.0;Côtes-d'Armor;53.0;Bretagne;955628.92356
2022.0;76.0;Seine-Maritime;28.0;Normandie;2402390.61154
2023.0;32.0;Gers;76.0;Occitanie;317396.899
2019.0;72.0;Sarthe;52.0;Pays de la Loire;1147034.11782
2023.0;22.0;Côtes-d'Armor;53.0;Bretagne;966855.27117
2024.0;73.0;Savoie;84.0;Auvergne-Rhône-Alpes;1674849.27433
2022.0;4.0;Alpes-de-Haute-Provence;93.0;Provence-Alpes-Côte d'Azur;372177.46613
2019.0;65.0;Hautes-Pyrénées;76.0;Occitanie;543482.45798
2022.0;77.0;Seine-et-Marne;11.0;Île-de-France;3749129.90857
2022.0;35.0;Ille-et-Vilaine;53.0;Bretagne;2074948.19593
2020.0;76.0;Seine-Maritime;28.0;Normandie;2278535.91041
2023.0;44.0;Loire-Atlantique;52.0;Pays de la Loire;2435322.35583
2023.0;27.0;Eure;28.0;Normandie;970131.82066
2024.0;83.0;Var;93.0;Provence-Alpes-Côte d'Azur;2158255.86076
2019.0;22.0;Côtes-d'Armor;53.0;Bretagne;963926.91699
2022.0;87.0;Haute-Vienne;75.0;Nouvelle-Aquitaine;664683.57038
2024.0;48.0;Lozère;76.0;Occitanie;154955.96307
2019.0;69.0;Rhône;84.0;Auvergne-Rhône-Alpes;4405810.77176
2023.0;51.0;Marne;44.0;Grand Est;1247732.77226
2020.0;87.0;Haute-Vienne;75.0;Nouvelle-Aquitaine;617111.51821
2023.0;49.0;Maine-et-Loire;52.0;Pays de la Loire;1312408.49367
2019.0;85.0;Vendée;52.0;Pays de la Loire;1142061.79485
2020.0;89.0;Yonne;27.0;Bourgogne-Franche-Comté;799820.92605
2019.0;56.0;Morbihan;53.0;Bretagne;1354875.54169
2023.0;73.0;Savoie;84.0;Auvergne-Rhône-Alpes;1602812.27167
2019.0;33.0;Gironde;75.0;Nouvelle-Aquitaine;3253788.35101
2021.0;62.0;Pas-de-Calais;32.0;Hauts-de-France;2859198.49956
2018.0;55.0;Meuse;44.0;Grand Est;390315.04814
2021.0;83.0;Var;93.0;Provence-Alpes-Côte d'Azur;2199739.39813
2022.0;17.0;Charente-Maritime;75.0;Nouvelle-Aquitaine;1225340.60947
2020.0;50.0;Manche;28.0;Normandie;775252.89515
2023.0;38.0;Isère;84.0;Auvergne-Rhône-Alpes;2758276.04985
2022.0;83.0;Var;93.0;Provence-Alpes-Côte d'Azur;2255774.46763
2018.0;2B;Haute-Corse;94.0;Corse;357114.357
2019.0;37.0;Indre-et-Loire;24.0;Centre-Val de Loire;1215424.97802
2020.0;67.0;Bas-Rhin;44.0;Grand Est;1845440.94652
2020.0;47.0;Lot-et-Garonne;75.0;Nouvelle-Aquitaine;648341.4231
2019.0;38.0;Isère;84.0;Auvergne-Rhône-Alpes;3118908.39875
2019.0;46.0;Lot;76.0;Occitanie;287706.9205
2018.0;9.0;Ariège;76.0;Occitanie;241335.27284
2023.0;40.0;Landes;75.0;Nouvelle-Aquitaine;898634.24618
2020.0;41.0;Loir-et-Cher;24.0;Centre-Val de Loire;587386.05929
2023.0;39.0;Jura;27.0;Bourgogne-Franche-Comté;393305.99251
2020.0;57.0;Moselle;44.0;Grand Est;1992807.10906
2022.0;94.0;Val-de-Marne;11.0;Île-de-France;3039744.8718
2021.0;80.0;Somme;32.0;Hauts-de-France;1078588.86098
2023.0;26.0;Drôme;84.0;Auvergne-Rhône-Alpes;1127792.76706
2020.0;59.0;Nord;32.0;Hauts-de-France;5239150.86231
2022.0;73.0;Savoie;84.0;Auvergne-Rhône-Alpes;4823148.02866
2024.0;29.0;Finistère;53.0;Bretagne;1470240.92032
2024.0;55.0;Meuse;44.0;Grand Est;395486.56802
2024.0;51.0;Marne;44.0;Grand Est;1237787.76426
2021.0;46.0;Lot;76.0;Occitanie;295940.91467
2018.0;67.0;Bas-Rhin;44.0;Grand Est;1564206.24612
2023.0;92.0;Hauts-de-Seine;11.0;Île-de-France;4091911.52776
2024.0;62.0;Pas-de-Calais;32.0;Hauts-de-France;2394009.52665
2022.0;13.0;Bouches-du-Rhône;93.0;Provence-Alpes-Côte d'Azur;5551248.09237
2018.0;2.0;Aisne;32.0;Hauts-de-France;810819.04784
2019.0;90.0;Territoire de Belfort;27.0;Bourgogne-Franche-Comté;209485.27463
2021.0;48.0;Lozère;76.0;Occitanie;154516.88456
2024.0;5.0;Hautes-Alpes;93.0;Provence-Alpes-Côte d'Azur;459230.308
2020.0;2A;Corse-du-Sud;94.0;Corse;319784.776
2019.0;34.0;Hérault;76.0;Occitanie;2537788.04161
2024.0;14.0;Calvados;28.0;Normandie;1337067.81508
2022.0;22.0;Côtes-d'Armor;53.0;Bretagne;1016318.81789
2024.0;89.0;Yonne;27.0;Bourgogne-Franche-Comté;830247.55572
2018.0;974.0;La Réunion;4.0;La Réunion;1097608.844
2024.0;84.0;Vaucluse;93.0;Provence-Alpes-Côte d'Azur;1223591.02946
2022.0;61.0;Orne;28.0;Normandie;433306.05361
2021.0;61.0;Orne;28.0;Normandie;442872.73083
2024.0;57.0;Moselle;44.0;Grand Est;1497388.6795
2018.0;46.0;Lot;76.0;Occitanie;285659.82138
2018.0;3.0;Allier;84.0;Auvergne-Rhône-Alpes;680664.43227
2019.0;55.0;Meuse;44.0;Grand Est;371778.36316
2019.0;49.0;Maine-et-Loire;52.0;Pays de la Loire;1412311.9908
2022.0;11.0;Aude;76.0;Occitanie;762862.15901
2021.0;47.0;Lot-et-Garonne;75.0;Nouvelle-Aquitaine;665182.48702
2019.0;61.0;Orne;28.0;Normandie;416342.07855
2021.0;75.0;Paris;11.0;Île-de-France;8246334.44498
2022.0;30.0;Gard;76.0;Occitanie;1526364.28157
2022.0;14.0;Calvados;28.0;Normandie;1364649.20882
2019.0;2.0;Aisne;32.0;Hauts-de-France;798865.96501
2020.0;94.0;Val-de-Marne;11.0;Île-de-France;3073560.09544
2022.0;34.0;Hérault;76.0;Occitanie;2462090.6558
2024.0;52.0;Haute-Marne;44.0;Grand Est;350671.35348
2024.0;76.0;Seine-Maritime;28.0;Normandie;2254048.75017
2020.0;42.0;Loire;84.0;Auvergne-Rhône-Alpes;1122053.56449
2024.0;971.0;Guadeloupe;1.0;Guadeloupe;598085.411
2019.0;50.0;Manche;28.0;Normandie;800868.8864
2023.0;50.0;Manche;28.0;Normandie;770737.77216
2024.0;94.0;Val-de-Marne;11.0;Île-de-France;2897090.37476
2021.0;28.0;Eure-et-Loir;24.0;Centre-Val de Loire;867954.3736
2019.0;52.0;Haute-Marne;44.0;Grand Est;336936.14618
2024.0;27.0;Eure;28.0;Normandie;972965.42426
2021.0;68.0;Haut-Rhin;44.0;Grand Est;1425656.90778
2024.0;23.0;Creuse;75.0;Nouvelle-Aquitaine;146220.4745
2021.0;23.0;Creuse;75.0;Nouvelle-Aquitaine;158299.12856
2022.0;89.0;Yonne;27.0;Bourgogne-Franche-Comté;874626.64116
2018.0;27.0;Eure;28.0;Normandie;994262.82475
2020.0;44.0;Loire-Atlantique;52.0;Pays de la Loire;2578593.17889
2023.0;87.0;Haute-Vienne;75.0;Nouvelle-Aquitaine;620761.84668
2020.0;54.0;Meurthe-et-Moselle;44.0;Grand Est;1457378.19632
2019.0;23.0;Creuse;75.0;Nouvelle-Aquitaine;135265.78142
2022.0;5.0;Hautes-Alpes;93.0;Provence-Alpes-Côte d'Azur;490514.63155
2023.0;54.0;Meurthe-et-Moselle;44.0;Grand Est;1298233.31083
2023.0;66.0;Pyrénées-Orientales;76.0;Occitanie;933085.32957
2024.0;11.0;Aude;76.0;Occitanie;696255.74593
2018.0;42.0;Loire;84.0;Auvergne-Rhône-Alpes;1188047.39135
2019.0;31.0;Haute-Garonne;76.0;Occitanie;2852404.82392
2020.0;90.0;Territoire de Belfort;27.0;Bourgogne-Franche-Comté;204041.19117
2024.0;71.0;Saône-et-Loire;27.0;Bourgogne-Franche-Comté;1145318.05184
2023.0;17.0;Charente-Maritime;75.0;Nouvelle-Aquitaine;1171372.86367
2022.0;52.0;Haute-Marne;44.0;Grand Est;343479.62701
2018.0;70.0;Haute-Saône;27.0;Bourgogne-Franche-Comté;366736.7424
2020.0;95.0;Val-d'Oise;11.0;Île-de-France;2326993.18309
2021.0;63.0;Puy-de-Dôme;84.0;Auvergne-Rhône-Alpes;1422568.07855
2024.0;2B;Haute-Corse;94.0;Corse;373228.001
2021.0;16.0;Charente;75.0;Nouvelle-Aquitaine;660377.72745
2019.0;95.0;Val-d'Oise;11.0;Île-de-France;2484986.36739
2024.0;4.0;Alpes-de-Haute-Provence;93.0;Provence-Alpes-Côte d'Azur;347543.99708
2023.0;8.0;Ardennes;44.0;Grand Est;352155.64667
2018.0;17.0;Charente-Maritime;75.0;Nouvelle-Aquitaine;1195581.62808
2021.0;82.0;Tarn-et-Garonne;76.0;Occitanie;486728.76228
2019.0;47.0;Lot-et-Garonne;75.0;Nouvelle-Aquitaine;629608.8174
2021.0;93.0;Seine-Saint-Denis;11.0;Île-de-France;4104983.00848
2021.0;29.0;Finistère;53.0;Bretagne;1710351.20837
2021.0;14.0;Calvados;28.0;Normandie;1395587.2287
2018.0;2A;Corse-du-Sud;94.0;Corse;364054.089
2018.0;4.0;Alpes-de-Haute-Provence;93.0;Provence-Alpes-Côte d'Azur;373221.13601
2019.0;13.0;Bouches-du-Rhône;93.0;Provence-Alpes-Côte d'Azur;5476809.77286
2022.0;70.0;Haute-Saône;27.0;Bourgogne-Franche-Comté;328410.0383
2020.0;10.0;Aube;44.0;Grand Est;545606.13852
2024.0;26.0;Drôme;84.0;Auvergne-Rhône-Alpes;1111211.05737
2021.0;15.0;Cantal;84.0;Auvergne-Rhône-Alpes;247284.35764
2020.0;58.0;Nièvre;27.0;Bourgogne-Franche-Comté;324075.39049
2019.0;94.0;Val-de-Marne;11.0;Île-de-France;3209654.28176
2023.0;89.0;Yonne;27.0;Bourgogne-Franche-Comté;830907.72697
2022.0;12.0;Aveyron;76.0;Occitanie;462593.29474
2022.0;15.0;Cantal;84.0;Auvergne-Rhône-Alpes;244166.55773
2024.0;75.0;Paris;11.0;Île-de-France;7968631.38044
2020.0;73.0;Savoie;84.0;Auvergne-Rhône-Alpes;1681877.6109
2020.0;35.0;Ille-et-Vilaine;53.0;Bretagne;1925032.59067
2023.0;69.0;Rhône;84.0;Auvergne-Rhône-Alpes;4192590.39068
2023.0;973.0;Guyane;3.0;Guyane;446269.398
2022.0;72.0;Sarthe;52.0;Pays de la Loire;1139958.35046
2018.0;36.0;Indre;24.0;Centre-Val de Loire;449597.21043
2021.0;71.0;Saône-et-Loire;27.0;Bourgogne-Franche-Comté;1287457.43569
2018.0;92.0;Hauts-de-Seine;11.0;Île-de-France;4828118.22514
2019.0;4.0;Alpes-de-Haute-Provence;93.0;Provence-Alpes-Côte d'Azur;377479.39058
2024.0;35.0;Ille-et-Vilaine;53.0;Bretagne;1983845.25867
2021.0;92.0;Hauts-de-Seine;11.0;Île-de-France;4488106.86165
2024.0;63.0;Puy-de-Dôme;84.0;Auvergne-Rhône-Alpes;1171952.26799
2022.0;66.0;Pyrénées-Orientales;76.0;Occitanie;1018069.65837
2022.0;84.0;Vaucluse;93.0;Provence-Alpes-Côte d'Azur;1366952.36151
2018.0;45.0;Loiret;24.0;Centre-Val de Loire;1364881.35255
2019.0;35.0;Ille-et-Vilaine;53.0;Bretagne;2001098.71791
2020.0;5.0;Hautes-Alpes;93.0;Provence-Alpes-Côte d'Azur;462087.74221
2023.0;80.0;Somme;32.0;Hauts-de-France;1016836.78117
2023.0;971.0;Guadeloupe;1.0;Guadeloupe;579925.65
2019.0;976.0;Mayotte;6.0;Mayotte;35730.572
2022.0;32.0;Gers;76.0;Occitanie;344195.05736
2018.0;63.0;Puy-de-Dôme;84.0;Auvergne-Rhône-Alpes;1450653.77175
2022.0;41.0;Loir-et-Cher;24.0;Centre-Val de Loire;594217.23699
2020.0;49.0;Maine-et-Loire;52.0;Pays de la Loire;1327779.15443
2024.0;6.0;Alpes-Maritimes;93.0;Provence-Alpes-Côte d'Azur;2904224.55917
2019.0;92.0;Hauts-de-Seine;11.0;Île-de-France;4614181.58586
2023.0;76.0;Seine-Maritime;28.0;Normandie;2255746.83826
2019.0;60.0;Oise;32.0;Hauts-de-France;1456284.49625
2019.0;88.0;Vosges;44.0;Grand Est;719752.20514
2022.0;2.0;Aisne;32.0;Hauts-de-France;813308.36355
2020.0;65.0;Hautes-Pyrénées;76.0;Occitanie;402322.87327
2022.0;46.0;Lot;76.0;Occitanie;304019.59682
2023.0;68.0;Haut-Rhin;44.0;Grand Est;1203472.348
2023.0;2B;Haute-Corse;94.0;Corse;374746.606
2018.0;79.0;Deux-Sèvres;75.0;Nouvelle-Aquitaine;516857.31011
2020.0;71.0;Saône-et-Loire;27.0;Bourgogne-Franche-Comté;1212822.1111
2019.0;79.0;Deux-Sèvres;75.0;Nouvelle-Aquitaine;506269.79773
2022.0;33.0;Gironde;75.0;Nouvelle-Aquitaine;3406883.62607
2022.0;86.0;Vienne;75.0;Nouvelle-Aquitaine;796011.21319
2021.0;43.0;Haute-Loire;84.0;Auvergne-Rhône-Alpes;318997.42731
2020.0;56.0;Morbihan;53.0;Bretagne;1295562.31186
2023.0;86.0;Vienne;75.0;Nouvelle-Aquitaine;799073.88417
2024.0;31.0;Haute-Garonne;76.0;Occitanie;2749861.1016
2022.0;39.0;Jura;27.0;Bourgogne-Franche-Comté;1073356.91533
2018.0;84.0;Vaucluse;93.0;Provence-Alpes-Côte d'Azur;1318170.67173
2020.0;66.0;Pyrénées-Orientales;76.0;Occitanie;942483.709799999
2024.0;69.0;Rhône;84.0;Auvergne-Rhône-Alpes;4065694.43985
2022.0;3.0;Allier;84.0;Auvergne-Rhône-Alpes;680078.80352
2024.0;68.0;Haut-Rhin;44.0;Grand Est;1267787.2406
2018.0;973.0;Guyane;3.0;Guyane;408137.663
2022.0;93.0;Seine-Saint-Denis;11.0;Île-de-France;4099740.90237
2019.0;89.0;Yonne;27.0;Bourgogne-Franche-Comté;882672.39879
2022.0;9.0;Ariège;76.0;Occitanie;270527.24046
2018.0;65.0;Hautes-Pyrénées;76.0;Occitanie;543579.39826
2019.0;51.0;Marne;44.0;Grand Est;1352559.20329
2022.0;48.0;Lozère;76.0;Occitanie;151137.46429
2024.0;7.0;Ardèche;84.0;Auvergne-Rhône-Alpes;492832.07775
2021.0;21.0;Côte-d'Or;27.0;Bourgogne-Franche-Comté;1239217.22147
2021.0;72.0;Sarthe;52.0;Pays de la Loire;1107004.96957
2023.0;62.0;Pas-de-Calais;32.0;Hauts-de-France;2762894.55976
2021.0;53.0;Mayenne;52.0;Pays de la Loire;475440.12898
2020.0;55.0;Meuse;44.0;Grand Est;337918.91319
2023.0;91.0;Essonne;11.0;Île-de-France;3102992.33236
2022.0;63.0;Puy-de-Dôme;84.0;Auvergne-Rhône-Alpes;1402157.7003
2022.0;74.0;Haute-Savoie;84.0;Auvergne-Rhône-Alpes;1877921.90748
2020.0;32.0;Gers;76.0;Occitanie;322553.9513
2019.0;75.0;Paris;11.0;Île-de-France;8703464.14867
2023.0;31.0;Haute-Garonne;76.0;Occitanie;2780975.18765
2023.0;33.0;Gironde;75.0;Nouvelle-Aquitaine;3205773.24116
2022.0;44.0;Loire-Atlantique;52.0;Pays de la Loire;2631608.45489
2018.0;77.0;Seine-et-Marne;11.0;Île-de-France;3746330.53093
2018.0;43.0;Haute-Loire;84.0;Auvergne-Rhône-Alpes;313381.9354
2021.0;2B;Haute-Corse;94.0;Corse;340508.121
2019.0;68.0;Haut-Rhin;44.0;Grand Est;1476877.22575
2023.0;35.0;Ille-et-Vilaine;53.0;Bretagne;1984141.22283
2018.0;971.0;Guadeloupe;1.0;Guadeloupe;579488.071
2018.0;81.0;Tarn;76.0;Occitanie;551024.44135
2021.0;85.0;Vendée;52.0;Pays de la Loire;1243055.4759
2020.0;971.0;Guadeloupe;1.0;Guadeloupe;523955.677
2018.0;66.0;Pyrénées-Orientales;76.0;Occitanie;997660.2341
2022.0;26.0;Drôme;84.0;Auvergne-Rhône-Alpes;1419496.58806
2023.0;71.0;Saône-et-Loire;27.0;Bourgogne-Franche-Comté;1181123.29237
2023.0;56.0;Morbihan;53.0;Bretagne;1210363.63283
2018.0;25.0;Doubs;27.0;Bourgogne-Franche-Comté;1164056.65823
2021.0;32.0;Gers;76.0;Occitanie;327145.97026
2019.0;21.0;Côte-d'Or;27.0;Bourgogne-Franche-Comté;1208924.61984
2019.0;25.0;Doubs;27.0;Bourgogne-Franche-Comté;1130587.09474
2022.0;6.0;Alpes-Maritimes;93.0;Provence-Alpes-Côte d'Azur;3028628.74907
2024.0;37.0;Indre-et-Loire;24.0;Centre-Val de Loire;1168892.17934
2019.0;74.0;Haute-Savoie;84.0;Auvergne-Rhône-Alpes;1841294.08059
2022.0;27.0;Eure;28.0;Normandie;1024069.76595
2020.0;14.0;Calvados;28.0;Normandie;1305711.02845
2024.0;9.0;Ariège;76.0;Occitanie;242709.34206
2022.0;24.0;Dordogne;75.0;Nouvelle-Aquitaine;702375.44901
2018.0;52.0;Haute-Marne;44.0;Grand Est;332846.36556
2023.0;84.0;Vaucluse;93.0;Provence-Alpes-Côte d'Azur;1272005.08018
2024.0;972.0;Martinique;2.0;Martinique;590631.203
2022.0;31.0;Haute-Garonne;76.0;Occitanie;2944145.55261
2022.0;62.0;Pas-de-Calais;32.0;Hauts-de-France;2819220.83174
2022.0;82.0;Tarn-et-Garonne;76.0;Occitanie;518116.82685
2023.0;93.0;Seine-Saint-Denis;11.0;Île-de-France;4014680.26817
2021.0;24.0;Dordogne;75.0;Nouvelle-Aquitaine;686546.12719
2023.0;53.0;Mayenne;52.0;Pays de la Loire;445898.96916
2020.0;40.0;Landes;75.0;Nouvelle-Aquitaine;947834.62555
2020.0;60.0;Oise;32.0;Hauts-de-France;1390244.32482
2023.0;23.0;Creuse;75.0;Nouvelle-Aquitaine;146193.96968
2019.0;971.0;Guadeloupe;1.0;Guadeloupe;549338.615
2018.0;7.0;Ardèche;84.0;Auvergne-Rhône-Alpes;518601.80194
2024.0;33.0;Gironde;75.0;Nouvelle-Aquitaine;3200354.28849
2021.0;74.0;Haute-Savoie;84.0;Auvergne-Rhône-Alpes;1840487.84342
2021.0;11.0;Aude;76.0;Occitanie;732398.53309
2020.0;61.0;Orne;28.0;Normandie;427997.9662
2019.0;81.0;Tarn;76.0;Occitanie;516198.15745
2019.0;83.0;Var;93.0;Provence-Alpes-Côte d'Azur;2199551.30183
2023.0;7.0;Ardèche;84.0;Auvergne-Rhône-Alpes;496758.92642
2020.0;79.0;Deux-Sèvres;75.0;Nouvelle-Aquitaine;582206.47786
2021.0;4.0;Alpes-de-Haute-Provence;93.0;Provence-Alpes-Côte d'Azur;365915.69674
2018.0;56.0;Morbihan;53.0;Bretagne;1338501.19691
2021.0;971.0;Guadeloupe;1.0;Guadeloupe;528105.68
2018.0;34.0;Hérault;76.0;Occitanie;2535188.39675
2019.0;26.0;Drôme;84.0;Auvergne-Rhône-Alpes;1312874.21319
2024.0;40.0;Landes;75.0;Nouvelle-Aquitaine;961245.21476
2020.0;39.0;Jura;27.0;Bourgogne-Franche-Comté;1263780.65252
2022.0;21.0;Côte-d'Or;27.0;Bourgogne-Franche-Comté;1233278.65943
2021.0;974.0;La Réunion;4.0;La Réunion;1153367.809
2020.0;38.0;Isère;84.0;Auvergne-Rhône-Alpes;2869678.54752
2019.0;17.0;Charente-Maritime;75.0;Nouvelle-Aquitaine;1198358.14852
2024.0;66.0;Pyrénées-Orientales;76.0;Occitanie;926247.17557
2023.0;77.0;Seine-et-Marne;11.0;Île-de-France;3659087.51534
2019.0;84.0;Vaucluse;93.0;Provence-Alpes-Côte d'Azur;1308829.51342
2023.0;11.0;Aude;76.0;Occitanie;710934.95691
2021.0;58.0;Nièvre;27.0;Bourgogne-Franche-Comté;344910.54095
2021.0;10.0;Aube;44.0;Grand Est;552067.18137
2022.0;36.0;Indre;24.0;Centre-Val de Loire;410972.81927
2018.0;68.0;Haut-Rhin;44.0;Grand Est;1547634.29487
2019.0;40.0;Landes;75.0;Nouvelle-Aquitaine;940908.96702
2021.0;45.0;Loiret;24.0;Centre-Val de Loire;1403605.67482
2024.0;74.0;Haute-Savoie;84.0;Auvergne-Rhône-Alpes;1800078.86773
2021.0;36.0;Indre;24.0;Centre-Val de Loire;434300.36615
2019.0;9.0;Ariège;76.0;Occitanie;249569.69406
2020.0;82.0;Tarn-et-Garonne;76.0;Occitanie;482134.87291
2020.0;976.0;Mayotte;6.0;Mayotte;32170.144
2020.0;2.0;Aisne;32.0;Hauts-de-France;760509.54141
2018.0;6.0;Alpes-Maritimes;93.0;Provence-Alpes-Côte d'Azur;2987416.61069
2019.0;42.0;Loire;84.0;Auvergne-Rhône-Alpes;1171241.32659
2021.0;35.0;Ille-et-Vilaine;53.0;Bretagne;2060492.77777
2019.0;15.0;Cantal;84.0;Auvergne-Rhône-Alpes;243538.62235
2021.0;5.0;Hautes-Alpes;93.0;Provence-Alpes-Côte d'Azur;474942.68434
2018.0;57.0;Moselle;44.0;Grand Est;1922321.26583
2022.0;75.0;Paris;11.0;Île-de-France;8382238.60468999
2023.0;65.0;Hautes-Pyrénées;76.0;Occitanie;410325.58261
2018.0;86.0;Vienne;75.0;Nouvelle-Aquitaine;702295.62501
2020.0;74.0;Haute-Savoie;84.0;Auvergne-Rhône-Alpes;1689248.03156
2021.0;973.0;Guyane;3.0;Guyane;411313.62
2024.0;64.0;Pyrénées-Atlantiques;75.0;Nouvelle-Aquitaine;1243247.78961
2023.0;47.0;Lot-et-Garonne;75.0;Nouvelle-Aquitaine;632400.48657
2018.0;49.0;Maine-et-Loire;52.0;Pays de la Loire;1417557.70835
2020.0;28.0;Eure-et-Loir;24.0;Centre-Val de Loire;800554.76786
2024.0;46.0;Lot;76.0;Occitanie;279771.62789
2024.0;82.0;Tarn-et-Garonne;76.0;Occitanie;456749.24466
2022.0;71.0;Saône-et-Loire;27.0;Bourgogne-Franche-Comté;1283468.05086
2024.0;58.0;Nièvre;27.0;Bourgogne-Franche-Comté;317974.72626
2019.0;44.0;Loire-Atlantique;52.0;Pays de la Loire;2588752.97764
2024.0;36.0;Indre;24.0;Centre-Val de Loire;374472.56011
2023.0;972.0;Martinique;2.0;Martinique;562040.027
2024.0;85.0;Vendée;52.0;Pays de la Loire;1204422.29575
2024.0;44.0;Loire-Atlantique;52.0;Pays de la Loire;2495866.74309
2024.0;88.0;Vosges;44.0;Grand Est;573558.26242
2021.0;38.0;Isère;84.0;Auvergne-Rhône-Alpes;3014204.83646
2023.0;37.0;Indre-et-Loire;24.0;Centre-Val de Loire;1145458.647
2023.0;28.0;Eure-et-Loir;24.0;Centre-Val de Loire;833291.39937
2024.0;59.0;Nord;32.0;Hauts-de-France;4639904.08165
2022.0;79.0;Deux-Sèvres;75.0;Nouvelle-Aquitaine;574360.28767
2018.0;11.0;Aude;76.0;Occitanie;709118.25819
2019.0;82.0;Tarn-et-Garonne;76.0;Occitanie;481052.05191
2024.0;38.0;Isère;84.0;Auvergne-Rhône-Alpes;2687727.52744
2022.0;92.0;Hauts-de-Seine;11.0;Île-de-France;4363125.11821
2023.0;974.0;La Réunion;4.0;La Réunion;1245957.526
2021.0;79.0;Deux-Sèvres;75.0;Nouvelle-Aquitaine;583518.9857
2024.0;54.0;Meurthe-et-Moselle;44.0;Grand Est;1277243.98042
2018.0;61.0;Orne;28.0;Normandie;423050.751
2018.0;40.0;Landes;75.0;Nouvelle-Aquitaine;1024755.49986
2018.0;18.0;Cher;24.0;Centre-Val de Loire;624832.65459
2018.0;29.0;Finistère;53.0;Bretagne;1699837.11033
2024.0;39.0;Jura;27.0;Bourgogne-Franche-Comté;393328.24483
2021.0;40.0;Landes;75.0;Nouvelle-Aquitaine;1007528.83109
2024.0;24.0;Dordogne;75.0;Nouvelle-Aquitaine;642673.407
2023.0;10.0;Aube;44.0;Grand Est;568486.803
2019.0;62.0;Pas-de-Calais;32.0;Hauts-de-France;2955302.97379
2024.0;2A;Corse-du-Sud;94.0;Corse;395411.75
2018.0;15.0;Cantal;84.0;Auvergne-Rhône-Alpes;246795.7728
2018.0;14.0;Calvados;28.0;Normandie;1316597.35269
2018.0;91.0;Essonne;11.0;Île-de-France;3399779.8051
2023.0;2A;Corse-du-Sud;94.0;Corse;392322.985
2021.0;7.0;Ardèche;84.0;Auvergne-Rhône-Alpes;526049.88461
2019.0;3.0;Allier;84.0;Auvergne-Rhône-Alpes;684893.00741
2024.0;93.0;Seine-Saint-Denis;11.0;Île-de-France;4034108.99859
2023.0;78.0;Yvelines;11.0;Île-de-France;3102807.77627
2020.0;2B;Haute-Corse;94.0;Corse;316414.286
2024.0;61.0;Orne;28.0;Normandie;414514.58059
2018.0;12.0;Aveyron;76.0;Occitanie;490689.25281
2021.0;27.0;Eure;28.0;Normandie;1021980.75781
2021.0;77.0;Seine-et-Marne;11.0;Île-de-France;3639046.35264
2022.0;65.0;Hautes-Pyrénées;76.0;Occitanie;434846.10578
2024.0;92.0;Hauts-de-Seine;11.0;Île-de-France;4124447.06133
2018.0;71.0;Saône-et-Loire;27.0;Bourgogne-Franche-Comté;1304644.13226
2023.0;61.0;Orne;28.0;Normandie;411206.30276
2020.0;8.0;Ardennes;44.0;Grand Est;514215.0943
2021.0;12.0;Aveyron;76.0;Occitanie;485315.3832
2021.0;30.0;Gard;76.0;Occitanie;1500872.62175
2024.0;77.0;Seine-et-Marne;11.0;Île-de-France;3690060.62233
2024.0;22.0;Côtes-d'Armor;53.0;Bretagne;986825.96258
2024.0;70.0;Haute-Saône;27.0;Bourgogne-Franche-Comté;329055.85383
2022.0;40.0;Landes;75.0;Nouvelle-Aquitaine;1030293.75751
2019.0;12.0;Aveyron;76.0;Occitanie;467385.5758
2024.0;13.0;Bouches-du-Rhône;93.0;Provence-Alpes-Côte d'Azur;4549621.11034
2023.0;90.0;Territoire de Belfort;27.0;Bourgogne-Franche-Comté;199631.872
2019.0;59.0;Nord;32.0;Hauts-de-France;5358059.49344
2022.0;85.0;Vendée;52.0;Pays de la Loire;1197532.97287
2022.0;60.0;Oise;32.0;Hauts-de-France;1455077.40865
2023.0;25.0;Doubs;27.0;Bourgogne-Franche-Comté;880202.83901
2019.0;6.0;Alpes-Maritimes;93.0;Provence-Alpes-Côte d'Azur;3002039.05962
2021.0;6.0;Alpes-Maritimes;93.0;Provence-Alpes-Côte d'Azur;2920283.35916
2021.0;52.0;Haute-Marne;44.0;Grand Est;352287.62716
2023.0;24.0;Dordogne;75.0;Nouvelle-Aquitaine;644691.84
2024.0;60.0;Oise;32.0;Hauts-de-France;1404830.21474
2021.0;13.0;Bouches-du-Rhône;93.0;Provence-Alpes-Côte d'Azur;5481385.60014
2024.0;3.0;Allier;84.0;Auvergne-Rhône-Alpes;583861.25376
2024.0;45.0;Loiret;24.0;Centre-Val de Loire;1370976.47794
2023.0;41.0;Loir-et-Cher;24.0;Centre-Val de Loire;566510.35842
2018.0;87.0;Haute-Vienne;75.0;Nouvelle-Aquitaine;653400.58016
2019.0;2A;Corse-du-Sud;94.0;Corse;322839.899
2021.0;25.0;Doubs;27.0;Bourgogne-Franche-Comté;1049219.37804
2018.0;50.0;Manche;28.0;Normandie;792480.05247
2018.0;75.0;Paris;11.0;Île-de-France;9082204.45663
2022.0;971.0;Guadeloupe;1.0;Guadeloupe;588884.991
2018.0;28.0;Eure-et-Loir;24.0;Centre-Val de Loire;822229.33344
2024.0;25.0;Doubs;27.0;Bourgogne-Franche-Comté;864938.38891
2019.0;16.0;Charente;75.0;Nouvelle-Aquitaine;663911.30024
2018.0;38.0;Isère;84.0;Auvergne-Rhône-Alpes;3281349.08155
2018.0;83.0;Var;93.0;Provence-Alpes-Côte d'Azur;2157645.94383
2023.0;16.0;Charente;75.0;Nouvelle-Aquitaine;650283.23723
2022.0;28.0;Eure-et-Loir;24.0;Centre-Val de Loire;870182.07248
2020.0;21.0;Côte-d'Or;27.0;Bourgogne-Franche-Comté;1166658.38541
2020.0;37.0;Indre-et-Loire;24.0;Centre-Val de Loire;1130106.62765
2020.0;70.0;Haute-Saône;27.0;Bourgogne-Franche-Comté;282422.24527
2020.0;68.0;Haut-Rhin;44.0;Grand Est;1349478.43934
2020.0;27.0;Eure;28.0;Normandie;977712.55477
2023.0;85.0;Vendée;52.0;Pays de la Loire;1143596.35292
2019.0;53.0;Mayenne;52.0;Pays de la Loire;450279.0733
2023.0;6.0;Alpes-Maritimes;93.0;Provence-Alpes-Côte d'Azur;2895313.59701
2022.0;23.0;Creuse;75.0;Nouvelle-Aquitaine;154270.58625
2018.0;32.0;Gers;76.0;Occitanie;297793.60804
2024.0;19.0;Corrèze;75.0;Nouvelle-Aquitaine;427115.11501
2020.0;3.0;Allier;84.0;Auvergne-Rhône-Alpes;642272.92695
2023.0;42.0;Loire;84.0;Auvergne-Rhône-Alpes;1166526.91691
2020.0;31.0;Haute-Garonne;76.0;Occitanie;2710286.34684
2019.0;78.0;Yvelines;11.0;Île-de-France;3426465.69058
2018.0;33.0;Gironde;75.0;Nouvelle-Aquitaine;3249930.25237
2021.0;41.0;Loir-et-Cher;24.0;Centre-Val de Loire;616095.18294
2023.0;52.0;Haute-Marne;44.0;Grand Est;329470.37926
2024.0;78.0;Yvelines;11.0;Île-de-France;3151768.13544
2019.0;58.0;Nièvre;27.0;Bourgogne-Franche-Comté;325535.31753
2020.0;22.0;Côtes-d'Armor;53.0;Bretagne;988127.03228
2022.0;59.0;Nord;32.0;Hauts-de-France;5516010.36951
2022.0;58.0;Nièvre;27.0;Bourgogne-Franche-Comté;338802.91758
2021.0;39.0;Jura;27.0;Bourgogne-Franche-Comté;1336887.20388
2019.0;1.0;Ain;84.0;Auvergne-Rhône-Alpes;1775397.06617
2020.0;26.0;Drôme;84.0;Auvergne-Rhône-Alpes;1291061.31024
2019.0;2B;Haute-Corse;94.0;Corse;317190.943
2021.0;64.0;Pyrénées-Atlantiques;75.0;Nouvelle-Aquitaine;1479512.33745
2021.0;56.0;Morbihan;53.0;Bretagne;1361810.01078
2021.0;87.0;Haute-Vienne;75.0;Nouvelle-Aquitaine;640790.4707
2023.0;18.0;Cher;24.0;Centre-Val de Loire;524939.76742
2020.0;13.0;Bouches-du-Rhône;93.0;Provence-Alpes-Côte d'Azur;5201521.58123
2018.0;64.0;Pyrénées-Atlantiques;75.0;Nouvelle-Aquitaine;1357749.95249
2018.0;35.0;Ille-et-Vilaine;53.0;Bretagne;2012026.37012
2020.0;92.0;Hauts-de-Seine;11.0;Île-de-France;4319057.9101
2018.0;62.0;Pas-de-Calais;32.0;Hauts-de-France;3033768.19001
2018.0;89.0;Yonne;27.0;Bourgogne-Franche-Comté;965110.60964
2020.0;83.0;Var;93.0;Provence-Alpes-Côte d'Azur;2093021.96562
2020.0;9.0;Ariège;76.0;Occitanie;254861.22133
2022.0;45.0;Loiret;24.0;Centre-Val de Loire;1391564.43401
2023.0;21.0;Côte-d'Or;27.0;Bourgogne-Franche-Comté;1173363.55376
2019.0;41.0;Loir-et-Cher;24.0;Centre-Val de Loire;612168.10844
2018.0;37.0;Indre-et-Loire;24.0;Centre-Val de Loire;1222309.19486
2018.0;74.0;Haute-Savoie;84.0;Auvergne-Rhône-Alpes;1807212.73543
2024.0;47.0;Lot-et-Garonne;75.0;Nouvelle-Aquitaine;631664.41785
2019.0;45.0;Loiret;24.0;Centre-Val de Loire;1377623.87754
2021.0;19.0;Corrèze;75.0;Nouvelle-Aquitaine;461703.79487
2020.0;85.0;Vendée;52.0;Pays de la Loire;1159924.8224
2023.0;15.0;Cantal;84.0;Auvergne-Rhône-Alpes;230826.78325
2020.0;34.0;Hérault;76.0;Occitanie;2404736.47158
2024.0;8.0;Ardennes;44.0;Grand Est;358709.75892
2021.0;31.0;Haute-Garonne;76.0;Occitanie;2813400.44713
2019.0;36.0;Indre;24.0;Centre-Val de Loire;443754.69659
2019.0;76.0;Seine-Maritime;28.0;Normandie;2337371.45547
2024.0;86.0;Vienne;75.0;Nouvelle-Aquitaine;812217.29926
2018.0;72.0;Sarthe;52.0;Pays de la Loire;1138249.18844
2024.0;43.0;Haute-Loire;84.0;Auvergne-Rhône-Alpes;313649.038
2021.0;57.0;Moselle;44.0;Grand Est;2017565.36264
2023.0;46.0;Lot;76.0;Occitanie;283623.20068
2020.0;30.0;Gard;76.0;Occitanie;1432306.92617
2020.0;19.0;Corrèze;75.0;Nouvelle-Aquitaine;441767.59456
2022.0;973.0;Guyane;3.0;Guyane;444862.089
2020.0;973.0;Guyane;3.0;Guyane;406747.659
2019.0;63.0;Puy-de-Dôme;84.0;Auvergne-Rhône-Alpes;1431393.08771
2023.0;36.0;Indre;24.0;Centre-Val de Loire;410286.83826
2018.0;21.0;Côte-d'Or;27.0;Bourgogne-Franche-Comté;1215166.16428
2023.0;43.0;Haute-Loire;84.0;Auvergne-Rhône-Alpes;310800.117
2021.0;90.0;Territoire de Belfort;27.0;Bourgogne-Franche-Comté;214103.88373
2021.0;95.0;Val-d'Oise;11.0;Île-de-France;2478305.72623
2019.0;974.0;La Réunion;4.0;La Réunion;1128790.334
2018.0;60.0;Oise;32.0;Hauts-de-France;1461180.55075
2021.0;70.0;Haute-Saône;27.0;Bourgogne-Franche-Comté;328390.7825
2023.0;19.0;Corrèze;75.0;Nouvelle-Aquitaine;427339.38743
2019.0;67.0;Bas-Rhin;44.0;Grand Est;1824925.75376
2024.0;21.0;Côte-d'Or;27.0;Bourgogne-Franche-Comté;1204554.0316
2018.0;24.0;Dordogne;75.0;Nouvelle-Aquitaine;641743.70139
2021.0;2.0;Aisne;32.0;Hauts-de-France;836841.23638
2018.0;54.0;Meurthe-et-Moselle;44.0;Grand Est;1549229.26946
2020.0;972.0;Martinique;2.0;Martinique;501910.195
2022.0;37.0;Indre-et-Loire;24.0;Centre-Val de Loire;1213853.78547
2024.0;973.0;Guyane;3.0;Guyane;447513.0
2021.0;1.0;Ain;84.0;Auvergne-Rhône-Alpes;2376228.31517
2020.0;48.0;Lozère;76.0;Occitanie;142647.18193
2018.0;1.0;Ain;84.0;Auvergne-Rhône-Alpes;2626816.60267
2020.0;51.0;Marne;44.0;Grand Est;1294568.22485
2018.0;23.0;Creuse;75.0;Nouvelle-Aquitaine;136333.50442
2019.0;27.0;Eure;28.0;Normandie;945858.0931
2024.0;32.0;Gers;76.0;Occitanie;308052.481
2020.0;80.0;Somme;32.0;Hauts-de-France;1014596.40768
2019.0;18.0;Cher;24.0;Centre-Val de Loire;617734.38784
2020.0;7.0;Ardèche;84.0;Auvergne-Rhône-Alpes;509937.90262
2023.0;12.0;Aveyron;76.0;Occitanie;437859.0224
2023.0;60.0;Oise;32.0;Hauts-de-France;1397967.41852
2023.0;72.0;Sarthe;52.0;Pays de la Loire;1085899.65534
2022.0;47.0;Lot-et-Garonne;75.0;Nouvelle-Aquitaine;678205.61481
2023.0;58.0;Nièvre;27.0;Bourgogne-Franche-Comté;318241.56091
2019.0;43.0;Haute-Loire;84.0;Auvergne-Rhône-Alpes;307972.75205
2021.0;34.0;Hérault;76.0;Occitanie;2443678.12344
2024.0;79.0;Deux-Sèvres;75.0;Nouvelle-Aquitaine;551880.82266
2023.0;13.0;Bouches-du-Rhône;93.0;Provence-Alpes-Côte d'Azur;4454439.20664
2020.0;29.0;Finistère;53.0;Bretagne;1630881.12951
2021.0;76.0;Seine-Maritime;28.0;Normandie;2381698.67384
2020.0;12.0;Aveyron;76.0;Occitanie;459021.32964
2020.0;46.0;Lot;76.0;Occitanie;279350.88814
2020.0;23.0;Creuse;75.0;Nouvelle-Aquitaine;152046.40598
2021.0;86.0;Vienne;75.0;Nouvelle-Aquitaine;762781.70288
2018.0;13.0;Bouches-du-Rhône;93.0;Provence-Alpes-Côte d'Azur;5486655.10838
2021.0;49.0;Maine-et-Loire;52.0;Pays de la Loire;1419124.86475
2019.0;7.0;Ardèche;84.0;Auvergne-Rhône-Alpes;520475.79423
2023.0;83.0;Var;93.0;Provence-Alpes-Côte d'Azur;2145320.39459
2020.0;33.0;Gironde;75.0;Nouvelle-Aquitaine;3159413.46072
2022.0;2B;Haute-Corse;94.0;Corse;404018.015
2024.0;81.0;Tarn;76.0;Occitanie;523923.586
2024.0;56.0;Morbihan;53.0;Bretagne;1246709.57216
2018.0;10.0;Aube;44.0;Grand Est;611005.03301
2024.0;16.0;Charente;75.0;Nouvelle-Aquitaine;632961.77851
2024.0;34.0;Hérault;76.0;Occitanie;2257533.74667
2019.0;24.0;Dordogne;75.0;Nouvelle-Aquitaine;645446.40617
2018.0;58.0;Nièvre;27.0;Bourgogne-Franche-Comté;323830.35477
2024.0;49.0;Maine-et-Loire;52.0;Pays de la Loire;1385283.59566
2022.0;19.0;Corrèze;75.0;Nouvelle-Aquitaine;453395.33102
2023.0;57.0;Moselle;44.0;Grand Est;1507864.25011
2021.0;972.0;Martinique;2.0;Martinique;503456.278
2022.0;78.0;Yvelines;11.0;Île-de-France;3283319.20503
2022.0;8.0;Ardennes;44.0;Grand Est;533554.54954
2022.0;69.0;Rhône;84.0;Auvergne-Rhône-Alpes;4401379.99662
2021.0;65.0;Hautes-Pyrénées;76.0;Occitanie;410711.96415
2023.0;67.0;Bas-Rhin;44.0;Grand Est;2370127.66642
2022.0;55.0;Meuse;44.0;Grand Est;371146.8938
2022.0;68.0;Haut-Rhin;44.0;Grand Est;1446775.391
2022.0;972.0;Martinique;2.0;Martinique;567705.824
2021.0;88.0;Vosges;44.0;Grand Est;743668.96905
2018.0;82.0;Tarn-et-Garonne;76.0;Occitanie;481293.28769
2020.0;24.0;Dordogne;75.0;Nouvelle-Aquitaine;675682.94428
2024.0;974.0;La Réunion;4.0;La Réunion;1251757.859
2024.0;80.0;Somme;32.0;Hauts-de-France;1071523.12808
2022.0;50.0;Manche;28.0;Normandie;800802.69999
2023.0;81.0;Tarn;76.0;Occitanie;523684.792
2021.0;69.0;Rhône;84.0;Auvergne-Rhône-Alpes;4399212.58354
2018.0;69.0;Rhône;84.0;Auvergne-Rhône-Alpes;4405152.05572
2020.0;64.0;Pyrénées-Atlantiques;75.0;Nouvelle-Aquitaine;1280536.06795
2023.0;45.0;Loiret;24.0;Centre-Val de Loire;1368531.56161
2022.0;80.0;Somme;32.0;Hauts-de-France;1091451.20141
2019.0;73.0;Savoie;84.0;Auvergne-Rhône-Alpes;1847734.30185
2020.0;17.0;Charente-Maritime;75.0;Nouvelle-Aquitaine;1137356.32481
2021.0;91.0;Essonne;11.0;Île-de-France;3514720.13732
2024.0;41.0;Loir-et-Cher;24.0;Centre-Val de Loire;633888.13541
2023.0;48.0;Lozère;76.0;Occitanie;145142.63725
2018.0;972.0;Martinique;2.0;Martinique;577161.856
2020.0;6.0;Alpes-Maritimes;93.0;Provence-Alpes-Côte d'Azur;2834265.6286
2023.0;82.0;Tarn-et-Garonne;76.0;Occitanie;474956.88999
2024.0;12.0;Aveyron;76.0;Occitanie;435767.73283
2018.0;95.0;Val-d'Oise;11.0;Île-de-France;2480187.48019
2020.0;11.0;Aude;76.0;Occitanie;677284.26632
2023.0;3.0;Allier;84.0;Auvergne-Rhône-Alpes;581113.61792
2020.0;45.0;Loiret;24.0;Centre-Val de Loire;1354632.93287
2021.0;84.0;Vaucluse;93.0;Provence-Alpes-Côte d'Azur;1284384.77428
2019.0;57.0;Moselle;44.0;Grand Est;1888605.82802
2023.0;63.0;Puy-de-Dôme;84.0;Auvergne-Rhône-Alpes;1158750.83642
2021.0;67.0;Bas-Rhin;44.0;Grand Est;2259087.36132
2018.0;88.0;Vosges;44.0;Grand Est;786144.99069
2022.0;16.0;Charente;75.0;Nouvelle-Aquitaine;688016.34032
2019.0;54.0;Meurthe-et-Moselle;44.0;Grand Est;1538061.85161
2019.0;80.0;Somme;32.0;Hauts-de-France;1035692.75692
2024.0;2.0;Aisne;32.0;Hauts-de-France;816478.6925
2018.0;44.0;Loire-Atlantique;52.0;Pays de la Loire;2586349.50707
2022.0;2A;Corse-du-Sud;94.0;Corse;423821.975
2024.0;18.0;Cher;24.0;Centre-Val de Loire;527673.37624
2018.0;73.0;Savoie;84.0;Auvergne-Rhône-Alpes;1804700.71163
2023.0;64.0;Pyrénées-Atlantiques;75.0;Nouvelle-Aquitaine;1279237.32201
2021.0;94.0;Val-de-Marne;11.0;Île-de-France;3161118.75993
2019.0;66.0;Pyrénées-Orientales;76.0;Occitanie;985956.6083
2020.0;1.0;Ain;84.0;Auvergne-Rhône-Alpes;1755294.7699
2022.0;54.0;Meurthe-et-Moselle;44.0;Grand Est;1490837.70822
2020.0;78.0;Yvelines;11.0;Île-de-France;3277910.59423
2023.0;9.0;Ariège;76.0;Occitanie;248639.48653
2019.0;11.0;Aude;76.0;Occitanie;706779.02853
2023.0;70.0;Haute-Saône;27.0;Bourgogne-Franche-Comté;314368.84633
2022.0;67.0;Bas-Rhin;44.0;Grand Est;2346800.55127
2021.0;89.0;Yonne;27.0;Bourgogne-Franche-Comté;854926.8671
2022.0;38.0;Isère;84.0;Auvergne-Rhône-Alpes;3095935.67662
2020.0;62.0;Pas-de-Calais;32.0;Hauts-de-France;2750860.15209
2018.0;8.0;Ardennes;44.0;Grand Est;577909.01464
2022.0;29.0;Finistère;53.0;Bretagne;1624818.81796
2020.0;88.0;Vosges;44.0;Grand Est;720149.2463
2021.0;17.0;Charente-Maritime;75.0;Nouvelle-Aquitaine;1199791.48133
2021.0;55.0;Meuse;44.0;Grand Est;364332.46739
2022.0;10.0;Aube;44.0;Grand Est;593083.24302
2022.0;53.0;Mayenne;52.0;Pays de la Loire;467221.52184
2019.0;77.0;Seine-et-Marne;11.0;Île-de-France;3718115.75666
2019.0;5.0;Hautes-Alpes;93.0;Provence-Alpes-Côte d'Azur;450544.59577
2024.0;90.0;Territoire de Belfort;27.0;Bourgogne-Franche-Comté;204037.458
2019.0;39.0;Jura;27.0;Bourgogne-Franche-Comté;1358037.41965
2019.0;8.0;Ardennes;44.0;Grand Est;567410.01443
2021.0;66.0;Pyrénées-Orientales;76.0;Occitanie;998053.07894
2018.0;5.0;Hautes-Alpes;93.0;Provence-Alpes-Côte d'Azur;448179.9086
2018.0;76.0;Seine-Maritime;28.0;Normandie;2388153.12678
2018.0;976.0;Mayotte;6.0;Mayotte;33598.091
2023.0;88.0;Vosges;44.0;Grand Est;573675.91559
2018.0;78.0;Yvelines;11.0;Île-de-France;3458959.79496
2018.0;94.0;Val-de-Marne;11.0;Île-de-France;3228890.396
2024.0;87.0;Haute-Vienne;75.0;Nouvelle-Aquitaine;610738.41315
2019.0;972.0;Martinique;2.0;Martinique;521512.907
2019.0;30.0;Gard;76.0;Occitanie;1487839.13989
2023.0;95.0;Val-d'Oise;11.0;Île-de-France;2331716.60791
2023.0;14.0;Calvados;28.0;Normandie;1311137.72298
2020.0;36.0;Indre;24.0;Centre-Val de Loire;416781.05742
2018.0;19.0;Corrèze;75.0;Nouvelle-Aquitaine;449304.18392
2020.0;75.0;Paris;11.0;Île-de-France;7996186.02822
2021.0;976.0;Mayotte;6.0;Mayotte;31207.181
2020.0;84.0;Vaucluse;93.0;Provence-Alpes-Côte d'Azur;1219672.05897
2019.0;70.0;Haute-Saône;27.0;Bourgogne-Franche-Comté;365420.52117
2024.0;30.0;Gard;76.0;Occitanie;1340503.14032
2023.0;79.0;Deux-Sèvres;75.0;Nouvelle-Aquitaine;540378.30383
2023.0;94.0;Val-de-Marne;11.0;Île-de-France;2884765.99595
2024.0;72.0;Sarthe;52.0;Pays de la Loire;994880.55159
2019.0;64.0;Pyrénées-Atlantiques;75.0;Nouvelle-Aquitaine;1297145.74541
2018.0;90.0;Territoire de Belfort;27.0;Bourgogne-Franche-Comté;206967.08701
2020.0;4.0;Alpes-de-Haute-Provence;93.0;Provence-Alpes-Côte d'Azur;359953.28078
2024.0;95.0;Val-d'Oise;11.0;Île-de-France;2341284.32459
2020.0;25.0;Doubs;27.0;Bourgogne-Franche-Comté;1000027.26957
2021.0;22.0;Côtes-d'Armor;53.0;Bretagne;1029386.34656
2018.0;30.0;Gard;76.0;Occitanie;1485978.7545
2018.0;51.0;Marne;44.0;Grand Est;1343622.19476
2021.0;59.0;Nord;32.0;Hauts-de-France;5515408.65868
2018.0;26.0;Drôme;84.0;Auvergne-Rhône-Alpes;1298871.70313
2020.0;86.0;Vienne;75.0;Nouvelle-Aquitaine;720009.30545
2024.0;91.0;Essonne;11.0;Île-de-France;3590102.09317
2020.0;18.0;Cher;24.0;Centre-Val de Loire;586661.7001
2018.0;16.0;Charente;75.0;Nouvelle-Aquitaine;646861.50903
2021.0;44.0;Loire-Atlantique;52.0;Pays de la Loire;2668361.86754
2021.0;78.0;Yvelines;11.0;Île-de-France;3403224.38532
2024.0;65.0;Hautes-Pyrénées;76.0;Occitanie;408116.08908
2021.0;33.0;Gironde;75.0;Nouvelle-Aquitaine;3342880.06982
2021.0;50.0;Manche;28.0;Normandie;809395.38448
2023.0;5.0;Hautes-Alpes;93.0;Provence-Alpes-Côte d'Azur;450621.595
2024.0;10.0;Aube;44.0;Grand Est;578955.555
2019.0;87.0;Haute-Vienne;75.0;Nouvelle-Aquitaine;633512.848
2023.0;1.0;Ain;84.0;Auvergne-Rhône-Alpes;2355565.3219
2023.0;2.0;Aisne;32.0;Hauts-de-France;781451.56875
2021.0;51.0;Marne;44.0;Grand Est;1356276.79132
2022.0;25.0;Doubs;27.0;Bourgogne-Franche-Comté;1008220.75804
2022.0;91.0;Essonne;11.0;Île-de-France;3526764.67788
2021.0;54.0;Meurthe-et-Moselle;44.0;Grand Est;1508602.47716
2024.0;67.0;Bas-Rhin;44.0;Grand Est;2371594.18325
2019.0;48.0;Lozère;76.0;Occitanie;147241.95549
2022.0;976.0;Mayotte;6.0;Mayotte;28383.148
