Année;Code département;Libellé département;Code région;Libellé région;Consommation gaz agriculture (MWh)
2012.0;9.0;Ariège;76.0;Occitanie;0.0
2012.0;10.0;Aube;44.0;Grand Est;266.0
2012.0;38.0;Isère;84.0;Auvergne-Rhône-Alpes;982.0
2012.0;84.0;Vaucluse;93.0;Provence-Alpes-Côte d'Azur;55613.0
2012.0;88.0;Vosges;44.0;Grand Est;3562.0
2013.0;36.0;Indre;24.0;Centre-Val de Loire;173.0
2013.0;68.0;Haut-Rhin;44.0;Grand Est;16954.86
2014.0;11.0;Aude;76.0;Occitanie;9953.89
2014.0;21.0;Côte-d'Or;27.0;Bourgogne-Franche-Comté;6597.0
2014.0;29.0;Finistère;53.0;Bretagne;381454.0
2014.0;36.0;Indre;24.0;Centre-Val de Loire;4.0
2015.0;29.0;Finistère;53.0;Bretagne;420997.0
2015.0;2B;Haute-Corse;94.0;Corse;0.0
2015.0;75.0;Paris;11.0;Île-de-France;1156.0
2016.0;3.0;Allier;84.0;Auvergne-Rhône-Alpes;7296.0
2016.0;42.0;Loire;84.0;Auvergne-Rhône-Alpes;4444.0
2016.0;57.0;Moselle;44.0;Grand Est;10397.0
2016.0;72.0;Sarthe;52.0;Pays de la Loire;59717.0
2016.0;973.0;Guyane;3.0;Guyane;0.0
2017.0;3.0;Allier;84.0;Auvergne-Rhône-Alpes;5930.0
2017.0;4.0;Alpes-de-Haute-Provence;93.0;Provence-Alpes-Côte d'Azur;134.0
2017.0;8.0;Ardennes;44.0;Grand Est;635.0
2017.0;11.0;Aude;76.0;Occitanie;12655.18
2017.0;18.0;Cher;24.0;Centre-Val de Loire;6872.0
2017.0;41.0;Loir-et-Cher;24.0;Centre-Val de Loire;6598.0
2017.0;46.0;Lot;76.0;Occitanie;0.0
2017.0;48.0;Lozère;76.0;Occitanie;0.0
2017.0;49.0;Maine-et-Loire;52.0;Pays de la Loire;98920.0
2012.0;35.0;Ille-et-Vilaine;53.0;Bretagne;147768.0
2012.0;45.0;Loiret;24.0;Centre-Val de Loire;96686.0
2012.0;47.0;Lot-et-Garonne;75.0;Nouvelle-Aquitaine;102635.7
2012.0;971.0;Guadeloupe;1.0;Guadeloupe;0.0
2013.0;6.0;Alpes-Maritimes;93.0;Provence-Alpes-Côte d'Azur;0.0
2013.0;8.0;Ardennes;44.0;Grand Est;0.0
2013.0;33.0;Gironde;75.0;Nouvelle-Aquitaine;65657.33
2013.0;50.0;Manche;28.0;Normandie;1946.0
2013.0;52.0;Haute-Marne;44.0;Grand Est;11539.0
2013.0;59.0;Nord;32.0;Hauts-de-France;41940.0
2013.0;83.0;Var;93.0;Provence-Alpes-Côte d'Azur;42472.0
2014.0;28.0;Eure-et-Loir;24.0;Centre-Val de Loire;1465.0
2014.0;56.0;Morbihan;53.0;Bretagne;12657.0
2015.0;2.0;Aisne;32.0;Hauts-de-France;3289.0
2015.0;28.0;Eure-et-Loir;24.0;Centre-Val de Loire;3805.0
2015.0;38.0;Isère;84.0;Auvergne-Rhône-Alpes;1820.0
2015.0;64.0;Pyrénées-Atlantiques;75.0;Nouvelle-Aquitaine;47032.53
2015.0;974.0;La Réunion;4.0;La Réunion;0.0
2016.0;4.0;Alpes-de-Haute-Provence;93.0;Provence-Alpes-Côte d'Azur;129.0
2016.0;43.0;Haute-Loire;84.0;Auvergne-Rhône-Alpes;390.0
2016.0;47.0;Lot-et-Garonne;75.0;Nouvelle-Aquitaine;121748.81
2016.0;55.0;Meuse;44.0;Grand Est;55442.0
2016.0;61.0;Orne;28.0;Normandie;1443.0
2017.0;1.0;Ain;84.0;Auvergne-Rhône-Alpes;7981.0
2017.0;14.0;Calvados;28.0;Normandie;6080.0
2017.0;29.0;Finistère;53.0;Bretagne;407511.0
2017.0;51.0;Marne;44.0;Grand Est;20024.0
2017.0;68.0;Haut-Rhin;44.0;Grand Est;21912.39
2012.0;86.0;Vienne;75.0;Nouvelle-Aquitaine;1192.0
2013.0;65.0;Hautes-Pyrénées;76.0;Occitanie;29206.34
2013.0;974.0;La Réunion;4.0;La Réunion;0.0
2014.0;31.0;Haute-Garonne;76.0;Occitanie;10642.06
2015.0;89.0;Yonne;27.0;Bourgogne-Franche-Comté;3251.0
2016.0;36.0;Indre;24.0;Centre-Val de Loire;0.0
2017.0;25.0;Doubs;27.0;Bourgogne-Franche-Comté;1787.0
2017.0;39.0;Jura;27.0;Bourgogne-Franche-Comté;3284.0
2017.0;78.0;Yvelines;11.0;Île-de-France;10062.0
2012.0;7.0;Ardèche;84.0;Auvergne-Rhône-Alpes;0.0
2012.0;51.0;Marne;44.0;Grand Est;6712.0
2012.0;63.0;Puy-de-Dôme;84.0;Auvergne-Rhône-Alpes;11259.0
2013.0;49.0;Maine-et-Loire;52.0;Pays de la Loire;111972.0
2014.0;17.0;Charente-Maritime;75.0;Nouvelle-Aquitaine;18603.0
2014.0;37.0;Indre-et-Loire;24.0;Centre-Val de Loire;47601.0
2014.0;67.0;Bas-Rhin;44.0;Grand Est;21061.0
2015.0;19.0;Corrèze;75.0;Nouvelle-Aquitaine;1616.0
2015.0;43.0;Haute-Loire;84.0;Auvergne-Rhône-Alpes;461.0
2013.0;28.0;Eure-et-Loir;24.0;Centre-Val de Loire;1609.0
2013.0;53.0;Mayenne;52.0;Pays de la Loire;5582.0
2013.0;87.0;Haute-Vienne;75.0;Nouvelle-Aquitaine;2595.0
2014.0;49.0;Maine-et-Loire;52.0;Pays de la Loire;71834.0
2014.0;973.0;Guyane;3.0;Guyane;0.0
2015.0;4.0;Alpes-de-Haute-Provence;93.0;Provence-Alpes-Côte d'Azur;141.0
2015.0;27.0;Eure;28.0;Normandie;4171.0
2015.0;79.0;Deux-Sèvres;75.0;Nouvelle-Aquitaine;1315.0
2015.0;80.0;Somme;32.0;Hauts-de-France;1114.0
2016.0;24.0;Dordogne;75.0;Nouvelle-Aquitaine;21090.0
2016.0;64.0;Pyrénées-Atlantiques;75.0;Nouvelle-Aquitaine;40632.71
2016.0;73.0;Savoie;84.0;Auvergne-Rhône-Alpes;3482.0
2016.0;86.0;Vienne;75.0;Nouvelle-Aquitaine;1037.0
2016.0;93.0;Seine-Saint-Denis;11.0;Île-de-France;7751.0
2017.0;21.0;Côte-d'Or;27.0;Bourgogne-Franche-Comté;4714.0
2017.0;2B;Haute-Corse;94.0;Corse;0.0
2017.0;50.0;Manche;28.0;Normandie;1656.0
2017.0;73.0;Savoie;84.0;Auvergne-Rhône-Alpes;3395.0
2012.0;39.0;Jura;27.0;Bourgogne-Franche-Comté;1968.0
2012.0;59.0;Nord;32.0;Hauts-de-France;38456.0
2012.0;93.0;Seine-Saint-Denis;11.0;Île-de-France;7384.0
2013.0;13.0;Bouches-du-Rhône;93.0;Provence-Alpes-Côte d'Azur;267082.0
2013.0;58.0;Nièvre;27.0;Bourgogne-Franche-Comté;2734.0
2013.0;89.0;Yonne;27.0;Bourgogne-Franche-Comté;4453.0
2013.0;972.0;Martinique;2.0;Martinique;0.0
2014.0;58.0;Nièvre;27.0;Bourgogne-Franche-Comté;2103.0
2014.0;72.0;Sarthe;52.0;Pays de la Loire;57196.0
2014.0;84.0;Vaucluse;93.0;Provence-Alpes-Côte d'Azur;48771.0
2014.0;974.0;La Réunion;4.0;La Réunion;0.0
2015.0;37.0;Indre-et-Loire;24.0;Centre-Val de Loire;45434.0
2015.0;58.0;Nièvre;27.0;Bourgogne-Franche-Comté;1947.0
2015.0;971.0;Guadeloupe;1.0;Guadeloupe;0.0
2016.0;8.0;Ardennes;44.0;Grand Est;613.0
2016.0;11.0;Aude;76.0;Occitanie;12567.87
2016.0;13.0;Bouches-du-Rhône;93.0;Provence-Alpes-Côte d'Azur;223606.0
2016.0;17.0;Charente-Maritime;75.0;Nouvelle-Aquitaine;24521.0
2016.0;50.0;Manche;28.0;Normandie;1653.0
2016.0;58.0;Nièvre;27.0;Bourgogne-Franche-Comté;2703.0
2016.0;71.0;Saône-et-Loire;27.0;Bourgogne-Franche-Comté;7785.0
2017.0;5.0;Hautes-Alpes;93.0;Provence-Alpes-Côte d'Azur;0.0
2017.0;9.0;Ariège;76.0;Occitanie;4102.63
2017.0;23.0;Creuse;75.0;Nouvelle-Aquitaine;0.0
2017.0;34.0;Hérault;76.0;Occitanie;7349.0
2017.0;61.0;Orne;28.0;Normandie;1534.0
2017.0;77.0;Seine-et-Marne;11.0;Île-de-France;24044.0
2017.0;95.0;Val-d'Oise;11.0;Île-de-France;38490.0
2013.0;41.0;Loir-et-Cher;24.0;Centre-Val de Loire;6696.0
2014.0;63.0;Puy-de-Dôme;84.0;Auvergne-Rhône-Alpes;8574.0
2014.0;79.0;Deux-Sèvres;75.0;Nouvelle-Aquitaine;1612.0
2014.0;85.0;Vendée;52.0;Pays de la Loire;20028.0
2015.0;6.0;Alpes-Maritimes;93.0;Provence-Alpes-Côte d'Azur;9637.0
2015.0;36.0;Indre;24.0;Centre-Val de Loire;0.0
2015.0;41.0;Loir-et-Cher;24.0;Centre-Val de Loire;6482.0
2015.0;94.0;Val-de-Marne;11.0;Île-de-France;7654.0
2016.0;41.0;Loir-et-Cher;24.0;Centre-Val de Loire;6532.0
2016.0;65.0;Hautes-Pyrénées;76.0;Occitanie;15967.94
2016.0;81.0;Tarn;76.0;Occitanie;1547.0
2017.0;973.0;Guyane;3.0;Guyane;0.0
2012.0;4.0;Alpes-de-Haute-Provence;93.0;Provence-Alpes-Côte d'Azur;0.0
2012.0;34.0;Hérault;76.0;Occitanie;6543.0
2012.0;46.0;Lot;76.0;Occitanie;0.0
2012.0;49.0;Maine-et-Loire;52.0;Pays de la Loire;114321.0
2013.0;4.0;Alpes-de-Haute-Provence;93.0;Provence-Alpes-Côte d'Azur;0.0
2013.0;46.0;Lot;76.0;Occitanie;0.0
2013.0;56.0;Morbihan;53.0;Bretagne;9594.0
2013.0;67.0;Bas-Rhin;44.0;Grand Est;25118.0
2013.0;88.0;Vosges;44.0;Grand Est;3377.0
2013.0;93.0;Seine-Saint-Denis;11.0;Île-de-France;8361.0
2014.0;2.0;Aisne;32.0;Hauts-de-France;0.0
2014.0;23.0;Creuse;75.0;Nouvelle-Aquitaine;332.0
2014.0;2A;Corse-du-Sud;94.0;Corse;0.0
2014.0;68.0;Haut-Rhin;44.0;Grand Est;15336.779999999999
2014.0;89.0;Yonne;27.0;Bourgogne-Franche-Comté;2225.0
2015.0;62.0;Pas-de-Calais;32.0;Hauts-de-France;27594.0
2015.0;65.0;Hautes-Pyrénées;76.0;Occitanie;17974.33
2015.0;76.0;Seine-Maritime;28.0;Normandie;4278.0
2015.0;92.0;Hauts-de-Seine;11.0;Île-de-France;6700.0
2016.0;22.0;Côtes-d'Armor;53.0;Bretagne;254695.99
2016.0;23.0;Creuse;75.0;Nouvelle-Aquitaine;0.0
2016.0;68.0;Haut-Rhin;44.0;Grand Est;17056.5
2016.0;95.0;Val-d'Oise;11.0;Île-de-France;49230.0
2017.0;2A;Corse-du-Sud;94.0;Corse;0.0
2017.0;65.0;Hautes-Pyrénées;76.0;Occitanie;12599.86
2017.0;85.0;Vendée;52.0;Pays de la Loire;24056.0
2012.0;3.0;Allier;84.0;Auvergne-Rhône-Alpes;0.0
2012.0;15.0;Cantal;84.0;Auvergne-Rhône-Alpes;0.0
2012.0;17.0;Charente-Maritime;75.0;Nouvelle-Aquitaine;22766.0
2012.0;25.0;Doubs;27.0;Bourgogne-Franche-Comté;2650.0
2012.0;73.0;Savoie;84.0;Auvergne-Rhône-Alpes;4137.0
2012.0;92.0;Hauts-de-Seine;11.0;Île-de-France;7239.0
2013.0;25.0;Doubs;27.0;Bourgogne-Franche-Comté;2531.0
2013.0;2B;Haute-Corse;94.0;Corse;0.0
2013.0;71.0;Saône-et-Loire;27.0;Bourgogne-Franche-Comté;11617.0
2013.0;72.0;Sarthe;52.0;Pays de la Loire;57967.0
2013.0;92.0;Hauts-de-Seine;11.0;Île-de-France;8065.0
2014.0;5.0;Hautes-Alpes;93.0;Provence-Alpes-Côte d'Azur;0.0
2014.0;15.0;Cantal;84.0;Auvergne-Rhône-Alpes;0.0
2014.0;30.0;Gard;76.0;Occitanie;11164.0
2014.0;35.0;Ille-et-Vilaine;53.0;Bretagne;139753.0
2014.0;43.0;Haute-Loire;84.0;Auvergne-Rhône-Alpes;465.0
2014.0;65.0;Hautes-Pyrénées;76.0;Occitanie;21169.86
2015.0;1.0;Ain;84.0;Auvergne-Rhône-Alpes;8606.0
2015.0;45.0;Loiret;24.0;Centre-Val de Loire;84126.0
2015.0;59.0;Nord;32.0;Hauts-de-France;31488.0
2015.0;78.0;Yvelines;11.0;Île-de-France;9499.0
2015.0;86.0;Vienne;75.0;Nouvelle-Aquitaine;999.0
2016.0;26.0;Drôme;84.0;Auvergne-Rhône-Alpes;18537.0
2016.0;51.0;Marne;44.0;Grand Est;24027.0
2016.0;79.0;Deux-Sèvres;75.0;Nouvelle-Aquitaine;1428.0
2017.0;31.0;Haute-Garonne;76.0;Occitanie;9010.369999999999
2017.0;40.0;Landes;75.0;Nouvelle-Aquitaine;60507.79
2017.0;64.0;Pyrénées-Atlantiques;75.0;Nouvelle-Aquitaine;41628.08
2012.0;62.0;Pas-de-Calais;32.0;Hauts-de-France;33409.0
2012.0;76.0;Seine-Maritime;28.0;Normandie;9405.0
2012.0;87.0;Haute-Vienne;75.0;Nouvelle-Aquitaine;2818.0
2013.0;1.0;Ain;84.0;Auvergne-Rhône-Alpes;0.0
2013.0;54.0;Meurthe-et-Moselle;44.0;Grand Est;14278.0
2013.0;66.0;Pyrénées-Orientales;76.0;Occitanie;46915.0
2013.0;971.0;Guadeloupe;1.0;Guadeloupe;0.0
2015.0;82.0;Tarn-et-Garonne;76.0;Occitanie;3464.5
2016.0;9.0;Ariège;76.0;Occitanie;4010.72
2016.0;28.0;Eure-et-Loir;24.0;Centre-Val de Loire;2712.0
2016.0;2B;Haute-Corse;94.0;Corse;0.0
2016.0;62.0;Pas-de-Calais;32.0;Hauts-de-France;30664.0
2016.0;67.0;Bas-Rhin;44.0;Grand Est;18783.0
2016.0;76.0;Seine-Maritime;28.0;Normandie;4472.0
2016.0;78.0;Yvelines;11.0;Île-de-France;8667.0
2017.0;53.0;Mayenne;52.0;Pays de la Loire;5193.0
2017.0;87.0;Haute-Vienne;75.0;Nouvelle-Aquitaine;2320.0
2017.0;90.0;Territoire de Belfort;27.0;Bourgogne-Franche-Comté;760.0
2017.0;972.0;Martinique;2.0;Martinique;0.0
2012.0;16.0;Charente;75.0;Nouvelle-Aquitaine;8418.0
2012.0;26.0;Drôme;84.0;Auvergne-Rhône-Alpes;26003.0
2012.0;30.0;Gard;76.0;Occitanie;14496.0
2012.0;41.0;Loir-et-Cher;24.0;Centre-Val de Loire;6711.0
2012.0;48.0;Lozère;76.0;Occitanie;0.0
2012.0;66.0;Pyrénées-Orientales;76.0;Occitanie;58622.0
2012.0;80.0;Somme;32.0;Hauts-de-France;1033.0
2012.0;91.0;Essonne;11.0;Île-de-France;22231.0
2013.0;24.0;Dordogne;75.0;Nouvelle-Aquitaine;22921.0
2013.0;27.0;Eure;28.0;Normandie;7501.0
2013.0;45.0;Loiret;24.0;Centre-Val de Loire;96356.0
2013.0;90.0;Territoire de Belfort;27.0;Bourgogne-Franche-Comté;980.0
2014.0;2B;Haute-Corse;94.0;Corse;0.0
2014.0;71.0;Saône-et-Loire;27.0;Bourgogne-Franche-Comté;7404.0
2014.0;80.0;Somme;32.0;Hauts-de-France;1832.0
2014.0;94.0;Val-de-Marne;11.0;Île-de-France;6697.0
2015.0;21.0;Côte-d'Or;27.0;Bourgogne-Franche-Comté;3561.0
2015.0;46.0;Lot;76.0;Occitanie;0.0
2015.0;972.0;Martinique;2.0;Martinique;0.0
2016.0;14.0;Calvados;28.0;Normandie;6076.0
2016.0;39.0;Jura;27.0;Bourgogne-Franche-Comté;3514.0
2016.0;69.0;Rhône;84.0;Auvergne-Rhône-Alpes;9084.0
2016.0;976.0;Mayotte;6.0;Mayotte;0.0
2017.0;36.0;Indre;24.0;Centre-Val de Loire;0.0
2017.0;38.0;Isère;84.0;Auvergne-Rhône-Alpes;1001.0
2017.0;84.0;Vaucluse;93.0;Provence-Alpes-Côte d'Azur;59776.0
2012.0;56.0;Morbihan;53.0;Bretagne;13029.0
2012.0;61.0;Orne;28.0;Normandie;2684.0
2012.0;65.0;Hautes-Pyrénées;76.0;Occitanie;29347.41
2012.0;85.0;Vendée;52.0;Pays de la Loire;44753.0
2013.0;12.0;Aveyron;76.0;Occitanie;688.0
2017.0;81.0;Tarn;76.0;Occitanie;1758.0
2012.0;78.0;Yvelines;11.0;Île-de-France;11564.0
2012.0;79.0;Deux-Sèvres;75.0;Nouvelle-Aquitaine;2505.0
2012.0;95.0;Val-d'Oise;11.0;Île-de-France;52497.0
2013.0;29.0;Finistère;53.0;Bretagne;454396.0
2013.0;63.0;Puy-de-Dôme;84.0;Auvergne-Rhône-Alpes;10391.0
2013.0;74.0;Haute-Savoie;84.0;Auvergne-Rhône-Alpes;12214.0
2014.0;19.0;Corrèze;75.0;Nouvelle-Aquitaine;1406.0
2014.0;27.0;Eure;28.0;Normandie;3901.0
2014.0;69.0;Rhône;84.0;Auvergne-Rhône-Alpes;6445.0
2014.0;93.0;Seine-Saint-Denis;11.0;Île-de-France;6522.0
2015.0;39.0;Jura;27.0;Bourgogne-Franche-Comté;3046.0
2015.0;40.0;Landes;75.0;Nouvelle-Aquitaine;79905.73
2015.0;66.0;Pyrénées-Orientales;76.0;Occitanie;31504.0
2015.0;95.0;Val-d'Oise;11.0;Île-de-France;44490.0
2016.0;6.0;Alpes-Maritimes;93.0;Provence-Alpes-Côte d'Azur;9819.0
2016.0;75.0;Paris;11.0;Île-de-France;1324.0
2016.0;94.0;Val-de-Marne;11.0;Île-de-France;8933.0
2017.0;2.0;Aisne;32.0;Hauts-de-France;1430.0
2017.0;10.0;Aube;44.0;Grand Est;137.0
2017.0;12.0;Aveyron;76.0;Occitanie;832.0
2017.0;19.0;Corrèze;75.0;Nouvelle-Aquitaine;1315.0
2017.0;55.0;Meuse;44.0;Grand Est;53221.0
2013.0;2A;Corse-du-Sud;94.0;Corse;0.0
2013.0;61.0;Orne;28.0;Normandie;2646.0
2013.0;76.0;Seine-Maritime;28.0;Normandie;8849.0
2013.0;86.0;Vienne;75.0;Nouvelle-Aquitaine;1116.0
2014.0;12.0;Aveyron;76.0;Occitanie;471.0
2014.0;64.0;Pyrénées-Atlantiques;75.0;Nouvelle-Aquitaine;44366.51
2015.0;8.0;Ardennes;44.0;Grand Est;586.0
2015.0;16.0;Charente;75.0;Nouvelle-Aquitaine;12573.0
2015.0;42.0;Loire;84.0;Auvergne-Rhône-Alpes;4363.0
2015.0;84.0;Vaucluse;93.0;Provence-Alpes-Côte d'Azur;56389.0
2016.0;31.0;Haute-Garonne;76.0;Occitanie;9531.97
2016.0;38.0;Isère;84.0;Auvergne-Rhône-Alpes;1475.0
2012.0;19.0;Corrèze;75.0;Nouvelle-Aquitaine;1944.0
2012.0;55.0;Meuse;44.0;Grand Est;46576.0
2012.0;60.0;Oise;32.0;Hauts-de-France;14268.0
2012.0;82.0;Tarn-et-Garonne;76.0;Occitanie;4731.81
2013.0;39.0;Jura;27.0;Bourgogne-Franche-Comté;2296.0
2014.0;57.0;Moselle;44.0;Grand Est;8782.0
2014.0;95.0;Val-d'Oise;11.0;Île-de-France;41201.0
2016.0;12.0;Aveyron;76.0;Occitanie;463.0
2016.0;56.0;Morbihan;53.0;Bretagne;6884.0
2016.0;84.0;Vaucluse;93.0;Provence-Alpes-Côte d'Azur;74397.0
2012.0;8.0;Ardennes;44.0;Grand Est;0.0
2012.0;68.0;Haut-Rhin;44.0;Grand Est;15800.45
2012.0;77.0;Seine-et-Marne;11.0;Île-de-France;25572.0
2013.0;5.0;Hautes-Alpes;93.0;Provence-Alpes-Côte d'Azur;0.0
2012.0;14.0;Calvados;28.0;Normandie;14316.0
2012.0;64.0;Pyrénées-Atlantiques;75.0;Nouvelle-Aquitaine;51445.95
2013.0;48.0;Lozère;76.0;Occitanie;0.0
2013.0;64.0;Pyrénées-Atlantiques;75.0;Nouvelle-Aquitaine;54622.43
2013.0;84.0;Vaucluse;93.0;Provence-Alpes-Côte d'Azur;55066.0
2013.0;95.0;Val-d'Oise;11.0;Île-de-France;53518.0
2014.0;14.0;Calvados;28.0;Normandie;11582.0
2014.0;16.0;Charente;75.0;Nouvelle-Aquitaine;11132.0
2014.0;46.0;Lot;76.0;Occitanie;0.0
2014.0;88.0;Vosges;44.0;Grand Est;2640.0
2015.0;11.0;Aude;76.0;Occitanie;9648.74
2015.0;14.0;Calvados;28.0;Normandie;10115.0
2012.0;81.0;Tarn;76.0;Occitanie;3768.0
2013.0;40.0;Landes;75.0;Nouvelle-Aquitaine;100643.83
2013.0;60.0;Oise;32.0;Hauts-de-France;14115.0
2013.0;973.0;Guyane;3.0;Guyane;0.0
2015.0;52.0;Haute-Marne;44.0;Grand Est;9424.0
2015.0;61.0;Orne;28.0;Normandie;1211.0
2015.0;90.0;Territoire de Belfort;27.0;Bourgogne-Franche-Comté;719.0
2016.0;48.0;Lozère;76.0;Occitanie;0.0
2017.0;54.0;Meurthe-et-Moselle;44.0;Grand Est;10700.0
2017.0;71.0;Saône-et-Loire;27.0;Bourgogne-Franche-Comté;7018.0
2012.0;50.0;Manche;28.0;Normandie;1706.0
2012.0;57.0;Moselle;44.0;Grand Est;9123.0
2014.0;55.0;Meuse;44.0;Grand Est;41398.0
2014.0;90.0;Territoire de Belfort;27.0;Bourgogne-Franche-Comté;801.0
2016.0;83.0;Var;93.0;Provence-Alpes-Côte d'Azur;28382.0
2017.0;22.0;Côtes-d'Armor;53.0;Bretagne;267356.0
2012.0;12.0;Aveyron;76.0;Occitanie;656.0
2012.0;54.0;Meurthe-et-Moselle;44.0;Grand Est;14061.0
2012.0;75.0;Paris;11.0;Île-de-France;1278.0
2013.0;2.0;Aisne;32.0;Hauts-de-France;0.0
2013.0;10.0;Aube;44.0;Grand Est;209.0
2013.0;15.0;Cantal;84.0;Auvergne-Rhône-Alpes;0.0
2016.0;971.0;Guadeloupe;1.0;Guadeloupe;0.0
2016.0;974.0;La Réunion;4.0;La Réunion;0.0
2017.0;42.0;Loire;84.0;Auvergne-Rhône-Alpes;4393.0
2017.0;57.0;Moselle;44.0;Grand Est;10740.0
2017.0;94.0;Val-de-Marne;11.0;Île-de-France;8800.0
2017.0;974.0;La Réunion;4.0;La Réunion;0.0
2017.0;976.0;Mayotte;6.0;Mayotte;0.0
2013.0;35.0;Ille-et-Vilaine;53.0;Bretagne;153586.0
2013.0;75.0;Paris;11.0;Île-de-France;1419.0
2013.0;82.0;Tarn-et-Garonne;76.0;Occitanie;5755.66
2014.0;33.0;Gironde;75.0;Nouvelle-Aquitaine;48911.04
2014.0;86.0;Vienne;75.0;Nouvelle-Aquitaine;930.0
2015.0;5.0;Hautes-Alpes;93.0;Provence-Alpes-Côte d'Azur;0.0
2015.0;9.0;Ariège;76.0;Occitanie;5303.09
2015.0;22.0;Côtes-d'Armor;53.0;Bretagne;226879.47
2015.0;2A;Corse-du-Sud;94.0;Corse;0.0
2015.0;32.0;Gers;76.0;Occitanie;22652.64
2015.0;71.0;Saône-et-Loire;27.0;Bourgogne-Franche-Comté;7552.0
2016.0;1.0;Ain;84.0;Auvergne-Rhône-Alpes;8353.0
2016.0;46.0;Lot;76.0;Occitanie;0.0
2016.0;60.0;Oise;32.0;Hauts-de-France;4978.0
2016.0;87.0;Haute-Vienne;75.0;Nouvelle-Aquitaine;2337.0
2016.0;92.0;Hauts-de-Seine;11.0;Île-de-France;7008.0
2017.0;33.0;Gironde;75.0;Nouvelle-Aquitaine;45216.37
2017.0;74.0;Haute-Savoie;84.0;Auvergne-Rhône-Alpes;11059.0
2017.0;82.0;Tarn-et-Garonne;76.0;Occitanie;2856.6400000000003
2017.0;83.0;Var;93.0;Provence-Alpes-Côte d'Azur;28403.0
2013.0;94.0;Val-de-Marne;11.0;Île-de-France;9960.0
2014.0;1.0;Ain;84.0;Auvergne-Rhône-Alpes;0.0
2014.0;22.0;Côtes-d'Armor;53.0;Bretagne;186953.0
2014.0;40.0;Landes;75.0;Nouvelle-Aquitaine;81040.35
2014.0;52.0;Haute-Marne;44.0;Grand Est;9794.0
2014.0;74.0;Haute-Savoie;84.0;Auvergne-Rhône-Alpes;9703.0
2014.0;76.0;Seine-Maritime;28.0;Normandie;3929.0
2015.0;12.0;Aveyron;76.0;Occitanie;552.0
2015.0;44.0;Loire-Atlantique;52.0;Pays de la Loire;152484.0
2016.0;16.0;Charente;75.0;Nouvelle-Aquitaine;12767.0
2016.0;44.0;Loire-Atlantique;52.0;Pays de la Loire;152568.0
2016.0;59.0;Nord;32.0;Hauts-de-France;30155.0
2016.0;63.0;Puy-de-Dôme;84.0;Auvergne-Rhône-Alpes;8846.0
2017.0;43.0;Haute-Loire;84.0;Auvergne-Rhône-Alpes;364.0
2012.0;5.0;Hautes-Alpes;93.0;Provence-Alpes-Côte d'Azur;0.0
2012.0;58.0;Nièvre;27.0;Bourgogne-Franche-Comté;2494.0
2013.0;11.0;Aude;76.0;Occitanie;23346.8
2013.0;23.0;Creuse;75.0;Nouvelle-Aquitaine;536.0
2013.0;31.0;Haute-Garonne;76.0;Occitanie;14207.27
2013.0;51.0;Marne;44.0;Grand Est;18397.0
2013.0;70.0;Haute-Saône;27.0;Bourgogne-Franche-Comté;784.0
2014.0;26.0;Drôme;84.0;Auvergne-Rhône-Alpes;19628.0
2014.0;54.0;Meurthe-et-Moselle;44.0;Grand Est;11881.0
2014.0;61.0;Orne;28.0;Normandie;2202.0
2014.0;77.0;Seine-et-Marne;11.0;Île-de-France;28765.0
2014.0;81.0;Tarn;76.0;Occitanie;1995.0
2015.0;30.0;Gard;76.0;Occitanie;12376.0
2015.0;31.0;Haute-Garonne;76.0;Occitanie;8944.01
2015.0;35.0;Ille-et-Vilaine;53.0;Bretagne;197532.0
2015.0;63.0;Puy-de-Dôme;84.0;Auvergne-Rhône-Alpes;8569.0
2015.0;85.0;Vendée;52.0;Pays de la Loire;18666.0
2016.0;27.0;Eure;28.0;Normandie;5182.0
2016.0;35.0;Ille-et-Vilaine;53.0;Bretagne;232853.0
2016.0;66.0;Pyrénées-Orientales;76.0;Occitanie;22778.0
2016.0;77.0;Seine-et-Marne;11.0;Île-de-France;23094.0
2016.0;91.0;Essonne;11.0;Île-de-France;18668.0
2017.0;6.0;Alpes-Maritimes;93.0;Provence-Alpes-Côte d'Azur;9926.0
2017.0;28.0;Eure-et-Loir;24.0;Centre-Val de Loire;2621.0
2017.0;44.0;Loire-Atlantique;52.0;Pays de la Loire;153717.0
2017.0;45.0;Loiret;24.0;Centre-Val de Loire;110399.0
2017.0;89.0;Yonne;27.0;Bourgogne-Franche-Comté;4437.0
2017.0;93.0;Seine-Saint-Denis;11.0;Île-de-France;8140.0
2013.0;44.0;Loire-Atlantique;52.0;Pays de la Loire;169904.0
2014.0;7.0;Ardèche;84.0;Auvergne-Rhône-Alpes;0.0
2014.0;10.0;Aube;44.0;Grand Est;79.0
2014.0;18.0;Cher;24.0;Centre-Val de Loire;6691.0
2014.0;24.0;Dordogne;75.0;Nouvelle-Aquitaine;20320.0
2014.0;34.0;Hérault;76.0;Occitanie;4659.0
2014.0;47.0;Lot-et-Garonne;75.0;Nouvelle-Aquitaine;104016.4
2014.0;53.0;Mayenne;52.0;Pays de la Loire;4606.0
2015.0;13.0;Bouches-du-Rhône;93.0;Provence-Alpes-Côte d'Azur;219283.0
2015.0;49.0;Maine-et-Loire;52.0;Pays de la Loire;85446.0
2015.0;69.0;Rhône;84.0;Auvergne-Rhône-Alpes;7381.0
2016.0;5.0;Hautes-Alpes;93.0;Provence-Alpes-Côte d'Azur;0.0
2016.0;10.0;Aube;44.0;Grand Est;259.0
2016.0;15.0;Cantal;84.0;Auvergne-Rhône-Alpes;792.0
2017.0;35.0;Ille-et-Vilaine;53.0;Bretagne;253785.0
2017.0;59.0;Nord;32.0;Hauts-de-France;35823.0
2017.0;60.0;Oise;32.0;Hauts-de-France;4364.0
2017.0;91.0;Essonne;11.0;Île-de-France;17111.0
2012.0;13.0;Bouches-du-Rhône;93.0;Provence-Alpes-Côte d'Azur;280252.0
2012.0;2A;Corse-du-Sud;94.0;Corse;0.0
2012.0;32.0;Gers;76.0;Occitanie;25819.440000000002
2012.0;44.0;Loire-Atlantique;52.0;Pays de la Loire;191659.0
2012.0;53.0;Mayenne;52.0;Pays de la Loire;4904.0
2012.0;69.0;Rhône;84.0;Auvergne-Rhône-Alpes;8588.0
2012.0;972.0;Martinique;2.0;Martinique;0.0
2013.0;17.0;Charente-Maritime;75.0;Nouvelle-Aquitaine;20658.0
2013.0;57.0;Moselle;44.0;Grand Est;10292.0
2013.0;78.0;Yvelines;11.0;Île-de-France;13532.0
2013.0;91.0;Essonne;11.0;Île-de-France;21766.0
2014.0;13.0;Bouches-du-Rhône;93.0;Provence-Alpes-Côte d'Azur;229093.0
2014.0;39.0;Jura;27.0;Bourgogne-Franche-Comté;1804.0
2014.0;50.0;Manche;28.0;Normandie;1456.0
2014.0;51.0;Marne;44.0;Grand Est;13193.0
2014.0;82.0;Tarn-et-Garonne;76.0;Occitanie;3901.7200000000003
2015.0;3.0;Allier;84.0;Auvergne-Rhône-Alpes;6591.0
2015.0;26.0;Drôme;84.0;Auvergne-Rhône-Alpes;20012.0
2015.0;47.0;Lot-et-Garonne;75.0;Nouvelle-Aquitaine;118493.72
2015.0;57.0;Moselle;44.0;Grand Est;9386.0
2016.0;29.0;Finistère;53.0;Bretagne;429899.0
2016.0;82.0;Tarn-et-Garonne;76.0;Occitanie;3295.44
2017.0;16.0;Charente;75.0;Nouvelle-Aquitaine;11301.0
2017.0;24.0;Dordogne;75.0;Nouvelle-Aquitaine;21347.0
2017.0;30.0;Gard;76.0;Occitanie;14845.0
2017.0;37.0;Indre-et-Loire;24.0;Centre-Val de Loire;35735.0
2012.0;29.0;Finistère;53.0;Bretagne;467701.0
2013.0;37.0;Indre-et-Loire;24.0;Centre-Val de Loire;54907.0
2013.0;47.0;Lot-et-Garonne;75.0;Nouvelle-Aquitaine;126409.69
2014.0;6.0;Alpes-Maritimes;93.0;Provence-Alpes-Côte d'Azur;0.0
2014.0;41.0;Loir-et-Cher;24.0;Centre-Val de Loire;5725.0
2014.0;42.0;Loire;84.0;Auvergne-Rhône-Alpes;4102.0
2015.0;50.0;Manche;28.0;Normandie;1539.0
2015.0;73.0;Savoie;84.0;Auvergne-Rhône-Alpes;3714.0
2015.0;93.0;Seine-Saint-Denis;11.0;Île-de-France;7023.0
2017.0;56.0;Morbihan;53.0;Bretagne;7487.0
2017.0;70.0;Haute-Saône;27.0;Bourgogne-Franche-Comté;2981.0
2017.0;75.0;Paris;11.0;Île-de-France;1467.0
2012.0;22.0;Côtes-d'Armor;53.0;Bretagne;209271.0
2012.0;28.0;Eure-et-Loir;24.0;Centre-Val de Loire;989.0
2013.0;7.0;Ardèche;84.0;Auvergne-Rhône-Alpes;0.0
2013.0;16.0;Charente;75.0;Nouvelle-Aquitaine;10911.0
2013.0;18.0;Cher;24.0;Centre-Val de Loire;9539.0
2013.0;69.0;Rhône;84.0;Auvergne-Rhône-Alpes;9618.0
2013.0;73.0;Savoie;84.0;Auvergne-Rhône-Alpes;4104.0
2014.0;3.0;Allier;84.0;Auvergne-Rhône-Alpes;0.0
2014.0;8.0;Ardennes;44.0;Grand Est;0.0
2014.0;25.0;Doubs;27.0;Bourgogne-Franche-Comté;1850.0
2014.0;78.0;Yvelines;11.0;Île-de-France;10503.0
2014.0;91.0;Essonne;11.0;Île-de-France;17472.0
2014.0;971.0;Guadeloupe;1.0;Guadeloupe;0.0
2015.0;7.0;Ardèche;84.0;Auvergne-Rhône-Alpes;5571.0
2016.0;33.0;Gironde;75.0;Nouvelle-Aquitaine;45494.63
2016.0;37.0;Indre-et-Loire;24.0;Centre-Val de Loire;44336.0
2016.0;90.0;Territoire de Belfort;27.0;Bourgogne-Franche-Comté;680.0
2017.0;67.0;Bas-Rhin;44.0;Grand Est;17201.86
2012.0;6.0;Alpes-Maritimes;93.0;Provence-Alpes-Côte d'Azur;0.0
2012.0;21.0;Côte-d'Or;27.0;Bourgogne-Franche-Comté;6833.0
2012.0;37.0;Indre-et-Loire;24.0;Centre-Val de Loire;51503.0
2012.0;70.0;Haute-Saône;27.0;Bourgogne-Franche-Comté;654.0
2012.0;71.0;Saône-et-Loire;27.0;Bourgogne-Franche-Comté;11844.0
2012.0;90.0;Territoire de Belfort;27.0;Bourgogne-Franche-Comté;1360.0
2012.0;973.0;Guyane;3.0;Guyane;0.0
2013.0;9.0;Ariège;76.0;Occitanie;0.0
2013.0;22.0;Côtes-d'Armor;53.0;Bretagne;221251.0
2014.0;9.0;Ariège;76.0;Occitanie;0.0
2014.0;48.0;Lozère;76.0;Occitanie;0.0
2014.0;60.0;Oise;32.0;Hauts-de-France;11809.0
2014.0;972.0;Martinique;2.0;Martinique;0.0
2015.0;34.0;Hérault;76.0;Occitanie;6604.0
2015.0;51.0;Marne;44.0;Grand Est;18066.0
2015.0;55.0;Meuse;44.0;Grand Est;52510.0
2015.0;72.0;Sarthe;52.0;Pays de la Loire;56755.0
2016.0;7.0;Ardèche;84.0;Auvergne-Rhône-Alpes;6036.0
2016.0;32.0;Gers;76.0;Occitanie;23087.79
2016.0;52.0;Haute-Marne;44.0;Grand Est;12236.0
2016.0;74.0;Haute-Savoie;84.0;Auvergne-Rhône-Alpes;15222.0
2016.0;85.0;Vendée;52.0;Pays de la Loire;22962.0
2016.0;972.0;Martinique;2.0;Martinique;0.0
2017.0;62.0;Pas-de-Calais;32.0;Hauts-de-France;33881.0
2017.0;72.0;Sarthe;52.0;Pays de la Loire;59258.0
2017.0;76.0;Seine-Maritime;28.0;Normandie;4837.0
2017.0;86.0;Vienne;75.0;Nouvelle-Aquitaine;867.0
2017.0;971.0;Guadeloupe;1.0;Guadeloupe;0.0
2012.0;67.0;Bas-Rhin;44.0;Grand Est;5136.0
2012.0;74.0;Haute-Savoie;84.0;Auvergne-Rhône-Alpes;12972.0
2012.0;83.0;Var;93.0;Provence-Alpes-Côte d'Azur;45184.0
2012.0;94.0;Val-de-Marne;11.0;Île-de-France;10001.0
2013.0;3.0;Allier;84.0;Auvergne-Rhône-Alpes;0.0
2013.0;30.0;Gard;76.0;Occitanie;15534.0
2013.0;38.0;Isère;84.0;Auvergne-Rhône-Alpes;1503.0
2013.0;81.0;Tarn;76.0;Occitanie;3801.0
2014.0;32.0;Gers;76.0;Occitanie;25157.52
2014.0;87.0;Haute-Vienne;75.0;Nouvelle-Aquitaine;1747.0
2015.0;67.0;Bas-Rhin;44.0;Grand Est;19342.0
2015.0;81.0;Tarn;76.0;Occitanie;1897.0
2015.0;973.0;Guyane;3.0;Guyane;0.0
2016.0;2A;Corse-du-Sud;94.0;Corse;0.0
2016.0;54.0;Meurthe-et-Moselle;44.0;Grand Est;7647.0
2017.0;13.0;Bouches-du-Rhône;93.0;Provence-Alpes-Côte d'Azur;211773.0
2017.0;17.0;Charente-Maritime;75.0;Nouvelle-Aquitaine;24476.0
2012.0;1.0;Ain;84.0;Auvergne-Rhône-Alpes;0.0
2012.0;18.0;Cher;24.0;Centre-Val de Loire;7638.0
2012.0;40.0;Landes;75.0;Nouvelle-Aquitaine;81110.9
2012.0;43.0;Haute-Loire;84.0;Auvergne-Rhône-Alpes;488.0
2012.0;72.0;Sarthe;52.0;Pays de la Loire;59671.0
2013.0;21.0;Côte-d'Or;27.0;Bourgogne-Franche-Comté;6367.0
2013.0;42.0;Loire;84.0;Auvergne-Rhône-Alpes;5017.0
2013.0;62.0;Pas-de-Calais;32.0;Hauts-de-France;35299.0
2013.0;77.0;Seine-et-Marne;11.0;Île-de-France;31674.0
2014.0;70.0;Haute-Saône;27.0;Bourgogne-Franche-Comté;813.0
2015.0;24.0;Dordogne;75.0;Nouvelle-Aquitaine;20785.0
2015.0;53.0;Mayenne;52.0;Pays de la Loire;4282.0
2015.0;68.0;Haut-Rhin;44.0;Grand Est;12486.5
2015.0;91.0;Essonne;11.0;Île-de-France;17996.0
2016.0;19.0;Corrèze;75.0;Nouvelle-Aquitaine;1454.0
2016.0;30.0;Gard;76.0;Occitanie;14119.0
2016.0;40.0;Landes;75.0;Nouvelle-Aquitaine;59875.61
2016.0;49.0;Maine-et-Loire;52.0;Pays de la Loire;99363.0
2017.0;7.0;Ardèche;84.0;Auvergne-Rhône-Alpes;3663.0
2017.0;32.0;Gers;76.0;Occitanie;13945.130000000001
2017.0;52.0;Haute-Marne;44.0;Grand Est;9212.0
2017.0;63.0;Puy-de-Dôme;84.0;Auvergne-Rhône-Alpes;9359.0
2017.0;79.0;Deux-Sèvres;75.0;Nouvelle-Aquitaine;1585.0
2017.0;80.0;Somme;32.0;Hauts-de-France;197.0
2017.0;92.0;Hauts-de-Seine;11.0;Île-de-France;6245.0
2012.0;11.0;Aude;76.0;Occitanie;20041.92
2012.0;24.0;Dordogne;75.0;Nouvelle-Aquitaine;24288.0
2012.0;2B;Haute-Corse;94.0;Corse;0.0
2012.0;31.0;Haute-Garonne;76.0;Occitanie;11996.29
2013.0;32.0;Gers;76.0;Occitanie;33088.100000000006
2014.0;38.0;Isère;84.0;Auvergne-Rhône-Alpes;1241.0
2014.0;45.0;Loiret;24.0;Centre-Val de Loire;69485.0
2014.0;62.0;Pas-de-Calais;32.0;Hauts-de-France;33461.0
2014.0;73.0;Savoie;84.0;Auvergne-Rhône-Alpes;2829.0
2014.0;75.0;Paris;11.0;Île-de-France;1089.0
2015.0;10.0;Aube;44.0;Grand Est;271.0
2015.0;17.0;Charente-Maritime;75.0;Nouvelle-Aquitaine;21341.0
2015.0;23.0;Creuse;75.0;Nouvelle-Aquitaine;0.0
2015.0;48.0;Lozère;76.0;Occitanie;0.0
2015.0;77.0;Seine-et-Marne;11.0;Île-de-France;27005.0
2015.0;83.0;Var;93.0;Provence-Alpes-Côte d'Azur;32923.0
2015.0;87.0;Haute-Vienne;75.0;Nouvelle-Aquitaine;2138.0
2015.0;976.0;Mayotte;6.0;Mayotte;0.0
2016.0;25.0;Doubs;27.0;Bourgogne-Franche-Comté;1641.0
2016.0;45.0;Loiret;24.0;Centre-Val de Loire;111391.0
2016.0;80.0;Somme;32.0;Hauts-de-France;378.0
2016.0;89.0;Yonne;27.0;Bourgogne-Franche-Comté;4178.0
2017.0;26.0;Drôme;84.0;Auvergne-Rhône-Alpes;15869.0
2017.0;27.0;Eure;28.0;Normandie;7168.0
2017.0;58.0;Nièvre;27.0;Bourgogne-Franche-Comté;2023.0
2017.0;88.0;Vosges;44.0;Grand Est;2859.0
2012.0;2.0;Aisne;32.0;Hauts-de-France;0.0
2012.0;23.0;Creuse;75.0;Nouvelle-Aquitaine;575.0
2012.0;27.0;Eure;28.0;Normandie;6993.0
2012.0;42.0;Loire;84.0;Auvergne-Rhône-Alpes;4573.0
2012.0;974.0;La Réunion;4.0;La Réunion;0.0
2013.0;19.0;Corrèze;75.0;Nouvelle-Aquitaine;2024.0
2013.0;34.0;Hérault;76.0;Occitanie;6665.0
2013.0;43.0;Haute-Loire;84.0;Auvergne-Rhône-Alpes;480.0
2013.0;55.0;Meuse;44.0;Grand Est;46563.0
2013.0;80.0;Somme;32.0;Hauts-de-France;1409.0
2013.0;85.0;Vendée;52.0;Pays de la Loire;39634.0
2014.0;4.0;Alpes-de-Haute-Provence;93.0;Provence-Alpes-Côte d'Azur;0.0
2014.0;44.0;Loire-Atlantique;52.0;Pays de la Loire;139286.0
2015.0;25.0;Doubs;27.0;Bourgogne-Franche-Comté;1823.0
2015.0;33.0;Gironde;75.0;Nouvelle-Aquitaine;41908.05
2015.0;56.0;Morbihan;53.0;Bretagne;11550.0
2015.0;88.0;Vosges;44.0;Grand Est;3108.0
2016.0;34.0;Hérault;76.0;Occitanie;6613.0
2016.0;70.0;Haute-Saône;27.0;Bourgogne-Franche-Comté;3061.0
2016.0;88.0;Vosges;44.0;Grand Est;3616.0
2017.0;15.0;Cantal;84.0;Auvergne-Rhône-Alpes;835.0
2017.0;47.0;Lot-et-Garonne;75.0;Nouvelle-Aquitaine;152222.85
2017.0;69.0;Rhône;84.0;Auvergne-Rhône-Alpes;8939.0
2012.0;33.0;Gironde;75.0;Nouvelle-Aquitaine;60495.880000000005
2012.0;36.0;Indre;24.0;Centre-Val de Loire;219.0
2014.0;59.0;Nord;32.0;Hauts-de-France;28753.0
2014.0;66.0;Pyrénées-Orientales;76.0;Occitanie;37332.0
2014.0;83.0;Var;93.0;Provence-Alpes-Côte d'Azur;30738.0
2014.0;92.0;Hauts-de-Seine;11.0;Île-de-France;6377.0
2015.0;60.0;Oise;32.0;Hauts-de-France;4619.0
2015.0;70.0;Haute-Saône;27.0;Bourgogne-Franche-Comté;398.0
2015.0;74.0;Haute-Savoie;84.0;Auvergne-Rhône-Alpes;10801.0
2012.0;52.0;Haute-Marne;44.0;Grand Est;11305.0
2012.0;89.0;Yonne;27.0;Bourgogne-Franche-Comté;3476.0
2013.0;14.0;Calvados;28.0;Normandie;14456.0
2013.0;26.0;Drôme;84.0;Auvergne-Rhône-Alpes;23789.0
2013.0;79.0;Deux-Sèvres;75.0;Nouvelle-Aquitaine;2255.0
2015.0;15.0;Cantal;84.0;Auvergne-Rhône-Alpes;712.0
2015.0;18.0;Cher;24.0;Centre-Val de Loire;6425.0
2015.0;54.0;Meurthe-et-Moselle;44.0;Grand Est;8553.0
2016.0;2.0;Aisne;32.0;Hauts-de-France;1062.0
2016.0;18.0;Cher;24.0;Centre-Val de Loire;7343.0
2016.0;21.0;Côte-d'Or;27.0;Bourgogne-Franche-Comté;4217.0
2016.0;53.0;Mayenne;52.0;Pays de la Loire;5532.0
2017.0;66.0;Pyrénées-Orientales;76.0;Occitanie;21453.0
2024.0;976.0;Mayotte;6.0;Mayotte;0.0
2020.0;63.0;Puy-de-Dôme;84.0;Auvergne-Rhône-Alpes;6348.70975
2024.0;28.0;Eure-et-Loir;24.0;Centre-Val de Loire;1225.22262
2019.0;29.0;Finistère;53.0;Bretagne;461972.16422
2018.0;31.0;Haute-Garonne;76.0;Occitanie;3456.78247
2024.0;42.0;Loire;84.0;Auvergne-Rhône-Alpes;3256.41715
2021.0;37.0;Indre-et-Loire;24.0;Centre-Val de Loire;177767.63945
2023.0;74.0;Haute-Savoie;84.0;Auvergne-Rhône-Alpes;11982.29637
2022.0;95.0;Val-d'Oise;11.0;Île-de-France;3458.04174
2020.0;93.0;Seine-Saint-Denis;11.0;Île-de-France;1704.26924
2024.0;1.0;Ain;84.0;Auvergne-Rhône-Alpes;4251.92667
2020.0;974.0;La Réunion;4.0;La Réunion;0.0
2019.0;10.0;Aube;44.0;Grand Est;2450.5386
2023.0;976.0;Mayotte;6.0;Mayotte;0.0
2018.0;39.0;Jura;27.0;Bourgogne-Franche-Comté;2507.23573
2020.0;52.0;Haute-Marne;44.0;Grand Est;8754.2143
2019.0;28.0;Eure-et-Loir;24.0;Centre-Val de Loire;1641.89831
2020.0;43.0;Haute-Loire;84.0;Auvergne-Rhône-Alpes;968.45085
2018.0;53.0;Mayenne;52.0;Pays de la Loire;6858.27732
2023.0;30.0;Gard;76.0;Occitanie;12366.83238
2021.0;73.0;Savoie;84.0;Auvergne-Rhône-Alpes;5363.00186
2021.0;8.0;Ardennes;44.0;Grand Est;1327.05964
2021.0;26.0;Drôme;84.0;Auvergne-Rhône-Alpes;16247.62605
2024.0;17.0;Charente-Maritime;75.0;Nouvelle-Aquitaine;20788.32397
2019.0;91.0;Essonne;11.0;Île-de-France;5433.64466
2019.0;86.0;Vienne;75.0;Nouvelle-Aquitaine;1659.80876
2024.0;50.0;Manche;28.0;Normandie;73571.94714
2024.0;53.0;Mayenne;52.0;Pays de la Loire;1520.91825
2021.0;42.0;Loire;84.0;Auvergne-Rhône-Alpes;6708.33683
2023.0;55.0;Meuse;44.0;Grand Est;19129.79644
2022.0;974.0;La Réunion;4.0;La Réunion;0.0
2018.0;47.0;Lot-et-Garonne;75.0;Nouvelle-Aquitaine;94358.03246
2022.0;56.0;Morbihan;53.0;Bretagne;6233.79875
2021.0;18.0;Cher;24.0;Centre-Val de Loire;9302.81568
2022.0;18.0;Cher;24.0;Centre-Val de Loire;4841.70297
2021.0;2A;Corse-du-Sud;94.0;Corse;0.0
2021.0;81.0;Tarn;76.0;Occitanie;5647.80556
2021.0;3.0;Allier;84.0;Auvergne-Rhône-Alpes;8946.3495
2019.0;32.0;Gers;76.0;Occitanie;1474.80711
2022.0;57.0;Moselle;44.0;Grand Est;14012.09107
2022.0;42.0;Loire;84.0;Auvergne-Rhône-Alpes;4919.89668
2022.0;90.0;Territoire de Belfort;27.0;Bourgogne-Franche-Comté;1242.82488
2022.0;43.0;Haute-Loire;84.0;Auvergne-Rhône-Alpes;713.0097
2021.0;9.0;Ariège;76.0;Occitanie;384.59464
2018.0;85.0;Vendée;52.0;Pays de la Loire;24496.68263
2018.0;48.0;Lozère;76.0;Occitanie;0.0
2020.0;15.0;Cantal;84.0;Auvergne-Rhône-Alpes;0.0
2023.0;59.0;Nord;32.0;Hauts-de-France;28311.41861
2018.0;59.0;Nord;32.0;Hauts-de-France;40907.2946
2022.0;81.0;Tarn;76.0;Occitanie;12541.57905
2019.0;14.0;Calvados;28.0;Normandie;9002.90729
2020.0;72.0;Sarthe;52.0;Pays de la Loire;15824.21261
2019.0;71.0;Saône-et-Loire;27.0;Bourgogne-Franche-Comté;15934.0501
2024.0;15.0;Cantal;84.0;Auvergne-Rhône-Alpes;0.0
2022.0;88.0;Vosges;44.0;Grand Est;3243.00494
2020.0;69.0;Rhône;84.0;Auvergne-Rhône-Alpes;10357.54404
2023.0;4.0;Alpes-de-Haute-Provence;93.0;Provence-Alpes-Côte d'Azur;186.83891
2022.0;7.0;Ardèche;84.0;Auvergne-Rhône-Alpes;788.79994
2022.0;1.0;Ain;84.0;Auvergne-Rhône-Alpes;6506.10442
2020.0;16.0;Charente;75.0;Nouvelle-Aquitaine;34590.24404
2023.0;75.0;Paris;11.0;Île-de-France;1617.23011
2018.0;41.0;Loir-et-Cher;24.0;Centre-Val de Loire;6102.79126
2020.0;53.0;Mayenne;52.0;Pays de la Loire;5470.24001
2020.0;91.0;Essonne;11.0;Île-de-France;5804.5354
2020.0;77.0;Seine-et-Marne;11.0;Île-de-France;9198.31925
2018.0;93.0;Seine-Saint-Denis;11.0;Île-de-France;395.51976
2019.0;973.0;Guyane;3.0;Guyane;0.0
2019.0;93.0;Seine-Saint-Denis;11.0;Île-de-France;827.1172
2020.0;81.0;Tarn;76.0;Occitanie;3442.56321
2021.0;60.0;Oise;32.0;Hauts-de-France;4847.43275
2022.0;51.0;Marne;44.0;Grand Est;16186.05363
2023.0;34.0;Hérault;76.0;Occitanie;2102.31588
2023.0;29.0;Finistère;53.0;Bretagne;359150.05239
2022.0;64.0;Pyrénées-Atlantiques;75.0;Nouvelle-Aquitaine;10733.49677
2019.0;19.0;Corrèze;75.0;Nouvelle-Aquitaine;1828.81186
2018.0;80.0;Somme;32.0;Hauts-de-France;9275.25067
2022.0;49.0;Maine-et-Loire;52.0;Pays de la Loire;67869.28047
2018.0;22.0;Côtes-d'Armor;53.0;Bretagne;255597.37053
2022.0;76.0;Seine-Maritime;28.0;Normandie;3854.40587
2023.0;32.0;Gers;76.0;Occitanie;842.32289
2019.0;72.0;Sarthe;52.0;Pays de la Loire;61577.61973
2023.0;22.0;Côtes-d'Armor;53.0;Bretagne;197536.35394
2024.0;73.0;Savoie;84.0;Auvergne-Rhône-Alpes;2890.58394
2022.0;4.0;Alpes-de-Haute-Provence;93.0;Provence-Alpes-Côte d'Azur;312.93678
2019.0;65.0;Hautes-Pyrénées;76.0;Occitanie;5524.66216
2022.0;77.0;Seine-et-Marne;11.0;Île-de-France;20910.83506
2022.0;35.0;Ille-et-Vilaine;53.0;Bretagne;107765.7762
2020.0;76.0;Seine-Maritime;28.0;Normandie;4229.77908
2023.0;44.0;Loire-Atlantique;52.0;Pays de la Loire;131847.16655
2023.0;27.0;Eure;28.0;Normandie;3793.01515
2024.0;83.0;Var;93.0;Provence-Alpes-Côte d'Azur;19208.76335
2019.0;22.0;Côtes-d'Armor;53.0;Bretagne;285288.06281
2022.0;87.0;Haute-Vienne;75.0;Nouvelle-Aquitaine;2659.20534
2024.0;48.0;Lozère;76.0;Occitanie;0.0
2019.0;69.0;Rhône;84.0;Auvergne-Rhône-Alpes;10067.69814
2023.0;51.0;Marne;44.0;Grand Est;15242.83442
2020.0;87.0;Haute-Vienne;75.0;Nouvelle-Aquitaine;3014.24984
2023.0;49.0;Maine-et-Loire;52.0;Pays de la Loire;54388.97295
2019.0;85.0;Vendée;52.0;Pays de la Loire;22635.41184
2020.0;89.0;Yonne;27.0;Bourgogne-Franche-Comté;5718.22616
2019.0;56.0;Morbihan;53.0;Bretagne;10234.06332
2023.0;73.0;Savoie;84.0;Auvergne-Rhône-Alpes;3602.08173
2019.0;33.0;Gironde;75.0;Nouvelle-Aquitaine;38992.08917
2021.0;62.0;Pas-de-Calais;32.0;Hauts-de-France;30739.60625
2018.0;55.0;Meuse;44.0;Grand Est;58818.85766
2021.0;83.0;Var;93.0;Provence-Alpes-Côte d'Azur;22531.10193
2022.0;17.0;Charente-Maritime;75.0;Nouvelle-Aquitaine;17781.18836
2020.0;50.0;Manche;28.0;Normandie;125081.0078
2023.0;38.0;Isère;84.0;Auvergne-Rhône-Alpes;1616.61323
2022.0;83.0;Var;93.0;Provence-Alpes-Côte d'Azur;20109.75933
2018.0;2B;Haute-Corse;94.0;Corse;0.0
2019.0;37.0;Indre-et-Loire;24.0;Centre-Val de Loire;172252.01575
2020.0;67.0;Bas-Rhin;44.0;Grand Est;14453.23382
2020.0;47.0;Lot-et-Garonne;75.0;Nouvelle-Aquitaine;121489.64634
2019.0;38.0;Isère;84.0;Auvergne-Rhône-Alpes;6332.93965
2019.0;46.0;Lot;76.0;Occitanie;58.07359
2018.0;9.0;Ariège;76.0;Occitanie;0.0
2023.0;40.0;Landes;75.0;Nouvelle-Aquitaine;2500.23017
2020.0;41.0;Loir-et-Cher;24.0;Centre-Val de Loire;6684.70321
2023.0;39.0;Jura;27.0;Bourgogne-Franche-Comté;1573.63576
2020.0;57.0;Moselle;44.0;Grand Est;15690.96077
2022.0;94.0;Val-de-Marne;11.0;Île-de-France;5989.63152
2021.0;80.0;Somme;32.0;Hauts-de-France;2040.55611
2023.0;26.0;Drôme;84.0;Auvergne-Rhône-Alpes;10728.23958
2020.0;59.0;Nord;32.0;Hauts-de-France;38070.27934
2022.0;73.0;Savoie;84.0;Auvergne-Rhône-Alpes;3904.41834
2024.0;29.0;Finistère;53.0;Bretagne;360624.85902
2024.0;55.0;Meuse;44.0;Grand Est;20770.1845
2024.0;51.0;Marne;44.0;Grand Est;16232.86439
2021.0;46.0;Lot;76.0;Occitanie;159.33506
2018.0;67.0;Bas-Rhin;44.0;Grand Est;14488.08914
2023.0;92.0;Hauts-de-Seine;11.0;Île-de-France;1550.41388
2024.0;62.0;Pas-de-Calais;32.0;Hauts-de-France;5396.65154
2022.0;13.0;Bouches-du-Rhône;93.0;Provence-Alpes-Côte d'Azur;198578.33326
2018.0;2.0;Aisne;32.0;Hauts-de-France;4245.66045
2019.0;90.0;Territoire de Belfort;27.0;Bourgogne-Franche-Comté;1462.06917
2021.0;48.0;Lozère;76.0;Occitanie;0.0
2024.0;5.0;Hautes-Alpes;93.0;Provence-Alpes-Côte d'Azur;212.27136
2020.0;2A;Corse-du-Sud;94.0;Corse;0.0
2019.0;34.0;Hérault;76.0;Occitanie;10327.09224
2024.0;14.0;Calvados;28.0;Normandie;6073.20114
2022.0;22.0;Côtes-d'Armor;53.0;Bretagne;233719.1805
2024.0;89.0;Yonne;27.0;Bourgogne-Franche-Comté;4631.45723
2018.0;974.0;La Réunion;4.0;La Réunion;0.0
2024.0;84.0;Vaucluse;93.0;Provence-Alpes-Côte d'Azur;37089.27154
2022.0;61.0;Orne;28.0;Normandie;1038.05255
2021.0;61.0;Orne;28.0;Normandie;1190.99812
2024.0;57.0;Moselle;44.0;Grand Est;12998.72619
2018.0;46.0;Lot;76.0;Occitanie;50.24157
2018.0;3.0;Allier;84.0;Auvergne-Rhône-Alpes;5100.53847
2019.0;55.0;Meuse;44.0;Grand Est;59056.88998
2019.0;49.0;Maine-et-Loire;52.0;Pays de la Loire;74509.72913
2022.0;11.0;Aude;76.0;Occitanie;12499.24978
2021.0;47.0;Lot-et-Garonne;75.0;Nouvelle-Aquitaine;163187.14535
2019.0;61.0;Orne;28.0;Normandie;2888.2305
2021.0;75.0;Paris;11.0;Île-de-France;3034.35983
2022.0;30.0;Gard;76.0;Occitanie;13975.27036
2022.0;14.0;Calvados;28.0;Normandie;8655.93016
2019.0;2.0;Aisne;32.0;Hauts-de-France;4165.5736
2020.0;94.0;Val-de-Marne;11.0;Île-de-France;8367.18702
2022.0;34.0;Hérault;76.0;Occitanie;8900.92712
2024.0;52.0;Haute-Marne;44.0;Grand Est;2093.17191
2024.0;76.0;Seine-Maritime;28.0;Normandie;2668.83946
2020.0;42.0;Loire;84.0;Auvergne-Rhône-Alpes;4532.63953
2024.0;971.0;Guadeloupe;1.0;Guadeloupe;0.0
2019.0;50.0;Manche;28.0;Normandie;2239.35989
2023.0;50.0;Manche;28.0;Normandie;108861.99757
2024.0;94.0;Val-de-Marne;11.0;Île-de-France;6563.2259
2021.0;28.0;Eure-et-Loir;24.0;Centre-Val de Loire;2609.25172
2019.0;52.0;Haute-Marne;44.0;Grand Est;7233.32991
2024.0;27.0;Eure;28.0;Normandie;3991.32142
2021.0;68.0;Haut-Rhin;44.0;Grand Est;34908.97418
2024.0;23.0;Creuse;75.0;Nouvelle-Aquitaine;0.0
2021.0;23.0;Creuse;75.0;Nouvelle-Aquitaine;89.06266
2022.0;89.0;Yonne;27.0;Bourgogne-Franche-Comté;5147.33248
2018.0;27.0;Eure;28.0;Normandie;5644.42471
2020.0;44.0;Loire-Atlantique;52.0;Pays de la Loire;118966.97781
2023.0;87.0;Haute-Vienne;75.0;Nouvelle-Aquitaine;1933.14951
2020.0;54.0;Meurthe-et-Moselle;44.0;Grand Est;7413.42851
2019.0;23.0;Creuse;75.0;Nouvelle-Aquitaine;137.68832
2022.0;5.0;Hautes-Alpes;93.0;Provence-Alpes-Côte d'Azur;262.21589
2023.0;54.0;Meurthe-et-Moselle;44.0;Grand Est;4157.05029
2023.0;66.0;Pyrénées-Orientales;76.0;Occitanie;29300.71398
2024.0;11.0;Aude;76.0;Occitanie;23107.02678
2018.0;42.0;Loire;84.0;Auvergne-Rhône-Alpes;4533.24621
2019.0;31.0;Haute-Garonne;76.0;Occitanie;3939.00966
2020.0;90.0;Territoire de Belfort;27.0;Bourgogne-Franche-Comté;1385.03874
2024.0;71.0;Saône-et-Loire;27.0;Bourgogne-Franche-Comté;13437.31597
2023.0;17.0;Charente-Maritime;75.0;Nouvelle-Aquitaine;19534.64055
2022.0;52.0;Haute-Marne;44.0;Grand Est;1656.57343
2018.0;70.0;Haute-Saône;27.0;Bourgogne-Franche-Comté;282.03711
2020.0;95.0;Val-d'Oise;11.0;Île-de-France;5271.10086
2021.0;63.0;Puy-de-Dôme;84.0;Auvergne-Rhône-Alpes;8173.08343
2024.0;2B;Haute-Corse;94.0;Corse;0.0
2021.0;16.0;Charente;75.0;Nouvelle-Aquitaine;38931.19803
2019.0;95.0;Val-d'Oise;11.0;Île-de-France;5746.36371
2024.0;4.0;Alpes-de-Haute-Provence;93.0;Provence-Alpes-Côte d'Azur;196.78172
2023.0;8.0;Ardennes;44.0;Grand Est;697.61814
2018.0;17.0;Charente-Maritime;75.0;Nouvelle-Aquitaine;24397.63285
2021.0;82.0;Tarn-et-Garonne;76.0;Occitanie;2765.21346
2019.0;47.0;Lot-et-Garonne;75.0;Nouvelle-Aquitaine;82335.03471
2021.0;93.0;Seine-Saint-Denis;11.0;Île-de-France;1463.32822
2021.0;29.0;Finistère;53.0;Bretagne;430584.80674
2021.0;14.0;Calvados;28.0;Normandie;10757.26737
2018.0;2A;Corse-du-Sud;94.0;Corse;0.0
2018.0;4.0;Alpes-de-Haute-Provence;93.0;Provence-Alpes-Côte d'Azur;237.78008
2019.0;13.0;Bouches-du-Rhône;93.0;Provence-Alpes-Côte d'Azur;213750.56403
2022.0;70.0;Haute-Saône;27.0;Bourgogne-Franche-Comté;498.58622
2020.0;10.0;Aube;44.0;Grand Est;2572.64536
2024.0;26.0;Drôme;84.0;Auvergne-Rhône-Alpes;12012.28181
2021.0;15.0;Cantal;84.0;Auvergne-Rhône-Alpes;52.97562
2020.0;58.0;Nièvre;27.0;Bourgogne-Franche-Comté;2182.91524
2019.0;94.0;Val-de-Marne;11.0;Île-de-France;7686.22749
2023.0;89.0;Yonne;27.0;Bourgogne-Franche-Comté;4855.36292
2022.0;12.0;Aveyron;76.0;Occitanie;859.12528
2022.0;15.0;Cantal;84.0;Auvergne-Rhône-Alpes;0.0
2024.0;75.0;Paris;11.0;Île-de-France;1713.80206
2020.0;73.0;Savoie;84.0;Auvergne-Rhône-Alpes;4991.24105
2020.0;35.0;Ille-et-Vilaine;53.0;Bretagne;172765.9333
2023.0;69.0;Rhône;84.0;Auvergne-Rhône-Alpes;6236.30233
2023.0;973.0;Guyane;3.0;Guyane;0.0
2022.0;72.0;Sarthe;52.0;Pays de la Loire;14006.82253
2018.0;36.0;Indre;24.0;Centre-Val de Loire;237.37482
2021.0;71.0;Saône-et-Loire;27.0;Bourgogne-Franche-Comté;19028.07195
2018.0;92.0;Hauts-de-Seine;11.0;Île-de-France;1163.31738
2019.0;4.0;Alpes-de-Haute-Provence;93.0;Provence-Alpes-Côte d'Azur;230.32026
2024.0;35.0;Ille-et-Vilaine;53.0;Bretagne;97762.40457
2021.0;92.0;Hauts-de-Seine;11.0;Île-de-France;2688.46811
2024.0;63.0;Puy-de-Dôme;84.0;Auvergne-Rhône-Alpes;3326.06396
2022.0;66.0;Pyrénées-Orientales;76.0;Occitanie;31171.8233
2022.0;84.0;Vaucluse;93.0;Provence-Alpes-Côte d'Azur;31517.00892
2018.0;45.0;Loiret;24.0;Centre-Val de Loire;113645.17092
2019.0;35.0;Ille-et-Vilaine;53.0;Bretagne;183391.59478
2020.0;5.0;Hautes-Alpes;93.0;Provence-Alpes-Côte d'Azur;205.52106
2023.0;80.0;Somme;32.0;Hauts-de-France;879.10641
2023.0;971.0;Guadeloupe;1.0;Guadeloupe;0.0
2019.0;976.0;Mayotte;6.0;Mayotte;0.0
2022.0;32.0;Gers;76.0;Occitanie;498.90026
2018.0;63.0;Puy-de-Dôme;84.0;Auvergne-Rhône-Alpes;6870.039
2022.0;41.0;Loir-et-Cher;24.0;Centre-Val de Loire;6304.73251
2020.0;49.0;Maine-et-Loire;52.0;Pays de la Loire;63818.16009
2024.0;6.0;Alpes-Maritimes;93.0;Provence-Alpes-Côte d'Azur;1602.85462
2019.0;92.0;Hauts-de-Seine;11.0;Île-de-France;1481.10227
2023.0;76.0;Seine-Maritime;28.0;Normandie;3382.28712
2019.0;60.0;Oise;32.0;Hauts-de-France;3545.06624
2019.0;88.0;Vosges;44.0;Grand Est;4093.10209
2022.0;2.0;Aisne;32.0;Hauts-de-France;5634.65314
2020.0;65.0;Hautes-Pyrénées;76.0;Occitanie;4709.59792
2022.0;46.0;Lot;76.0;Occitanie;131.56092
2023.0;68.0;Haut-Rhin;44.0;Grand Est;18789.0476
2023.0;2B;Haute-Corse;94.0;Corse;0.0
2018.0;79.0;Deux-Sèvres;75.0;Nouvelle-Aquitaine;582.28726
2020.0;71.0;Saône-et-Loire;27.0;Bourgogne-Franche-Comté;16185.43688
2019.0;79.0;Deux-Sèvres;75.0;Nouvelle-Aquitaine;582.24321
2022.0;33.0;Gironde;75.0;Nouvelle-Aquitaine;32362.88702
2022.0;86.0;Vienne;75.0;Nouvelle-Aquitaine;1089.73078
2021.0;43.0;Haute-Loire;84.0;Auvergne-Rhône-Alpes;1274.52596
2020.0;56.0;Morbihan;53.0;Bretagne;10516.64536
2023.0;86.0;Vienne;75.0;Nouvelle-Aquitaine;1119.58096
2024.0;31.0;Haute-Garonne;76.0;Occitanie;6269.77104
2022.0;39.0;Jura;27.0;Bourgogne-Franche-Comté;1993.89215
2018.0;84.0;Vaucluse;93.0;Provence-Alpes-Côte d'Azur;46667.04027
2020.0;66.0;Pyrénées-Orientales;76.0;Occitanie;25067.62534
2024.0;69.0;Rhône;84.0;Auvergne-Rhône-Alpes;6784.17666
2022.0;3.0;Allier;84.0;Auvergne-Rhône-Alpes;4997.03531
2024.0;68.0;Haut-Rhin;44.0;Grand Est;31449.91125
2018.0;973.0;Guyane;3.0;Guyane;0.0
2022.0;93.0;Seine-Saint-Denis;11.0;Île-de-France;587.19723
2019.0;89.0;Yonne;27.0;Bourgogne-Franche-Comté;5409.48356
2022.0;9.0;Ariège;76.0;Occitanie;11.7
2018.0;65.0;Hautes-Pyrénées;76.0;Occitanie;4965.04528
2019.0;51.0;Marne;44.0;Grand Est;15817.46903
2022.0;48.0;Lozère;76.0;Occitanie;0.0
2024.0;7.0;Ardèche;84.0;Auvergne-Rhône-Alpes;1000.31906
2021.0;21.0;Côte-d'Or;27.0;Bourgogne-Franche-Comté;27072.78145
2021.0;72.0;Sarthe;52.0;Pays de la Loire;17208.23114
2023.0;62.0;Pas-de-Calais;32.0;Hauts-de-France;37572.43666
2021.0;53.0;Mayenne;52.0;Pays de la Loire;6597.64196
2020.0;55.0;Meuse;44.0;Grand Est;55323.16159
2023.0;91.0;Essonne;11.0;Île-de-France;3012.64916
2022.0;63.0;Puy-de-Dôme;84.0;Auvergne-Rhône-Alpes;6135.55265
2022.0;74.0;Haute-Savoie;84.0;Auvergne-Rhône-Alpes;11849.19628
2020.0;32.0;Gers;76.0;Occitanie;1527.33394
2019.0;75.0;Paris;11.0;Île-de-France;1690.5845
2023.0;31.0;Haute-Garonne;76.0;Occitanie;3438.69889
2023.0;33.0;Gironde;75.0;Nouvelle-Aquitaine;32568.02734
2022.0;44.0;Loire-Atlantique;52.0;Pays de la Loire;147722.85928
2018.0;77.0;Seine-et-Marne;11.0;Île-de-France;10424.27625
2018.0;43.0;Haute-Loire;84.0;Auvergne-Rhône-Alpes;849.06775
2021.0;2B;Haute-Corse;94.0;Corse;0.0
2019.0;68.0;Haut-Rhin;44.0;Grand Est;25608.01164
2023.0;35.0;Ille-et-Vilaine;53.0;Bretagne;99117.51754
2018.0;971.0;Guadeloupe;1.0;Guadeloupe;0.0
2018.0;81.0;Tarn;76.0;Occitanie;3246.69195
2021.0;85.0;Vendée;52.0;Pays de la Loire;17236.49746
2020.0;971.0;Guadeloupe;1.0;Guadeloupe;0.0
2018.0;66.0;Pyrénées-Orientales;76.0;Occitanie;19989.46314
2022.0;26.0;Drôme;84.0;Auvergne-Rhône-Alpes;13058.21384
2023.0;71.0;Saône-et-Loire;27.0;Bourgogne-Franche-Comté;11039.00088
2023.0;56.0;Morbihan;53.0;Bretagne;4503.4201
2018.0;25.0;Doubs;27.0;Bourgogne-Franche-Comté;2988.16172
2021.0;32.0;Gers;76.0;Occitanie;664.88227
2019.0;21.0;Côte-d'Or;27.0;Bourgogne-Franche-Comté;21755.00576
2019.0;25.0;Doubs;27.0;Bourgogne-Franche-Comté;3166.54249
2022.0;6.0;Alpes-Maritimes;93.0;Provence-Alpes-Côte d'Azur;4039.80105
2024.0;37.0;Indre-et-Loire;24.0;Centre-Val de Loire;167697.40409
2019.0;74.0;Haute-Savoie;84.0;Auvergne-Rhône-Alpes;17411.04629
2022.0;27.0;Eure;28.0;Normandie;6361.15792
2020.0;14.0;Calvados;28.0;Normandie;8900.24748
2024.0;9.0;Ariège;76.0;Occitanie;266.269
2022.0;24.0;Dordogne;75.0;Nouvelle-Aquitaine;7070.34149
2018.0;52.0;Haute-Marne;44.0;Grand Est;8610.11503
2023.0;84.0;Vaucluse;93.0;Provence-Alpes-Côte d'Azur;31464.49676
2024.0;972.0;Martinique;2.0;Martinique;0.0
2022.0;31.0;Haute-Garonne;76.0;Occitanie;4214.72782
2022.0;62.0;Pas-de-Calais;32.0;Hauts-de-France;8103.63126
2022.0;82.0;Tarn-et-Garonne;76.0;Occitanie;1159.91931
2023.0;93.0;Seine-Saint-Denis;11.0;Île-de-France;536.54517
2021.0;24.0;Dordogne;75.0;Nouvelle-Aquitaine;12634.34861
2023.0;53.0;Mayenne;52.0;Pays de la Loire;2735.79972
2020.0;40.0;Landes;75.0;Nouvelle-Aquitaine;605.36557
2020.0;60.0;Oise;32.0;Hauts-de-France;3492.19982
2023.0;23.0;Creuse;75.0;Nouvelle-Aquitaine;0.0
2019.0;971.0;Guadeloupe;1.0;Guadeloupe;0.0
2018.0;7.0;Ardèche;84.0;Auvergne-Rhône-Alpes;1821.13201
2024.0;33.0;Gironde;75.0;Nouvelle-Aquitaine;41349.66936
2021.0;74.0;Haute-Savoie;84.0;Auvergne-Rhône-Alpes;15362.13829
2021.0;11.0;Aude;76.0;Occitanie;27610.6511
2020.0;61.0;Orne;28.0;Normandie;588.3296
2019.0;81.0;Tarn;76.0;Occitanie;3675.14048
2019.0;83.0;Var;93.0;Provence-Alpes-Côte d'Azur;28217.43057
2023.0;7.0;Ardèche;84.0;Auvergne-Rhône-Alpes;557.89887
2020.0;79.0;Deux-Sèvres;75.0;Nouvelle-Aquitaine;1814.89588
2021.0;4.0;Alpes-de-Haute-Provence;93.0;Provence-Alpes-Côte d'Azur;519.11529
2018.0;56.0;Morbihan;53.0;Bretagne;10560.02873
2021.0;971.0;Guadeloupe;1.0;Guadeloupe;0.0
2018.0;34.0;Hérault;76.0;Occitanie;9942.84179
2019.0;26.0;Drôme;84.0;Auvergne-Rhône-Alpes;13507.05519
2024.0;40.0;Landes;75.0;Nouvelle-Aquitaine;4817.59249
2020.0;39.0;Jura;27.0;Bourgogne-Franche-Comté;2417.97866
2022.0;21.0;Côte-d'Or;27.0;Bourgogne-Franche-Comté;22428.05408
2021.0;974.0;La Réunion;4.0;La Réunion;0.0
2020.0;38.0;Isère;84.0;Auvergne-Rhône-Alpes;4749.45635
2019.0;17.0;Charente-Maritime;75.0;Nouvelle-Aquitaine;22375.26346
2024.0;66.0;Pyrénées-Orientales;76.0;Occitanie;28422.5183
2023.0;77.0;Seine-et-Marne;11.0;Île-de-France;21806.60799
2019.0;84.0;Vaucluse;93.0;Provence-Alpes-Côte d'Azur;51367.29899
2023.0;11.0;Aude;76.0;Occitanie;8419.62126
2021.0;58.0;Nièvre;27.0;Bourgogne-Franche-Comté;3348.10216
2021.0;10.0;Aube;44.0;Grand Est;4351.95944
2022.0;36.0;Indre;24.0;Centre-Val de Loire;384.53648
2018.0;68.0;Haut-Rhin;44.0;Grand Est;15132.00196
2019.0;40.0;Landes;75.0;Nouvelle-Aquitaine;2960.02342
2021.0;45.0;Loiret;24.0;Centre-Val de Loire;104931.64736
2024.0;74.0;Haute-Savoie;84.0;Auvergne-Rhône-Alpes;11573.60804
2021.0;36.0;Indre;24.0;Centre-Val de Loire;589.23311
2019.0;9.0;Ariège;76.0;Occitanie;0.0
2020.0;82.0;Tarn-et-Garonne;76.0;Occitanie;544.43305
2020.0;976.0;Mayotte;6.0;Mayotte;0.0
2020.0;2.0;Aisne;32.0;Hauts-de-France;4562.03364
2018.0;6.0;Alpes-Maritimes;93.0;Provence-Alpes-Côte d'Azur;8643.9628
2019.0;42.0;Loire;84.0;Auvergne-Rhône-Alpes;5101.24652
2021.0;35.0;Ille-et-Vilaine;53.0;Bretagne;73678.5275
2019.0;15.0;Cantal;84.0;Auvergne-Rhône-Alpes;901.44932
2021.0;5.0;Hautes-Alpes;93.0;Provence-Alpes-Côte d'Azur;168.82856
2018.0;57.0;Moselle;44.0;Grand Est;15421.25029
2022.0;75.0;Paris;11.0;Île-de-France;1924.36262
2023.0;65.0;Hautes-Pyrénées;76.0;Occitanie;4516.55324
2018.0;86.0;Vienne;75.0;Nouvelle-Aquitaine;1595.11792
2020.0;74.0;Haute-Savoie;84.0;Auvergne-Rhône-Alpes;13838.09484
2021.0;973.0;Guyane;3.0;Guyane;0.0
2024.0;64.0;Pyrénées-Atlantiques;75.0;Nouvelle-Aquitaine;12037.22494
2023.0;47.0;Lot-et-Garonne;75.0;Nouvelle-Aquitaine;82522.57258
2018.0;49.0;Maine-et-Loire;52.0;Pays de la Loire;81521.9462
2020.0;28.0;Eure-et-Loir;24.0;Centre-Val de Loire;1996.68586
2024.0;46.0;Lot;76.0;Occitanie;63.41193
2024.0;82.0;Tarn-et-Garonne;76.0;Occitanie;1816.58183
2022.0;71.0;Saône-et-Loire;27.0;Bourgogne-Franche-Comté;14233.09727
2024.0;58.0;Nièvre;27.0;Bourgogne-Franche-Comté;2104.11567
2019.0;44.0;Loire-Atlantique;52.0;Pays de la Loire;256627.69173
2024.0;36.0;Indre;24.0;Centre-Val de Loire;236.79022
2023.0;972.0;Martinique;2.0;Martinique;0.0
2024.0;85.0;Vendée;52.0;Pays de la Loire;12798.26469
2024.0;44.0;Loire-Atlantique;52.0;Pays de la Loire;112233.44843
2024.0;88.0;Vosges;44.0;Grand Est;2754.46608
2021.0;38.0;Isère;84.0;Auvergne-Rhône-Alpes;3750.10453
2023.0;37.0;Indre-et-Loire;24.0;Centre-Val de Loire;169637.66876
2023.0;28.0;Eure-et-Loir;24.0;Centre-Val de Loire;1030.06722
2024.0;59.0;Nord;32.0;Hauts-de-France;25023.39712
2022.0;79.0;Deux-Sèvres;75.0;Nouvelle-Aquitaine;2774.63301
2018.0;11.0;Aude;76.0;Occitanie;5261.99938
2019.0;82.0;Tarn-et-Garonne;76.0;Occitanie;567.89302
2024.0;38.0;Isère;84.0;Auvergne-Rhône-Alpes;2157.27969
2022.0;92.0;Hauts-de-Seine;11.0;Île-de-France;1639.31574
2023.0;974.0;La Réunion;4.0;La Réunion;0.0
2021.0;79.0;Deux-Sèvres;75.0;Nouvelle-Aquitaine;2400.95487
2024.0;54.0;Meurthe-et-Moselle;44.0;Grand Est;3109.19268
2018.0;61.0;Orne;28.0;Normandie;1695.74929
2018.0;40.0;Landes;75.0;Nouvelle-Aquitaine;4803.86166
2018.0;18.0;Cher;24.0;Centre-Val de Loire;5464.21526
2018.0;29.0;Finistère;53.0;Bretagne;446842.43253
2024.0;39.0;Jura;27.0;Bourgogne-Franche-Comté;2062.67248
2021.0;40.0;Landes;75.0;Nouvelle-Aquitaine;4022.98135
2024.0;24.0;Dordogne;75.0;Nouvelle-Aquitaine;13291.65268
2023.0;10.0;Aube;44.0;Grand Est;7151.87252
2019.0;62.0;Pas-de-Calais;32.0;Hauts-de-France;33974.88219
2024.0;2A;Corse-du-Sud;94.0;Corse;0.0
2018.0;15.0;Cantal;84.0;Auvergne-Rhône-Alpes;999.59872
2018.0;14.0;Calvados;28.0;Normandie;9496.30578
2018.0;91.0;Essonne;11.0;Île-de-France;5333.29945
2023.0;2A;Corse-du-Sud;94.0;Corse;0.0
2021.0;7.0;Ardèche;84.0;Auvergne-Rhône-Alpes;885.73553
2019.0;3.0;Allier;84.0;Auvergne-Rhône-Alpes;6435.12018
2024.0;93.0;Seine-Saint-Denis;11.0;Île-de-France;622.72646
2023.0;78.0;Yvelines;11.0;Île-de-France;6181.35087
2020.0;2B;Haute-Corse;94.0;Corse;0.0
2024.0;61.0;Orne;28.0;Normandie;20272.37423
2018.0;12.0;Aveyron;76.0;Occitanie;700.0752
2021.0;27.0;Eure;28.0;Normandie;7504.91639
2021.0;77.0;Seine-et-Marne;11.0;Île-de-France;28151.13979
2022.0;65.0;Hautes-Pyrénées;76.0;Occitanie;3657.68167
2024.0;92.0;Hauts-de-Seine;11.0;Île-de-France;1199.51003
2018.0;71.0;Saône-et-Loire;27.0;Bourgogne-Franche-Comté;13958.92722
2023.0;61.0;Orne;28.0;Normandie;18583.65134
2020.0;8.0;Ardennes;44.0;Grand Est;1047.66948
2021.0;12.0;Aveyron;76.0;Occitanie;1102.13974
2021.0;30.0;Gard;76.0;Occitanie;17989.6704
2024.0;77.0;Seine-et-Marne;11.0;Île-de-France;18938.69899
2024.0;22.0;Côtes-d'Armor;53.0;Bretagne;152457.04766
2024.0;70.0;Haute-Saône;27.0;Bourgogne-Franche-Comté;786.28186
2022.0;40.0;Landes;75.0;Nouvelle-Aquitaine;924.22589
2019.0;12.0;Aveyron;76.0;Occitanie;770.45212
2024.0;13.0;Bouches-du-Rhône;93.0;Provence-Alpes-Côte d'Azur;150938.95863
2023.0;90.0;Territoire de Belfort;27.0;Bourgogne-Franche-Comté;986.69632
2019.0;59.0;Nord;32.0;Hauts-de-France;40950.51802
2022.0;85.0;Vendée;52.0;Pays de la Loire;11066.24067
2022.0;60.0;Oise;32.0;Hauts-de-France;4051.25862
2023.0;25.0;Doubs;27.0;Bourgogne-Franche-Comté;3456.84392
2019.0;6.0;Alpes-Maritimes;93.0;Provence-Alpes-Côte d'Azur;8093.29799
2021.0;6.0;Alpes-Maritimes;93.0;Provence-Alpes-Côte d'Azur;8279.34102
2021.0;52.0;Haute-Marne;44.0;Grand Est;7564.40331
2023.0;24.0;Dordogne;75.0;Nouvelle-Aquitaine;6403.38961
2024.0;60.0;Oise;32.0;Hauts-de-France;3254.40596
2021.0;13.0;Bouches-du-Rhône;93.0;Provence-Alpes-Côte d'Azur;245083.45354
2024.0;3.0;Allier;84.0;Auvergne-Rhône-Alpes;14807.78264
2024.0;45.0;Loiret;24.0;Centre-Val de Loire;92408.16904
2023.0;41.0;Loir-et-Cher;24.0;Centre-Val de Loire;5568.91415
2018.0;87.0;Haute-Vienne;75.0;Nouvelle-Aquitaine;3060.35887
2019.0;2A;Corse-du-Sud;94.0;Corse;0.0
2021.0;25.0;Doubs;27.0;Bourgogne-Franche-Comté;3989.71658
2018.0;50.0;Manche;28.0;Normandie;2296.25061
2018.0;75.0;Paris;11.0;Île-de-France;1683.91552
2022.0;971.0;Guadeloupe;1.0;Guadeloupe;0.0
2018.0;28.0;Eure-et-Loir;24.0;Centre-Val de Loire;1642.53157
2024.0;25.0;Doubs;27.0;Bourgogne-Franche-Comté;3750.66599
2019.0;16.0;Charente;75.0;Nouvelle-Aquitaine;42032.2014
2018.0;38.0;Isère;84.0;Auvergne-Rhône-Alpes;4657.54824
2018.0;83.0;Var;93.0;Provence-Alpes-Côte d'Azur;27829.2333
2023.0;16.0;Charente;75.0;Nouvelle-Aquitaine;41354.54655
2022.0;28.0;Eure-et-Loir;24.0;Centre-Val de Loire;1780.04879
2020.0;21.0;Côte-d'Or;27.0;Bourgogne-Franche-Comté;23171.06937
2020.0;37.0;Indre-et-Loire;24.0;Centre-Val de Loire;179608.93016
2020.0;70.0;Haute-Saône;27.0;Bourgogne-Franche-Comté;339.00462
2020.0;68.0;Haut-Rhin;44.0;Grand Est;25295.88271
2020.0;27.0;Eure;28.0;Normandie;5789.39446
2023.0;85.0;Vendée;52.0;Pays de la Loire;10294.41377
2019.0;53.0;Mayenne;52.0;Pays de la Loire;6442.86472
2023.0;6.0;Alpes-Maritimes;93.0;Provence-Alpes-Côte d'Azur;2406.94676
2022.0;23.0;Creuse;75.0;Nouvelle-Aquitaine;68.37996
2018.0;32.0;Gers;76.0;Occitanie;6879.75376
2024.0;19.0;Corrèze;75.0;Nouvelle-Aquitaine;792.14237
2020.0;3.0;Allier;84.0;Auvergne-Rhône-Alpes;5909.74398
2023.0;42.0;Loire;84.0;Auvergne-Rhône-Alpes;3231.53546
2020.0;31.0;Haute-Garonne;76.0;Occitanie;3383.95702
2019.0;78.0;Yvelines;11.0;Île-de-France;9158.25768
2018.0;33.0;Gironde;75.0;Nouvelle-Aquitaine;39836.50688
2021.0;41.0;Loir-et-Cher;24.0;Centre-Val de Loire;7336.93775
2023.0;52.0;Haute-Marne;44.0;Grand Est;1929.61608
2024.0;78.0;Yvelines;11.0;Île-de-France;5505.42909
2019.0;58.0;Nièvre;27.0;Bourgogne-Franche-Comté;2142.53103
2020.0;22.0;Côtes-d'Armor;53.0;Bretagne;349614.38155
2022.0;59.0;Nord;32.0;Hauts-de-France;31898.98187
2022.0;58.0;Nièvre;27.0;Bourgogne-Franche-Comté;2078.57284
2021.0;39.0;Jura;27.0;Bourgogne-Franche-Comté;3996.3853
2019.0;1.0;Ain;84.0;Auvergne-Rhône-Alpes;8103.89726
2020.0;26.0;Drôme;84.0;Auvergne-Rhône-Alpes;9726.19065
2019.0;2B;Haute-Corse;94.0;Corse;0.0
2021.0;64.0;Pyrénées-Atlantiques;75.0;Nouvelle-Aquitaine;17537.70466
2021.0;56.0;Morbihan;53.0;Bretagne;10675.99861
2021.0;87.0;Haute-Vienne;75.0;Nouvelle-Aquitaine;3502.79899
2023.0;18.0;Cher;24.0;Centre-Val de Loire;2678.87863
2020.0;13.0;Bouches-du-Rhône;93.0;Provence-Alpes-Côte d'Azur;195606.6495
2018.0;64.0;Pyrénées-Atlantiques;75.0;Nouvelle-Aquitaine;15243.41376
2018.0;35.0;Ille-et-Vilaine;53.0;Bretagne;193731.46147
2020.0;92.0;Hauts-de-Seine;11.0;Île-de-France;2696.25969
2018.0;62.0;Pas-de-Calais;32.0;Hauts-de-France;38999.63462
2018.0;89.0;Yonne;27.0;Bourgogne-Franche-Comté;5067.26692
2020.0;83.0;Var;93.0;Provence-Alpes-Côte d'Azur;22943.98855
2020.0;9.0;Ariège;76.0;Occitanie;116.32244
2022.0;45.0;Loiret;24.0;Centre-Val de Loire;74851.33541
2023.0;21.0;Côte-d'Or;27.0;Bourgogne-Franche-Comté;20723.66943
2019.0;41.0;Loir-et-Cher;24.0;Centre-Val de Loire;5739.95195
2018.0;37.0;Indre-et-Loire;24.0;Centre-Val de Loire;167568.84583
2018.0;74.0;Haute-Savoie;84.0;Auvergne-Rhône-Alpes;10278.14476
2024.0;47.0;Lot-et-Garonne;75.0;Nouvelle-Aquitaine;63771.69963
2019.0;45.0;Loiret;24.0;Centre-Val de Loire;119334.25729
2021.0;19.0;Corrèze;75.0;Nouvelle-Aquitaine;1979.25336
2020.0;85.0;Vendée;52.0;Pays de la Loire;17104.83664
2023.0;15.0;Cantal;84.0;Auvergne-Rhône-Alpes;0.0
2020.0;34.0;Hérault;76.0;Occitanie;7788.94132
2024.0;8.0;Ardennes;44.0;Grand Est;530.36575
2021.0;31.0;Haute-Garonne;76.0;Occitanie;4133.7304
2019.0;36.0;Indre;24.0;Centre-Val de Loire;296.71779
2019.0;76.0;Seine-Maritime;28.0;Normandie;3797.4612
2024.0;86.0;Vienne;75.0;Nouvelle-Aquitaine;1092.1957
2018.0;72.0;Sarthe;52.0;Pays de la Loire;61356.47271
2024.0;43.0;Haute-Loire;84.0;Auvergne-Rhône-Alpes;263.31805
2021.0;57.0;Moselle;44.0;Grand Est;18924.7276
2023.0;46.0;Lot;76.0;Occitanie;179.30346
2020.0;30.0;Gard;76.0;Occitanie;14425.98782
2020.0;19.0;Corrèze;75.0;Nouvelle-Aquitaine;1518.0123
2022.0;973.0;Guyane;3.0;Guyane;0.0
2020.0;973.0;Guyane;3.0;Guyane;0.0
2019.0;63.0;Puy-de-Dôme;84.0;Auvergne-Rhône-Alpes;6493.0297
2023.0;36.0;Indre;24.0;Centre-Val de Loire;287.75592
2018.0;21.0;Côte-d'Or;27.0;Bourgogne-Franche-Comté;21355.28034
2023.0;43.0;Haute-Loire;84.0;Auvergne-Rhône-Alpes;344.57851
2021.0;90.0;Territoire de Belfort;27.0;Bourgogne-Franche-Comté;1314.76906
2021.0;95.0;Val-d'Oise;11.0;Île-de-France;5529.91069
2019.0;974.0;La Réunion;4.0;La Réunion;0.0
2018.0;60.0;Oise;32.0;Hauts-de-France;3835.86003
2021.0;70.0;Haute-Saône;27.0;Bourgogne-Franche-Comté;619.41856
2023.0;19.0;Corrèze;75.0;Nouvelle-Aquitaine;1323.47949
2019.0;67.0;Bas-Rhin;44.0;Grand Est;15484.20958
2024.0;21.0;Côte-d'Or;27.0;Bourgogne-Franche-Comté;20396.25636
2018.0;24.0;Dordogne;75.0;Nouvelle-Aquitaine;20274.44683
2021.0;2.0;Aisne;32.0;Hauts-de-France;7331.31233
2018.0;54.0;Meurthe-et-Moselle;44.0;Grand Est;6554.81421
2020.0;972.0;Martinique;2.0;Martinique;0.0
2022.0;37.0;Indre-et-Loire;24.0;Centre-Val de Loire;150155.35224
2024.0;973.0;Guyane;3.0;Guyane;0.0
2021.0;1.0;Ain;84.0;Auvergne-Rhône-Alpes;10954.23777
2020.0;48.0;Lozère;76.0;Occitanie;0.0
2018.0;1.0;Ain;84.0;Auvergne-Rhône-Alpes;5947.31061
2020.0;51.0;Marne;44.0;Grand Est;16179.9944
2018.0;23.0;Creuse;75.0;Nouvelle-Aquitaine;197.15109
2019.0;27.0;Eure;28.0;Normandie;5246.56066
2024.0;32.0;Gers;76.0;Occitanie;824.90363
2020.0;80.0;Somme;32.0;Hauts-de-France;1719.77756
2019.0;18.0;Cher;24.0;Centre-Val de Loire;5644.34859
2020.0;7.0;Ardèche;84.0;Auvergne-Rhône-Alpes;875.11263
2023.0;12.0;Aveyron;76.0;Occitanie;603.17454
2023.0;60.0;Oise;32.0;Hauts-de-France;4047.01519
2023.0;72.0;Sarthe;52.0;Pays de la Loire;12470.39561
2022.0;47.0;Lot-et-Garonne;75.0;Nouvelle-Aquitaine;77107.7143
2023.0;58.0;Nièvre;27.0;Bourgogne-Franche-Comté;1108.33038
2019.0;43.0;Haute-Loire;84.0;Auvergne-Rhône-Alpes;874.96038
2021.0;34.0;Hérault;76.0;Occitanie;10000.26328
2024.0;79.0;Deux-Sèvres;75.0;Nouvelle-Aquitaine;3440.38447
2023.0;13.0;Bouches-du-Rhône;93.0;Provence-Alpes-Côte d'Azur;169334.02033
2020.0;29.0;Finistère;53.0;Bretagne;387291.75873
2021.0;76.0;Seine-Maritime;28.0;Normandie;4910.90443
2020.0;12.0;Aveyron;76.0;Occitanie;1103.63333
2020.0;46.0;Lot;76.0;Occitanie;54.10449
2020.0;23.0;Creuse;75.0;Nouvelle-Aquitaine;93.53407
2021.0;86.0;Vienne;75.0;Nouvelle-Aquitaine;2642.73402
2018.0;13.0;Bouches-du-Rhône;93.0;Provence-Alpes-Côte d'Azur;220680.99535
2021.0;49.0;Maine-et-Loire;52.0;Pays de la Loire;87695.84995
2019.0;7.0;Ardèche;84.0;Auvergne-Rhône-Alpes;1818.15666
2023.0;83.0;Var;93.0;Provence-Alpes-Côte d'Azur;19133.86756
2020.0;33.0;Gironde;75.0;Nouvelle-Aquitaine;39867.23495
2022.0;2B;Haute-Corse;94.0;Corse;0.0
2024.0;81.0;Tarn;76.0;Occitanie;11232.69851
2024.0;56.0;Morbihan;53.0;Bretagne;6208.39671
2018.0;10.0;Aube;44.0;Grand Est;4754.06189
2024.0;16.0;Charente;75.0;Nouvelle-Aquitaine;42620.45424
2024.0;34.0;Hérault;76.0;Occitanie;1998.82061
2019.0;24.0;Dordogne;75.0;Nouvelle-Aquitaine;12580.90925
2018.0;58.0;Nièvre;27.0;Bourgogne-Franche-Comté;1140.2469
2024.0;49.0;Maine-et-Loire;52.0;Pays de la Loire;56430.04151
2022.0;19.0;Corrèze;75.0;Nouvelle-Aquitaine;1557.72499
2023.0;57.0;Moselle;44.0;Grand Est;15580.12576
2021.0;972.0;Martinique;2.0;Martinique;0.0
2022.0;78.0;Yvelines;11.0;Île-de-France;5135.51594
2022.0;8.0;Ardennes;44.0;Grand Est;757.12473
2022.0;69.0;Rhône;84.0;Auvergne-Rhône-Alpes;8541.98912
2021.0;65.0;Hautes-Pyrénées;76.0;Occitanie;5740.80186
2023.0;67.0;Bas-Rhin;44.0;Grand Est;17487.92369
2022.0;55.0;Meuse;44.0;Grand Est;7373.89764
2022.0;68.0;Haut-Rhin;44.0;Grand Est;103932.67822
2022.0;972.0;Martinique;2.0;Martinique;0.0
2021.0;88.0;Vosges;44.0;Grand Est;3977.45185
2018.0;82.0;Tarn-et-Garonne;76.0;Occitanie;1047.58224
2020.0;24.0;Dordogne;75.0;Nouvelle-Aquitaine;14037.62051
2024.0;974.0;La Réunion;4.0;La Réunion;0.0
2024.0;80.0;Somme;32.0;Hauts-de-France;1224.54248
2022.0;50.0;Manche;28.0;Normandie;105276.06933
2023.0;81.0;Tarn;76.0;Occitanie;11884.20019
2021.0;69.0;Rhône;84.0;Auvergne-Rhône-Alpes;12058.33929
2018.0;69.0;Rhône;84.0;Auvergne-Rhône-Alpes;9474.24355
2020.0;64.0;Pyrénées-Atlantiques;75.0;Nouvelle-Aquitaine;14747.098
2023.0;45.0;Loiret;24.0;Centre-Val de Loire;71198.43123
2022.0;80.0;Somme;32.0;Hauts-de-France;1270.8233
2019.0;73.0;Savoie;84.0;Auvergne-Rhône-Alpes;5060.28106
2020.0;17.0;Charente-Maritime;75.0;Nouvelle-Aquitaine;20154.94206
2021.0;91.0;Essonne;11.0;Île-de-France;7971.36993
2024.0;41.0;Loir-et-Cher;24.0;Centre-Val de Loire;5240.49769
2023.0;48.0;Lozère;76.0;Occitanie;0.0
2018.0;972.0;Martinique;2.0;Martinique;0.0
2020.0;6.0;Alpes-Maritimes;93.0;Provence-Alpes-Côte d'Azur;9708.71414
2023.0;82.0;Tarn-et-Garonne;76.0;Occitanie;497.23153
2024.0;12.0;Aveyron;76.0;Occitanie;318.31845
2018.0;95.0;Val-d'Oise;11.0;Île-de-France;6360.15071
2020.0;11.0;Aude;76.0;Occitanie;10478.99311
2023.0;3.0;Allier;84.0;Auvergne-Rhône-Alpes;6382.08294
2020.0;45.0;Loiret;24.0;Centre-Val de Loire;96188.10511
2021.0;84.0;Vaucluse;93.0;Provence-Alpes-Côte d'Azur;41618.7646
2019.0;57.0;Moselle;44.0;Grand Est;15535.59165
2023.0;63.0;Puy-de-Dôme;84.0;Auvergne-Rhône-Alpes;3657.38755
2021.0;67.0;Bas-Rhin;44.0;Grand Est;16732.03655
2018.0;88.0;Vosges;44.0;Grand Est;3961.53275
2022.0;16.0;Charente;75.0;Nouvelle-Aquitaine;46723.93486
2019.0;54.0;Meurthe-et-Moselle;44.0;Grand Est;7058.71025
2019.0;80.0;Somme;32.0;Hauts-de-France;7560.78758
2024.0;2.0;Aisne;32.0;Hauts-de-France;4588.45028
2018.0;44.0;Loire-Atlantique;52.0;Pays de la Loire;258630.94801
2022.0;2A;Corse-du-Sud;94.0;Corse;0.0
2024.0;18.0;Cher;24.0;Centre-Val de Loire;5468.7366
2018.0;73.0;Savoie;84.0;Auvergne-Rhône-Alpes;4036.10902
2023.0;64.0;Pyrénées-Atlantiques;75.0;Nouvelle-Aquitaine;10729.29698
2021.0;94.0;Val-de-Marne;11.0;Île-de-France;8726.16518
2019.0;66.0;Pyrénées-Orientales;76.0;Occitanie;29248.33349
2020.0;1.0;Ain;84.0;Auvergne-Rhône-Alpes;7042.29542
2022.0;54.0;Meurthe-et-Moselle;44.0;Grand Est;4610.02158
2020.0;78.0;Yvelines;11.0;Île-de-France;3911.26501
2023.0;9.0;Ariège;76.0;Occitanie;25.074
2019.0;11.0;Aude;76.0;Occitanie;6441.27855
2023.0;70.0;Haute-Saône;27.0;Bourgogne-Franche-Comté;545.75765
2022.0;67.0;Bas-Rhin;44.0;Grand Est;13500.66398
2021.0;89.0;Yonne;27.0;Bourgogne-Franche-Comté;7539.14002
2022.0;38.0;Isère;84.0;Auvergne-Rhône-Alpes;2036.47947
2020.0;62.0;Pas-de-Calais;32.0;Hauts-de-France;27823.96859
2018.0;8.0;Ardennes;44.0;Grand Est;1102.80644
2022.0;29.0;Finistère;53.0;Bretagne;391578.17402
2020.0;88.0;Vosges;44.0;Grand Est;3333.03994
2021.0;17.0;Charente-Maritime;75.0;Nouvelle-Aquitaine;22469.31064
2021.0;55.0;Meuse;44.0;Grand Est;66326.51016
2022.0;10.0;Aube;44.0;Grand Est;7416.49505
2022.0;53.0;Mayenne;52.0;Pays de la Loire;3776.96354
2019.0;77.0;Seine-et-Marne;11.0;Île-de-France;10156.34453
2019.0;5.0;Hautes-Alpes;93.0;Provence-Alpes-Côte d'Azur;75.60011
2024.0;90.0;Territoire de Belfort;27.0;Bourgogne-Franche-Comté;947.63646
2019.0;39.0;Jura;27.0;Bourgogne-Franche-Comté;3051.50623
2019.0;8.0;Ardennes;44.0;Grand Est;975.27912
2021.0;66.0;Pyrénées-Orientales;76.0;Occitanie;31353.95849
2018.0;5.0;Hautes-Alpes;93.0;Provence-Alpes-Côte d'Azur;73.44966
2018.0;76.0;Seine-Maritime;28.0;Normandie;5104.22613
2018.0;976.0;Mayotte;6.0;Mayotte;0.0
2023.0;88.0;Vosges;44.0;Grand Est;2927.65863
2018.0;78.0;Yvelines;11.0;Île-de-France;9934.60047
2018.0;94.0;Val-de-Marne;11.0;Île-de-France;8028.28374
2024.0;87.0;Haute-Vienne;75.0;Nouvelle-Aquitaine;1656.85645
2019.0;972.0;Martinique;2.0;Martinique;0.0
2019.0;30.0;Gard;76.0;Occitanie;17074.72823
2023.0;95.0;Val-d'Oise;11.0;Île-de-France;2600.62563
2023.0;14.0;Calvados;28.0;Normandie;6943.02135
2020.0;36.0;Indre;24.0;Centre-Val de Loire;346.64096
2018.0;19.0;Corrèze;75.0;Nouvelle-Aquitaine;1913.64896
2020.0;75.0;Paris;11.0;Île-de-France;3298.14565
2021.0;976.0;Mayotte;6.0;Mayotte;0.0
2020.0;84.0;Vaucluse;93.0;Provence-Alpes-Côte d'Azur;39994.25226
2019.0;70.0;Haute-Saône;27.0;Bourgogne-Franche-Comté;381.61895
2024.0;30.0;Gard;76.0;Occitanie;12360.98354
2023.0;79.0;Deux-Sèvres;75.0;Nouvelle-Aquitaine;3058.99076
2023.0;94.0;Val-de-Marne;11.0;Île-de-France;6628.2851
2024.0;72.0;Sarthe;52.0;Pays de la Loire;12069.27012
2019.0;64.0;Pyrénées-Atlantiques;75.0;Nouvelle-Aquitaine;17663.78161
2018.0;90.0;Territoire de Belfort;27.0;Bourgogne-Franche-Comté;1328.23921
2020.0;4.0;Alpes-de-Haute-Provence;93.0;Provence-Alpes-Côte d'Azur;483.90067
2024.0;95.0;Val-d'Oise;11.0;Île-de-France;2495.50567
2020.0;25.0;Doubs;27.0;Bourgogne-Franche-Comté;3724.15879
2021.0;22.0;Côtes-d'Armor;53.0;Bretagne;207279.62396
2018.0;30.0;Gard;76.0;Occitanie;16944.87636
2018.0;51.0;Marne;44.0;Grand Est;15862.47146
2021.0;59.0;Nord;32.0;Hauts-de-France;40687.02527
2018.0;26.0;Drôme;84.0;Auvergne-Rhône-Alpes;13592.85566
2020.0;86.0;Vienne;75.0;Nouvelle-Aquitaine;1241.1807
2024.0;91.0;Essonne;11.0;Île-de-France;3456.22608
2020.0;18.0;Cher;24.0;Centre-Val de Loire;6270.34769
2018.0;16.0;Charente;75.0;Nouvelle-Aquitaine;32523.06741
2021.0;44.0;Loire-Atlantique;52.0;Pays de la Loire;159416.86604
2021.0;78.0;Yvelines;11.0;Île-de-France;5945.73702
2024.0;65.0;Hautes-Pyrénées;76.0;Occitanie;6707.71215
2021.0;33.0;Gironde;75.0;Nouvelle-Aquitaine;45585.08464
2021.0;50.0;Manche;28.0;Normandie;115748.4298
2023.0;5.0;Hautes-Alpes;93.0;Provence-Alpes-Côte d'Azur;252.51758
2024.0;10.0;Aube;44.0;Grand Est;7233.87053
2019.0;87.0;Haute-Vienne;75.0;Nouvelle-Aquitaine;2897.27778
2023.0;1.0;Ain;84.0;Auvergne-Rhône-Alpes;4962.36772
2023.0;2.0;Aisne;32.0;Hauts-de-France;4687.40306
2021.0;51.0;Marne;44.0;Grand Est;18934.05704
2022.0;25.0;Doubs;27.0;Bourgogne-Franche-Comté;3815.13426
2022.0;91.0;Essonne;11.0;Île-de-France;4581.88735
2021.0;54.0;Meurthe-et-Moselle;44.0;Grand Est;15608.83451
2024.0;67.0;Bas-Rhin;44.0;Grand Est;16146.44197
2019.0;48.0;Lozère;76.0;Occitanie;0.0
2022.0;976.0;Mayotte;6.0;Mayotte;0.0
