Année;Code département;Libellé département;Code région;Libellé région;Consommation gaz tertiaire (MWh)
2012.0;9.0;Ariège;76.0;Occitanie;0.0
2012.0;10.0;Aube;44.0;Grand Est;398694.0
2012.0;38.0;Isère;84.0;Auvergne-Rhône-Alpes;705008.0
2012.0;84.0;Vaucluse;93.0;Provence-Alpes-Côte d'Azur;397862.0
2012.0;88.0;Vosges;44.0;Grand Est;384005.0
2013.0;36.0;Indre;24.0;Centre-Val de Loire;198474.0
2013.0;68.0;Haut-Rhin;44.0;Grand Est;898684.37
2014.0;11.0;Aude;76.0;Occitanie;215810.0
2014.0;21.0;Côte-d'Or;27.0;Bourgogne-Franche-Comté;748294.0
2014.0;29.0;Finistère;53.0;Bretagne;634207.0
2014.0;36.0;Indre;24.0;Centre-Val de Loire;159511.0
2015.0;29.0;Finistère;53.0;Bretagne;634450.0
2015.0;2B;Haute-Corse;94.0;Corse;0.0
2015.0;75.0;Paris;11.0;Île-de-France;1536687.0
2016.0;3.0;Allier;84.0;Auvergne-Rhône-Alpes;320820.0
2016.0;42.0;Loire;84.0;Auvergne-Rhône-Alpes;913684.0
2016.0;57.0;Moselle;44.0;Grand Est;990714.0
2016.0;72.0;Sarthe;52.0;Pays de la Loire;650586.0
2016.0;973.0;Guyane;3.0;Guyane;0.0
2017.0;3.0;Allier;84.0;Auvergne-Rhône-Alpes;298972.0
2017.0;4.0;Alpes-de-Haute-Provence;93.0;Provence-Alpes-Côte d'Azur;77393.0
2017.0;8.0;Ardennes;44.0;Grand Est;179512.0
2017.0;11.0;Aude;76.0;Occitanie;179081.0
2017.0;18.0;Cher;24.0;Centre-Val de Loire;262119.0
2017.0;41.0;Loir-et-Cher;24.0;Centre-Val de Loire;249740.0
2017.0;46.0;Lot;76.0;Occitanie;47837.0
2017.0;48.0;Lozère;76.0;Occitanie;0.0
2017.0;49.0;Maine-et-Loire;52.0;Pays de la Loire;439166.0
2012.0;35.0;Ille-et-Vilaine;53.0;Bretagne;1131841.0
2012.0;45.0;Loiret;24.0;Centre-Val de Loire;812024.0
2012.0;47.0;Lot-et-Garonne;75.0;Nouvelle-Aquitaine;301325.0
2012.0;971.0;Guadeloupe;1.0;Guadeloupe;0.0
2013.0;6.0;Alpes-Maritimes;93.0;Provence-Alpes-Côte d'Azur;0.0
2013.0;8.0;Ardennes;44.0;Grand Est;0.0
2013.0;33.0;Gironde;75.0;Nouvelle-Aquitaine;1066426.44
2013.0;50.0;Manche;28.0;Normandie;375224.0
2013.0;52.0;Haute-Marne;44.0;Grand Est;327179.0
2013.0;59.0;Nord;32.0;Hauts-de-France;3682982.0
2013.0;83.0;Var;93.0;Provence-Alpes-Côte d'Azur;417036.0
2014.0;28.0;Eure-et-Loir;24.0;Centre-Val de Loire;349014.0
2014.0;56.0;Morbihan;53.0;Bretagne;359114.0
2015.0;2.0;Aisne;32.0;Hauts-de-France;610188.0
2015.0;28.0;Eure-et-Loir;24.0;Centre-Val de Loire;386427.22
2015.0;38.0;Isère;84.0;Auvergne-Rhône-Alpes;917392.0
2015.0;64.0;Pyrénées-Atlantiques;75.0;Nouvelle-Aquitaine;389372.84
2015.0;974.0;La Réunion;4.0;La Réunion;0.0
2016.0;4.0;Alpes-de-Haute-Provence;93.0;Provence-Alpes-Côte d'Azur;76299.0
2016.0;43.0;Haute-Loire;84.0;Auvergne-Rhône-Alpes;132387.0
2016.0;47.0;Lot-et-Garonne;75.0;Nouvelle-Aquitaine;301510.0
2016.0;55.0;Meuse;44.0;Grand Est;303955.0
2016.0;61.0;Orne;28.0;Normandie;184797.0
2017.0;1.0;Ain;84.0;Auvergne-Rhône-Alpes;539500.0
2017.0;14.0;Calvados;28.0;Normandie;734682.0
2017.0;29.0;Finistère;53.0;Bretagne;699866.0
2017.0;51.0;Marne;44.0;Grand Est;648877.0
2017.0;68.0;Haut-Rhin;44.0;Grand Est;835002.93
2012.0;86.0;Vienne;75.0;Nouvelle-Aquitaine;425317.0
2013.0;65.0;Hautes-Pyrénées;76.0;Occitanie;216024.0
2013.0;974.0;La Réunion;4.0;La Réunion;0.0
2014.0;31.0;Haute-Garonne;76.0;Occitanie;984111.0
2015.0;89.0;Yonne;27.0;Bourgogne-Franche-Comté;276580.0
2016.0;36.0;Indre;24.0;Centre-Val de Loire;163501.0
2017.0;25.0;Doubs;27.0;Bourgogne-Franche-Comté;538657.0
2017.0;39.0;Jura;27.0;Bourgogne-Franche-Comté;167367.0
2017.0;78.0;Yvelines;11.0;Île-de-France;1666516.0
2012.0;7.0;Ardèche;84.0;Auvergne-Rhône-Alpes;0.0
2012.0;51.0;Marne;44.0;Grand Est;716318.0
2012.0;63.0;Puy-de-Dôme;84.0;Auvergne-Rhône-Alpes;714513.0
2013.0;49.0;Maine-et-Loire;52.0;Pays de la Loire;546097.0
2014.0;17.0;Charente-Maritime;75.0;Nouvelle-Aquitaine;270292.0
2014.0;37.0;Indre-et-Loire;24.0;Centre-Val de Loire;594774.0
2014.0;67.0;Bas-Rhin;44.0;Grand Est;2149287.0
2015.0;19.0;Corrèze;75.0;Nouvelle-Aquitaine;172541.0
2015.0;43.0;Haute-Loire;84.0;Auvergne-Rhône-Alpes;128304.0
2013.0;28.0;Eure-et-Loir;24.0;Centre-Val de Loire;431826.0
2013.0;53.0;Mayenne;52.0;Pays de la Loire;191907.0
2013.0;87.0;Haute-Vienne;75.0;Nouvelle-Aquitaine;332493.0
2014.0;49.0;Maine-et-Loire;52.0;Pays de la Loire;452425.0
2014.0;973.0;Guyane;3.0;Guyane;0.0
2015.0;4.0;Alpes-de-Haute-Provence;93.0;Provence-Alpes-Côte d'Azur;71600.0
2015.0;27.0;Eure;28.0;Normandie;477673.0
2015.0;79.0;Deux-Sèvres;75.0;Nouvelle-Aquitaine;212492.0
2015.0;80.0;Somme;32.0;Hauts-de-France;586005.0
2016.0;24.0;Dordogne;75.0;Nouvelle-Aquitaine;213176.0
2016.0;64.0;Pyrénées-Atlantiques;75.0;Nouvelle-Aquitaine;384415.0
2016.0;73.0;Savoie;84.0;Auvergne-Rhône-Alpes;298793.0
2016.0;86.0;Vienne;75.0;Nouvelle-Aquitaine;344289.0
2016.0;93.0;Seine-Saint-Denis;11.0;Île-de-France;1936373.0
2017.0;21.0;Côte-d'Or;27.0;Bourgogne-Franche-Comté;657629.0
2017.0;2B;Haute-Corse;94.0;Corse;0.0
2017.0;50.0;Manche;28.0;Normandie;310390.0
2017.0;73.0;Savoie;84.0;Auvergne-Rhône-Alpes;292472.0
2012.0;39.0;Jura;27.0;Bourgogne-Franche-Comté;198263.0
2012.0;59.0;Nord;32.0;Hauts-de-France;3733485.0
2012.0;93.0;Seine-Saint-Denis;11.0;Île-de-France;2076863.0
2013.0;13.0;Bouches-du-Rhône;93.0;Provence-Alpes-Côte d'Azur;1898851.0
2013.0;58.0;Nièvre;27.0;Bourgogne-Franche-Comté;302070.0
2013.0;89.0;Yonne;27.0;Bourgogne-Franche-Comté;335559.0
2013.0;972.0;Martinique;2.0;Martinique;0.0
2014.0;58.0;Nièvre;27.0;Bourgogne-Franche-Comté;224552.0
2014.0;72.0;Sarthe;52.0;Pays de la Loire;653176.0
2014.0;84.0;Vaucluse;93.0;Provence-Alpes-Côte d'Azur;322003.0
2014.0;974.0;La Réunion;4.0;La Réunion;0.0
2015.0;37.0;Indre-et-Loire;24.0;Centre-Val de Loire;581663.0
2015.0;58.0;Nièvre;27.0;Bourgogne-Franche-Comté;212322.0
2015.0;971.0;Guadeloupe;1.0;Guadeloupe;0.0
2016.0;8.0;Ardennes;44.0;Grand Est;197936.0
2016.0;11.0;Aude;76.0;Occitanie;172136.0
2016.0;13.0;Bouches-du-Rhône;93.0;Provence-Alpes-Côte d'Azur;1672077.0
2016.0;17.0;Charente-Maritime;75.0;Nouvelle-Aquitaine;266135.0
2016.0;50.0;Manche;28.0;Normandie;286607.0
2016.0;58.0;Nièvre;27.0;Bourgogne-Franche-Comté;216349.0
2016.0;71.0;Saône-et-Loire;27.0;Bourgogne-Franche-Comté;532202.0
2017.0;5.0;Hautes-Alpes;93.0;Provence-Alpes-Côte d'Azur;62887.0
2017.0;9.0;Ariège;76.0;Occitanie;92145.0
2017.0;23.0;Creuse;75.0;Nouvelle-Aquitaine;68911.0
2017.0;34.0;Hérault;76.0;Occitanie;561429.0
2017.0;61.0;Orne;28.0;Normandie;187622.0
2017.0;77.0;Seine-et-Marne;11.0;Île-de-France;1503306.0
2017.0;95.0;Val-d'Oise;11.0;Île-de-France;1230839.0
2013.0;41.0;Loir-et-Cher;24.0;Centre-Val de Loire;355578.0
2014.0;63.0;Puy-de-Dôme;84.0;Auvergne-Rhône-Alpes;585233.0
2014.0;79.0;Deux-Sèvres;75.0;Nouvelle-Aquitaine;217693.0
2014.0;85.0;Vendée;52.0;Pays de la Loire;474268.0
2015.0;6.0;Alpes-Maritimes;93.0;Provence-Alpes-Côte d'Azur;900671.0
2015.0;36.0;Indre;24.0;Centre-Val de Loire;156341.0
2015.0;41.0;Loir-et-Cher;24.0;Centre-Val de Loire;267023.0
2015.0;94.0;Val-de-Marne;11.0;Île-de-France;1692485.0
2016.0;41.0;Loir-et-Cher;24.0;Centre-Val de Loire;282492.0
2016.0;65.0;Hautes-Pyrénées;76.0;Occitanie;205008.66
2016.0;81.0;Tarn;76.0;Occitanie;162333.0
2017.0;973.0;Guyane;3.0;Guyane;0.0
2012.0;4.0;Alpes-de-Haute-Provence;93.0;Provence-Alpes-Côte d'Azur;0.0
2012.0;34.0;Hérault;76.0;Occitanie;653122.0
2012.0;46.0;Lot;76.0;Occitanie;59053.0
2012.0;49.0;Maine-et-Loire;52.0;Pays de la Loire;574476.0
2013.0;4.0;Alpes-de-Haute-Provence;93.0;Provence-Alpes-Côte d'Azur;0.0
2013.0;46.0;Lot;76.0;Occitanie;58540.0
2013.0;56.0;Morbihan;53.0;Bretagne;418129.0
2013.0;67.0;Bas-Rhin;44.0;Grand Est;2694074.0
2013.0;88.0;Vosges;44.0;Grand Est;391974.0
2013.0;93.0;Seine-Saint-Denis;11.0;Île-de-France;2230597.0
2014.0;2.0;Aisne;32.0;Hauts-de-France;0.0
2014.0;23.0;Creuse;75.0;Nouvelle-Aquitaine;85173.0
2014.0;2A;Corse-du-Sud;94.0;Corse;0.0
2014.0;68.0;Haut-Rhin;44.0;Grand Est;710849.27
2014.0;89.0;Yonne;27.0;Bourgogne-Franche-Comté;270204.0
2015.0;62.0;Pas-de-Calais;32.0;Hauts-de-France;1119146.0
2015.0;65.0;Hautes-Pyrénées;76.0;Occitanie;201090.0
2015.0;76.0;Seine-Maritime;28.0;Normandie;1745778.0
2015.0;92.0;Hauts-de-Seine;11.0;Île-de-France;2021471.0
2016.0;22.0;Côtes-d'Armor;53.0;Bretagne;483062.44
2016.0;23.0;Creuse;75.0;Nouvelle-Aquitaine;78824.0
2016.0;68.0;Haut-Rhin;44.0;Grand Est;906188.81
2016.0;95.0;Val-d'Oise;11.0;Île-de-France;1208816.0
2017.0;2A;Corse-du-Sud;94.0;Corse;0.0
2017.0;65.0;Hautes-Pyrénées;76.0;Occitanie;186889.9
2017.0;85.0;Vendée;52.0;Pays de la Loire;505633.0
2012.0;3.0;Allier;84.0;Auvergne-Rhône-Alpes;0.0
2012.0;15.0;Cantal;84.0;Auvergne-Rhône-Alpes;59186.0
2012.0;17.0;Charente-Maritime;75.0;Nouvelle-Aquitaine;323483.0
2012.0;25.0;Doubs;27.0;Bourgogne-Franche-Comté;638237.0
2012.0;73.0;Savoie;84.0;Auvergne-Rhône-Alpes;341723.0
2012.0;92.0;Hauts-de-Seine;11.0;Île-de-France;2293398.0
2013.0;25.0;Doubs;27.0;Bourgogne-Franche-Comté;669222.0
2013.0;2B;Haute-Corse;94.0;Corse;0.0
2013.0;71.0;Saône-et-Loire;27.0;Bourgogne-Franche-Comté;708303.0
2013.0;72.0;Sarthe;52.0;Pays de la Loire;815417.0
2013.0;92.0;Hauts-de-Seine;11.0;Île-de-France;2442604.0
2014.0;5.0;Hautes-Alpes;93.0;Provence-Alpes-Côte d'Azur;0.0
2014.0;15.0;Cantal;84.0;Auvergne-Rhône-Alpes;51385.0
2014.0;30.0;Gard;76.0;Occitanie;446667.0
2014.0;35.0;Ille-et-Vilaine;53.0;Bretagne;847112.0
2014.0;43.0;Haute-Loire;84.0;Auvergne-Rhône-Alpes;124022.0
2014.0;65.0;Hautes-Pyrénées;76.0;Occitanie;181541.0
2015.0;1.0;Ain;84.0;Auvergne-Rhône-Alpes;529089.0
2015.0;45.0;Loiret;24.0;Centre-Val de Loire;686899.0
2015.0;59.0;Nord;32.0;Hauts-de-France;3021895.0
2015.0;78.0;Yvelines;11.0;Île-de-France;1651109.0
2015.0;86.0;Vienne;75.0;Nouvelle-Aquitaine;344995.0
2016.0;26.0;Drôme;84.0;Auvergne-Rhône-Alpes;436245.0
2016.0;51.0;Marne;44.0;Grand Est;672429.0
2016.0;79.0;Deux-Sèvres;75.0;Nouvelle-Aquitaine;216476.0
2017.0;31.0;Haute-Garonne;76.0;Occitanie;1038194.97
2017.0;40.0;Landes;75.0;Nouvelle-Aquitaine;256170.12
2017.0;64.0;Pyrénées-Atlantiques;75.0;Nouvelle-Aquitaine;387481.0
2012.0;62.0;Pas-de-Calais;32.0;Hauts-de-France;1363418.0
2012.0;76.0;Seine-Maritime;28.0;Normandie;1923657.0
2012.0;87.0;Haute-Vienne;75.0;Nouvelle-Aquitaine;327207.0
2013.0;1.0;Ain;84.0;Auvergne-Rhône-Alpes;0.0
2013.0;54.0;Meurthe-et-Moselle;44.0;Grand Est;1074564.0
2013.0;66.0;Pyrénées-Orientales;76.0;Occitanie;194106.0
2013.0;971.0;Guadeloupe;1.0;Guadeloupe;0.0
2015.0;82.0;Tarn-et-Garonne;76.0;Occitanie;113569.0
2016.0;9.0;Ariège;76.0;Occitanie;88955.0
2016.0;28.0;Eure-et-Loir;24.0;Centre-Val de Loire;390339.0
2016.0;2B;Haute-Corse;94.0;Corse;0.0
2016.0;62.0;Pas-de-Calais;32.0;Hauts-de-France;1142496.0
2016.0;67.0;Bas-Rhin;44.0;Grand Est;2325959.0
2016.0;76.0;Seine-Maritime;28.0;Normandie;1780663.0
2016.0;78.0;Yvelines;11.0;Île-de-France;1761754.0
2017.0;53.0;Mayenne;52.0;Pays de la Loire;165058.0
2017.0;87.0;Haute-Vienne;75.0;Nouvelle-Aquitaine;273233.0
2017.0;90.0;Territoire de Belfort;27.0;Bourgogne-Franche-Comté;262791.0
2017.0;972.0;Martinique;2.0;Martinique;0.0
2012.0;16.0;Charente;75.0;Nouvelle-Aquitaine;261627.0
2012.0;26.0;Drôme;84.0;Auvergne-Rhône-Alpes;550765.0
2012.0;30.0;Gard;76.0;Occitanie;551661.0
2012.0;41.0;Loir-et-Cher;24.0;Centre-Val de Loire;339981.0
2012.0;48.0;Lozère;76.0;Occitanie;0.0
2012.0;66.0;Pyrénées-Orientales;76.0;Occitanie;190430.0
2012.0;80.0;Somme;32.0;Hauts-de-France;671677.0
2012.0;91.0;Essonne;11.0;Île-de-France;1830495.0
2013.0;24.0;Dordogne;75.0;Nouvelle-Aquitaine;311494.0
2013.0;27.0;Eure;28.0;Normandie;690164.0
2013.0;45.0;Loiret;24.0;Centre-Val de Loire;851558.0
2013.0;90.0;Territoire de Belfort;27.0;Bourgogne-Franche-Comté;283042.0
2014.0;2B;Haute-Corse;94.0;Corse;0.0
2014.0;71.0;Saône-et-Loire;27.0;Bourgogne-Franche-Comté;584647.0
2014.0;80.0;Somme;32.0;Hauts-de-France;597487.0
2014.0;94.0;Val-de-Marne;11.0;Île-de-France;1584221.0
2015.0;21.0;Côte-d'Or;27.0;Bourgogne-Franche-Comté;712487.0
2015.0;46.0;Lot;76.0;Occitanie;51626.0
2015.0;972.0;Martinique;2.0;Martinique;0.0
2016.0;14.0;Calvados;28.0;Normandie;784158.0
2016.0;39.0;Jura;27.0;Bourgogne-Franche-Comté;170248.0
2016.0;69.0;Rhône;84.0;Auvergne-Rhône-Alpes;2382770.0
2016.0;976.0;Mayotte;6.0;Mayotte;0.0
2017.0;36.0;Indre;24.0;Centre-Val de Loire;156429.0
2017.0;38.0;Isère;84.0;Auvergne-Rhône-Alpes;928292.0
2017.0;84.0;Vaucluse;93.0;Provence-Alpes-Côte d'Azur;384153.0
2012.0;56.0;Morbihan;53.0;Bretagne;425900.0
2012.0;61.0;Orne;28.0;Normandie;261284.0
2012.0;65.0;Hautes-Pyrénées;76.0;Occitanie;214898.0
2012.0;85.0;Vendée;52.0;Pays de la Loire;445072.0
2013.0;12.0;Aveyron;76.0;Occitanie;202432.63
2017.0;81.0;Tarn;76.0;Occitanie;157407.0
2012.0;78.0;Yvelines;11.0;Île-de-France;1856074.0
2012.0;79.0;Deux-Sèvres;75.0;Nouvelle-Aquitaine;266087.0
2012.0;95.0;Val-d'Oise;11.0;Île-de-France;1331090.0
2013.0;29.0;Finistère;53.0;Bretagne;695836.0
2013.0;63.0;Puy-de-Dôme;84.0;Auvergne-Rhône-Alpes;742401.0
2013.0;74.0;Haute-Savoie;84.0;Auvergne-Rhône-Alpes;858401.61
2014.0;19.0;Corrèze;75.0;Nouvelle-Aquitaine;161684.0
2014.0;27.0;Eure;28.0;Normandie;567233.0
2014.0;69.0;Rhône;84.0;Auvergne-Rhône-Alpes;2240548.0
2014.0;93.0;Seine-Saint-Denis;11.0;Île-de-France;1928562.0
2015.0;39.0;Jura;27.0;Bourgogne-Franche-Comté;153519.0
2015.0;40.0;Landes;75.0;Nouvelle-Aquitaine;288624.0
2015.0;66.0;Pyrénées-Orientales;76.0;Occitanie;174967.0
2015.0;95.0;Val-d'Oise;11.0;Île-de-France;1116824.0
2016.0;6.0;Alpes-Maritimes;93.0;Provence-Alpes-Côte d'Azur;894577.0
2016.0;75.0;Paris;11.0;Île-de-France;1702095.0
2016.0;94.0;Val-de-Marne;11.0;Île-de-France;1790878.0
2017.0;2.0;Aisne;32.0;Hauts-de-France;623471.0
2017.0;10.0;Aube;44.0;Grand Est;278048.0
2017.0;12.0;Aveyron;76.0;Occitanie;181132.6
2017.0;19.0;Corrèze;75.0;Nouvelle-Aquitaine;177594.0
2017.0;55.0;Meuse;44.0;Grand Est;296422.0
2013.0;2A;Corse-du-Sud;94.0;Corse;0.0
2013.0;61.0;Orne;28.0;Normandie;277433.0
2013.0;76.0;Seine-Maritime;28.0;Normandie;2051912.0
2013.0;86.0;Vienne;75.0;Nouvelle-Aquitaine;439291.0
2014.0;12.0;Aveyron;76.0;Occitanie;171315.05
2014.0;64.0;Pyrénées-Atlantiques;75.0;Nouvelle-Aquitaine;369952.02
2015.0;8.0;Ardennes;44.0;Grand Est;185714.0
2015.0;16.0;Charente;75.0;Nouvelle-Aquitaine;252846.0
2015.0;42.0;Loire;84.0;Auvergne-Rhône-Alpes;878405.0
2015.0;84.0;Vaucluse;93.0;Provence-Alpes-Côte d'Azur;349761.0
2016.0;31.0;Haute-Garonne;76.0;Occitanie;1005405.16
2016.0;38.0;Isère;84.0;Auvergne-Rhône-Alpes;948660.0
2012.0;19.0;Corrèze;75.0;Nouvelle-Aquitaine;193507.0
2012.0;55.0;Meuse;44.0;Grand Est;277019.0
2012.0;60.0;Oise;32.0;Hauts-de-France;1223187.0
2012.0;82.0;Tarn-et-Garonne;76.0;Occitanie;127171.0
2013.0;39.0;Jura;27.0;Bourgogne-Franche-Comté;188977.0
2014.0;57.0;Moselle;44.0;Grand Est;833905.0
2014.0;95.0;Val-d'Oise;11.0;Île-de-France;1091243.0
2016.0;12.0;Aveyron;76.0;Occitanie;171054.36
2016.0;56.0;Morbihan;53.0;Bretagne;381904.0
2016.0;84.0;Vaucluse;93.0;Provence-Alpes-Côte d'Azur;357619.0
2012.0;8.0;Ardennes;44.0;Grand Est;0.0
2012.0;68.0;Haut-Rhin;44.0;Grand Est;907081.46
2012.0;77.0;Seine-et-Marne;11.0;Île-de-France;1681682.0
2013.0;5.0;Hautes-Alpes;93.0;Provence-Alpes-Côte d'Azur;0.0
2012.0;14.0;Calvados;28.0;Normandie;910367.0
2012.0;64.0;Pyrénées-Atlantiques;75.0;Nouvelle-Aquitaine;428641.24
2013.0;48.0;Lozère;76.0;Occitanie;0.0
2013.0;64.0;Pyrénées-Atlantiques;75.0;Nouvelle-Aquitaine;431481.1
2013.0;84.0;Vaucluse;93.0;Provence-Alpes-Côte d'Azur;400444.0
2013.0;95.0;Val-d'Oise;11.0;Île-de-France;1390357.0
2014.0;14.0;Calvados;28.0;Normandie;801316.0
2014.0;16.0;Charente;75.0;Nouvelle-Aquitaine;240438.0
2014.0;46.0;Lot;76.0;Occitanie;48323.0
2014.0;88.0;Vosges;44.0;Grand Est;291179.0
2015.0;11.0;Aude;76.0;Occitanie;183257.0
2015.0;14.0;Calvados;28.0;Normandie;753177.0
2012.0;81.0;Tarn;76.0;Occitanie;278069.0
2013.0;40.0;Landes;75.0;Nouvelle-Aquitaine;321471.0
2013.0;60.0;Oise;32.0;Hauts-de-France;1287090.0
2013.0;973.0;Guyane;3.0;Guyane;0.0
2015.0;52.0;Haute-Marne;44.0;Grand Est;218977.0
2015.0;61.0;Orne;28.0;Normandie;173286.0
2015.0;90.0;Territoire de Belfort;27.0;Bourgogne-Franche-Comté;257386.0
2016.0;48.0;Lozère;76.0;Occitanie;0.0
2017.0;54.0;Meurthe-et-Moselle;44.0;Grand Est;895595.0
2017.0;71.0;Saône-et-Loire;27.0;Bourgogne-Franche-Comté;541785.0
2012.0;50.0;Manche;28.0;Normandie;362019.0
2012.0;57.0;Moselle;44.0;Grand Est;1114585.0
2014.0;55.0;Meuse;44.0;Grand Est;285700.0
2014.0;90.0;Territoire de Belfort;27.0;Bourgogne-Franche-Comté;234536.0
2016.0;83.0;Var;93.0;Provence-Alpes-Côte d'Azur;356138.0
2017.0;22.0;Côtes-d'Armor;53.0;Bretagne;485116.35
2012.0;12.0;Aveyron;76.0;Occitanie;193800.81
2012.0;54.0;Meurthe-et-Moselle;44.0;Grand Est;1046677.0
2012.0;75.0;Paris;11.0;Île-de-France;1685610.0
2013.0;2.0;Aisne;32.0;Hauts-de-France;0.0
2013.0;10.0;Aube;44.0;Grand Est;426871.0
2013.0;15.0;Cantal;84.0;Auvergne-Rhône-Alpes;61361.0
2016.0;971.0;Guadeloupe;1.0;Guadeloupe;0.0
2016.0;974.0;La Réunion;4.0;La Réunion;0.0
2017.0;42.0;Loire;84.0;Auvergne-Rhône-Alpes;913054.0
2017.0;57.0;Moselle;44.0;Grand Est;977342.0
2017.0;94.0;Val-de-Marne;11.0;Île-de-France;1618058.0
2017.0;974.0;La Réunion;4.0;La Réunion;0.0
2017.0;976.0;Mayotte;6.0;Mayotte;0.0
2013.0;35.0;Ille-et-Vilaine;53.0;Bretagne;1071080.0
2013.0;75.0;Paris;11.0;Île-de-France;1750355.0
2013.0;82.0;Tarn-et-Garonne;76.0;Occitanie;131311.0
2014.0;33.0;Gironde;75.0;Nouvelle-Aquitaine;807074.33
2014.0;86.0;Vienne;75.0;Nouvelle-Aquitaine;352792.0
2015.0;5.0;Hautes-Alpes;93.0;Provence-Alpes-Côte d'Azur;61694.0
2015.0;9.0;Ariège;76.0;Occitanie;90008.0
2015.0;22.0;Côtes-d'Armor;53.0;Bretagne;464212.0
2015.0;2A;Corse-du-Sud;94.0;Corse;0.0
2015.0;32.0;Gers;76.0;Occitanie;100557.0
2015.0;71.0;Saône-et-Loire;27.0;Bourgogne-Franche-Comté;558436.0
2016.0;1.0;Ain;84.0;Auvergne-Rhône-Alpes;544753.0
2016.0;46.0;Lot;76.0;Occitanie;47628.0
2016.0;60.0;Oise;32.0;Hauts-de-France;736667.0
2016.0;87.0;Haute-Vienne;75.0;Nouvelle-Aquitaine;274026.0
2016.0;92.0;Hauts-de-Seine;11.0;Île-de-France;2119483.0
2017.0;33.0;Gironde;75.0;Nouvelle-Aquitaine;1509077.43
2017.0;74.0;Haute-Savoie;84.0;Auvergne-Rhône-Alpes;794218.0
2017.0;82.0;Tarn-et-Garonne;76.0;Occitanie;107351.0
2017.0;83.0;Var;93.0;Provence-Alpes-Côte d'Azur;372157.0
2013.0;94.0;Val-de-Marne;11.0;Île-de-France;2062624.0
2014.0;1.0;Ain;84.0;Auvergne-Rhône-Alpes;0.0
2014.0;22.0;Côtes-d'Armor;53.0;Bretagne;390731.0
2014.0;40.0;Landes;75.0;Nouvelle-Aquitaine;299456.0
2014.0;52.0;Haute-Marne;44.0;Grand Est;226383.0
2014.0;74.0;Haute-Savoie;84.0;Auvergne-Rhône-Alpes;700024.11
2014.0;76.0;Seine-Maritime;28.0;Normandie;1708035.0
2015.0;12.0;Aveyron;76.0;Occitanie;170655.68
2015.0;44.0;Loire-Atlantique;52.0;Pays de la Loire;988008.0
2016.0;16.0;Charente;75.0;Nouvelle-Aquitaine;256435.0
2016.0;44.0;Loire-Atlantique;52.0;Pays de la Loire;1033856.0
2016.0;59.0;Nord;32.0;Hauts-de-France;3264953.0
2016.0;63.0;Puy-de-Dôme;84.0;Auvergne-Rhône-Alpes;636971.0
2017.0;43.0;Haute-Loire;84.0;Auvergne-Rhône-Alpes;121210.0
2012.0;5.0;Hautes-Alpes;93.0;Provence-Alpes-Côte d'Azur;0.0
2012.0;58.0;Nièvre;27.0;Bourgogne-Franche-Comté;317200.0
2013.0;11.0;Aude;76.0;Occitanie;247672.0
2013.0;23.0;Creuse;75.0;Nouvelle-Aquitaine;109466.0
2013.0;31.0;Haute-Garonne;76.0;Occitanie;1216683.0
2013.0;51.0;Marne;44.0;Grand Est;726717.0
2013.0;70.0;Haute-Saône;27.0;Bourgogne-Franche-Comté;207427.0
2014.0;26.0;Drôme;84.0;Auvergne-Rhône-Alpes;428749.0
2014.0;54.0;Meurthe-et-Moselle;44.0;Grand Est;866458.0
2014.0;61.0;Orne;28.0;Normandie;227144.0
2014.0;77.0;Seine-et-Marne;11.0;Île-de-France;1362038.0
2014.0;81.0;Tarn;76.0;Occitanie;244625.0
2015.0;30.0;Gard;76.0;Occitanie;385800.0
2015.0;31.0;Haute-Garonne;76.0;Occitanie;1006660.69
2015.0;35.0;Ille-et-Vilaine;53.0;Bretagne;869685.0
2015.0;63.0;Puy-de-Dôme;84.0;Auvergne-Rhône-Alpes;613858.0
2015.0;85.0;Vendée;52.0;Pays de la Loire;492957.0
2016.0;27.0;Eure;28.0;Normandie;510784.0
2016.0;35.0;Ille-et-Vilaine;53.0;Bretagne;908295.0
2016.0;66.0;Pyrénées-Orientales;76.0;Occitanie;168638.0
2016.0;77.0;Seine-et-Marne;11.0;Île-de-France;1558044.0
2016.0;91.0;Essonne;11.0;Île-de-France;1709706.0
2017.0;6.0;Alpes-Maritimes;93.0;Provence-Alpes-Côte d'Azur;906859.0
2017.0;28.0;Eure-et-Loir;24.0;Centre-Val de Loire;370247.0
2017.0;44.0;Loire-Atlantique;52.0;Pays de la Loire;1162222.0
2017.0;45.0;Loiret;24.0;Centre-Val de Loire;660320.0
2017.0;89.0;Yonne;27.0;Bourgogne-Franche-Comté;283899.0
2017.0;93.0;Seine-Saint-Denis;11.0;Île-de-France;1699983.0
2013.0;44.0;Loire-Atlantique;52.0;Pays de la Loire;1102800.0
2014.0;7.0;Ardèche;84.0;Auvergne-Rhône-Alpes;0.0
2014.0;10.0;Aube;44.0;Grand Est;346562.0
2014.0;18.0;Cher;24.0;Centre-Val de Loire;252977.0
2014.0;24.0;Dordogne;75.0;Nouvelle-Aquitaine;260055.0
2014.0;34.0;Hérault;76.0;Occitanie;555604.0
2014.0;47.0;Lot-et-Garonne;75.0;Nouvelle-Aquitaine;280821.0
2014.0;53.0;Mayenne;52.0;Pays de la Loire;164624.0
2015.0;13.0;Bouches-du-Rhône;93.0;Provence-Alpes-Côte d'Azur;1699260.0
2015.0;49.0;Maine-et-Loire;52.0;Pays de la Loire;420922.0
2015.0;69.0;Rhône;84.0;Auvergne-Rhône-Alpes;2308666.0
2016.0;5.0;Hautes-Alpes;93.0;Provence-Alpes-Côte d'Azur;63115.0
2016.0;10.0;Aube;44.0;Grand Est;286475.0
2016.0;15.0;Cantal;84.0;Auvergne-Rhône-Alpes;54912.0
2017.0;35.0;Ille-et-Vilaine;53.0;Bretagne;869416.0
2017.0;59.0;Nord;32.0;Hauts-de-France;3273359.0
2017.0;60.0;Oise;32.0;Hauts-de-France;698002.0
2017.0;91.0;Essonne;11.0;Île-de-France;1568421.0
2012.0;13.0;Bouches-du-Rhône;93.0;Provence-Alpes-Côte d'Azur;1900678.0
2012.0;2A;Corse-du-Sud;94.0;Corse;0.0
2012.0;32.0;Gers;76.0;Occitanie;125027.0
2012.0;44.0;Loire-Atlantique;52.0;Pays de la Loire;1101851.0
2012.0;53.0;Mayenne;52.0;Pays de la Loire;196442.0
2012.0;69.0;Rhône;84.0;Auvergne-Rhône-Alpes;2747422.0
2012.0;972.0;Martinique;2.0;Martinique;0.0
2013.0;17.0;Charente-Maritime;75.0;Nouvelle-Aquitaine;332105.0
2013.0;57.0;Moselle;44.0;Grand Est;1100186.0
2013.0;78.0;Yvelines;11.0;Île-de-France;1948992.0
2013.0;91.0;Essonne;11.0;Île-de-France;1862318.0
2014.0;13.0;Bouches-du-Rhône;93.0;Provence-Alpes-Côte d'Azur;1585516.0
2014.0;39.0;Jura;27.0;Bourgogne-Franche-Comté;155856.0
2014.0;50.0;Manche;28.0;Normandie;317776.0
2014.0;51.0;Marne;44.0;Grand Est;568332.0
2014.0;82.0;Tarn-et-Garonne;76.0;Occitanie;99334.0
2015.0;3.0;Allier;84.0;Auvergne-Rhône-Alpes;309885.0
2015.0;26.0;Drôme;84.0;Auvergne-Rhône-Alpes;440621.0
2015.0;47.0;Lot-et-Garonne;75.0;Nouvelle-Aquitaine;302634.0
2015.0;57.0;Moselle;44.0;Grand Est;870016.0
2016.0;29.0;Finistère;53.0;Bretagne;640022.0
2016.0;82.0;Tarn-et-Garonne;76.0;Occitanie;103261.0
2017.0;16.0;Charente;75.0;Nouvelle-Aquitaine;257662.0
2017.0;24.0;Dordogne;75.0;Nouvelle-Aquitaine;217753.0
2017.0;30.0;Gard;76.0;Occitanie;405459.0
2017.0;37.0;Indre-et-Loire;24.0;Centre-Val de Loire;610840.0
2012.0;29.0;Finistère;53.0;Bretagne;712042.0
2013.0;37.0;Indre-et-Loire;24.0;Centre-Val de Loire;801886.0
2013.0;47.0;Lot-et-Garonne;75.0;Nouvelle-Aquitaine;311085.0
2014.0;6.0;Alpes-Maritimes;93.0;Provence-Alpes-Côte d'Azur;0.0
2014.0;41.0;Loir-et-Cher;24.0;Centre-Val de Loire;288561.0
2014.0;42.0;Loire;84.0;Auvergne-Rhône-Alpes;867334.0
2015.0;50.0;Manche;28.0;Normandie;274368.0
2015.0;73.0;Savoie;84.0;Auvergne-Rhône-Alpes;296170.0
2015.0;93.0;Seine-Saint-Denis;11.0;Île-de-France;1967932.0
2017.0;56.0;Morbihan;53.0;Bretagne;374375.0
2017.0;70.0;Haute-Saône;27.0;Bourgogne-Franche-Comté;139302.0
2017.0;75.0;Paris;11.0;Île-de-France;1563175.0
2012.0;22.0;Côtes-d'Armor;53.0;Bretagne;423052.0
2012.0;28.0;Eure-et-Loir;24.0;Centre-Val de Loire;402172.0
2013.0;7.0;Ardèche;84.0;Auvergne-Rhône-Alpes;0.0
2013.0;16.0;Charente;75.0;Nouvelle-Aquitaine;279279.0
2013.0;18.0;Cher;24.0;Centre-Val de Loire;315686.0
2013.0;69.0;Rhône;84.0;Auvergne-Rhône-Alpes;2903868.0
2013.0;73.0;Savoie;84.0;Auvergne-Rhône-Alpes;357003.0
2014.0;3.0;Allier;84.0;Auvergne-Rhône-Alpes;0.0
2014.0;8.0;Ardennes;44.0;Grand Est;0.0
2014.0;25.0;Doubs;27.0;Bourgogne-Franche-Comté;511415.0
2014.0;78.0;Yvelines;11.0;Île-de-France;1578978.0
2014.0;91.0;Essonne;11.0;Île-de-France;1527253.0
2014.0;971.0;Guadeloupe;1.0;Guadeloupe;0.0
2015.0;7.0;Ardèche;84.0;Auvergne-Rhône-Alpes;117679.0
2016.0;33.0;Gironde;75.0;Nouvelle-Aquitaine;1427443.82
2016.0;37.0;Indre-et-Loire;24.0;Centre-Val de Loire;626160.0
2016.0;90.0;Territoire de Belfort;27.0;Bourgogne-Franche-Comté;280362.0
2017.0;67.0;Bas-Rhin;44.0;Grand Est;2227919.61
2012.0;6.0;Alpes-Maritimes;93.0;Provence-Alpes-Côte d'Azur;0.0
2012.0;21.0;Côte-d'Or;27.0;Bourgogne-Franche-Comté;1035418.0
2012.0;37.0;Indre-et-Loire;24.0;Centre-Val de Loire;827158.0
2012.0;70.0;Haute-Saône;27.0;Bourgogne-Franche-Comté;202660.0
2012.0;71.0;Saône-et-Loire;27.0;Bourgogne-Franche-Comté;681315.0
2012.0;90.0;Territoire de Belfort;27.0;Bourgogne-Franche-Comté;228001.0
2012.0;973.0;Guyane;3.0;Guyane;0.0
2013.0;9.0;Ariège;76.0;Occitanie;0.0
2013.0;22.0;Côtes-d'Armor;53.0;Bretagne;406775.0
2014.0;9.0;Ariège;76.0;Occitanie;0.0
2014.0;48.0;Lozère;76.0;Occitanie;0.0
2014.0;60.0;Oise;32.0;Hauts-de-France;1064576.0
2014.0;972.0;Martinique;2.0;Martinique;0.0
2015.0;34.0;Hérault;76.0;Occitanie;574550.0
2015.0;51.0;Marne;44.0;Grand Est;601434.0
2015.0;55.0;Meuse;44.0;Grand Est;298245.0
2015.0;72.0;Sarthe;52.0;Pays de la Loire;622333.0
2016.0;7.0;Ardèche;84.0;Auvergne-Rhône-Alpes;129151.0
2016.0;32.0;Gers;76.0;Occitanie;97437.0
2016.0;52.0;Haute-Marne;44.0;Grand Est;175354.0
2016.0;74.0;Haute-Savoie;84.0;Auvergne-Rhône-Alpes;774741.0
2016.0;85.0;Vendée;52.0;Pays de la Loire;505327.0
2016.0;972.0;Martinique;2.0;Martinique;0.0
2017.0;62.0;Pas-de-Calais;32.0;Hauts-de-France;1098358.0
2017.0;72.0;Sarthe;52.0;Pays de la Loire;626421.0
2017.0;76.0;Seine-Maritime;28.0;Normandie;1684658.0
2017.0;86.0;Vienne;75.0;Nouvelle-Aquitaine;327407.0
2017.0;971.0;Guadeloupe;1.0;Guadeloupe;0.0
2012.0;67.0;Bas-Rhin;44.0;Grand Est;286066.0
2012.0;74.0;Haute-Savoie;84.0;Auvergne-Rhône-Alpes;811627.0
2012.0;83.0;Var;93.0;Provence-Alpes-Côte d'Azur;397765.0
2012.0;94.0;Val-de-Marne;11.0;Île-de-France;1996726.0
2013.0;3.0;Allier;84.0;Auvergne-Rhône-Alpes;0.0
2013.0;30.0;Gard;76.0;Occitanie;566690.0
2013.0;38.0;Isère;84.0;Auvergne-Rhône-Alpes;757941.0
2013.0;81.0;Tarn;76.0;Occitanie;288917.0
2014.0;32.0;Gers;76.0;Occitanie;113555.0
2014.0;87.0;Haute-Vienne;75.0;Nouvelle-Aquitaine;262192.0
2015.0;67.0;Bas-Rhin;44.0;Grand Est;2277122.0
2015.0;81.0;Tarn;76.0;Occitanie;165472.0
2015.0;973.0;Guyane;3.0;Guyane;0.0
2016.0;2A;Corse-du-Sud;94.0;Corse;0.0
2016.0;54.0;Meurthe-et-Moselle;44.0;Grand Est;929291.0
2017.0;13.0;Bouches-du-Rhône;93.0;Provence-Alpes-Côte d'Azur;1754164.0
2017.0;17.0;Charente-Maritime;75.0;Nouvelle-Aquitaine;267765.0
2012.0;1.0;Ain;84.0;Auvergne-Rhône-Alpes;0.0
2012.0;18.0;Cher;24.0;Centre-Val de Loire;327709.0
2012.0;40.0;Landes;75.0;Nouvelle-Aquitaine;300534.0
2012.0;43.0;Haute-Loire;84.0;Auvergne-Rhône-Alpes;154380.0
2012.0;72.0;Sarthe;52.0;Pays de la Loire;829130.0
2013.0;21.0;Côte-d'Or;27.0;Bourgogne-Franche-Comté;932500.0
2013.0;42.0;Loire;84.0;Auvergne-Rhône-Alpes;1083738.0
2013.0;62.0;Pas-de-Calais;32.0;Hauts-de-France;1354308.0
2013.0;77.0;Seine-et-Marne;11.0;Île-de-France;1728281.0
2014.0;70.0;Haute-Saône;27.0;Bourgogne-Franche-Comté;168016.0
2015.0;24.0;Dordogne;75.0;Nouvelle-Aquitaine;208552.0
2015.0;53.0;Mayenne;52.0;Pays de la Loire;164746.0
2015.0;68.0;Haut-Rhin;44.0;Grand Est;727192.16
2015.0;91.0;Essonne;11.0;Île-de-France;1605190.0
2016.0;19.0;Corrèze;75.0;Nouvelle-Aquitaine;175084.0
2016.0;30.0;Gard;76.0;Occitanie;380734.0
2016.0;40.0;Landes;75.0;Nouvelle-Aquitaine;272207.06
2016.0;49.0;Maine-et-Loire;52.0;Pays de la Loire;451213.0
2017.0;7.0;Ardèche;84.0;Auvergne-Rhône-Alpes;130067.0
2017.0;32.0;Gers;76.0;Occitanie;100257.0
2017.0;52.0;Haute-Marne;44.0;Grand Est;176898.0
2017.0;63.0;Puy-de-Dôme;84.0;Auvergne-Rhône-Alpes;647142.0
2017.0;79.0;Deux-Sèvres;75.0;Nouvelle-Aquitaine;214607.0
2017.0;80.0;Somme;32.0;Hauts-de-France;605737.0
2017.0;92.0;Hauts-de-Seine;11.0;Île-de-France;1977325.0
2012.0;11.0;Aude;76.0;Occitanie;237036.0
2012.0;24.0;Dordogne;75.0;Nouvelle-Aquitaine;304780.0
2012.0;2B;Haute-Corse;94.0;Corse;0.0
2012.0;31.0;Haute-Garonne;76.0;Occitanie;1195347.0
2013.0;32.0;Gers;76.0;Occitanie;137842.0
2014.0;38.0;Isère;84.0;Auvergne-Rhône-Alpes;614391.0
2014.0;45.0;Loiret;24.0;Centre-Val de Loire;702685.0
2014.0;62.0;Pas-de-Calais;32.0;Hauts-de-France;1065829.0
2014.0;73.0;Savoie;84.0;Auvergne-Rhône-Alpes;288769.0
2014.0;75.0;Paris;11.0;Île-de-France;1382633.0
2015.0;10.0;Aube;44.0;Grand Est;266996.0
2015.0;17.0;Charente-Maritime;75.0;Nouvelle-Aquitaine;284690.0
2015.0;23.0;Creuse;75.0;Nouvelle-Aquitaine;70962.0
2015.0;48.0;Lozère;76.0;Occitanie;0.0
2015.0;77.0;Seine-et-Marne;11.0;Île-de-France;1437580.0
2015.0;83.0;Var;93.0;Provence-Alpes-Côte d'Azur;364110.0
2015.0;87.0;Haute-Vienne;75.0;Nouvelle-Aquitaine;271907.0
2015.0;976.0;Mayotte;6.0;Mayotte;0.0
2016.0;25.0;Doubs;27.0;Bourgogne-Franche-Comté;574712.0
2016.0;45.0;Loiret;24.0;Centre-Val de Loire;698749.0
2016.0;80.0;Somme;32.0;Hauts-de-France;630525.0
2016.0;89.0;Yonne;27.0;Bourgogne-Franche-Comté;306156.0
2017.0;26.0;Drôme;84.0;Auvergne-Rhône-Alpes;436752.0
2017.0;27.0;Eure;28.0;Normandie;487681.0
2017.0;58.0;Nièvre;27.0;Bourgogne-Franche-Comté;194287.0
2017.0;88.0;Vosges;44.0;Grand Est;308029.0
2012.0;2.0;Aisne;32.0;Hauts-de-France;0.0
2012.0;23.0;Creuse;75.0;Nouvelle-Aquitaine;106465.0
2012.0;27.0;Eure;28.0;Normandie;712378.0
2012.0;42.0;Loire;84.0;Auvergne-Rhône-Alpes;1036725.0
2012.0;974.0;La Réunion;4.0;La Réunion;0.0
2013.0;19.0;Corrèze;75.0;Nouvelle-Aquitaine;194120.0
2013.0;34.0;Hérault;76.0;Occitanie;620473.0
2013.0;43.0;Haute-Loire;84.0;Auvergne-Rhône-Alpes;158759.0
2013.0;55.0;Meuse;44.0;Grand Est;280347.0
2013.0;80.0;Somme;32.0;Hauts-de-France;688505.0
2013.0;85.0;Vendée;52.0;Pays de la Loire;531229.0
2014.0;4.0;Alpes-de-Haute-Provence;93.0;Provence-Alpes-Côte d'Azur;0.0
2014.0;44.0;Loire-Atlantique;52.0;Pays de la Loire;992978.0
2015.0;25.0;Doubs;27.0;Bourgogne-Franche-Comté;537869.0
2015.0;33.0;Gironde;75.0;Nouvelle-Aquitaine;1432448.16
2015.0;56.0;Morbihan;53.0;Bretagne;360076.0
2015.0;88.0;Vosges;44.0;Grand Est;300294.0
2016.0;34.0;Hérault;76.0;Occitanie;561496.0
2016.0;70.0;Haute-Saône;27.0;Bourgogne-Franche-Comté;139376.0
2016.0;88.0;Vosges;44.0;Grand Est;308011.0
2017.0;15.0;Cantal;84.0;Auvergne-Rhône-Alpes;55406.0
2017.0;47.0;Lot-et-Garonne;75.0;Nouvelle-Aquitaine;312427.0
2017.0;69.0;Rhône;84.0;Auvergne-Rhône-Alpes;2367264.0
2012.0;33.0;Gironde;75.0;Nouvelle-Aquitaine;1062003.43
2012.0;36.0;Indre;24.0;Centre-Val de Loire;191426.0
2014.0;59.0;Nord;32.0;Hauts-de-France;2847764.0
2014.0;66.0;Pyrénées-Orientales;76.0;Occitanie;168189.0
2014.0;83.0;Var;93.0;Provence-Alpes-Côte d'Azur;352517.0
2014.0;92.0;Hauts-de-Seine;11.0;Île-de-France;1958502.0
2015.0;60.0;Oise;32.0;Hauts-de-France;755869.0
2015.0;70.0;Haute-Saône;27.0;Bourgogne-Franche-Comté;130126.0
2015.0;74.0;Haute-Savoie;84.0;Auvergne-Rhône-Alpes;706303.0
2012.0;52.0;Haute-Marne;44.0;Grand Est;357103.0
2012.0;89.0;Yonne;27.0;Bourgogne-Franche-Comté;322951.0
2013.0;14.0;Calvados;28.0;Normandie;928551.0
2013.0;26.0;Drôme;84.0;Auvergne-Rhône-Alpes;583972.0
2013.0;79.0;Deux-Sèvres;75.0;Nouvelle-Aquitaine;273106.0
2015.0;15.0;Cantal;84.0;Auvergne-Rhône-Alpes;52177.0
2015.0;18.0;Cher;24.0;Centre-Val de Loire;256014.0
2015.0;54.0;Meurthe-et-Moselle;44.0;Grand Est;912423.0
2016.0;2.0;Aisne;32.0;Hauts-de-France;613822.0
2016.0;18.0;Cher;24.0;Centre-Val de Loire;269554.0
2016.0;21.0;Côte-d'Or;27.0;Bourgogne-Franche-Comté;686712.0
2016.0;53.0;Mayenne;52.0;Pays de la Loire;166129.0
2017.0;66.0;Pyrénées-Orientales;76.0;Occitanie;173418.0
2024.0;976.0;Mayotte;6.0;Mayotte;0.0
2020.0;63.0;Puy-de-Dôme;84.0;Auvergne-Rhône-Alpes;805791.03999
2024.0;28.0;Eure-et-Loir;24.0;Centre-Val de Loire;506364.4831
2019.0;29.0;Finistère;53.0;Bretagne;1865192.1867
2018.0;31.0;Haute-Garonne;76.0;Occitanie;1311234.47618
2024.0;42.0;Loire;84.0;Auvergne-Rhône-Alpes;828622.72095
2021.0;37.0;Indre-et-Loire;24.0;Centre-Val de Loire;645272.55152
2023.0;74.0;Haute-Savoie;84.0;Auvergne-Rhône-Alpes;922018.18012
2022.0;95.0;Val-d'Oise;11.0;Île-de-France;1645195.8791
2020.0;93.0;Seine-Saint-Denis;11.0;Île-de-France;2774936.15598
2024.0;1.0;Ain;84.0;Auvergne-Rhône-Alpes;553267.41496
2020.0;974.0;La Réunion;4.0;La Réunion;0.0
2019.0;10.0;Aube;44.0;Grand Est;323083.2691
2023.0;976.0;Mayotte;6.0;Mayotte;0.0
2018.0;39.0;Jura;27.0;Bourgogne-Franche-Comté;536710.26705
2020.0;52.0;Haute-Marne;44.0;Grand Est;213308.28125
2019.0;28.0;Eure-et-Loir;24.0;Centre-Val de Loire;576505.75143
2020.0;43.0;Haute-Loire;84.0;Auvergne-Rhône-Alpes;183573.4986
2018.0;53.0;Mayenne;52.0;Pays de la Loire;270106.85473
2023.0;30.0;Gard;76.0;Occitanie;521552.69757
2021.0;73.0;Savoie;84.0;Auvergne-Rhône-Alpes;457153.92788
2021.0;8.0;Ardennes;44.0;Grand Est;317429.7687
2021.0;26.0;Drôme;84.0;Auvergne-Rhône-Alpes;597884.43932
2024.0;17.0;Charente-Maritime;75.0;Nouvelle-Aquitaine;424091.4003
2019.0;91.0;Essonne;11.0;Île-de-France;2046520.17003
2019.0;86.0;Vienne;75.0;Nouvelle-Aquitaine;557892.87536
2024.0;50.0;Manche;28.0;Normandie;497205.42147
2024.0;53.0;Mayenne;52.0;Pays de la Loire;231401.11491
2021.0;42.0;Loire;84.0;Auvergne-Rhône-Alpes;1056182.98913
2023.0;55.0;Meuse;44.0;Grand Est;269888.48025
2022.0;974.0;La Réunion;4.0;La Réunion;0.0
2018.0;47.0;Lot-et-Garonne;75.0;Nouvelle-Aquitaine;467609.56931
2022.0;56.0;Morbihan;53.0;Bretagne;581631.82502
2021.0;18.0;Cher;24.0;Centre-Val de Loire;340845.48782
2022.0;18.0;Cher;24.0;Centre-Val de Loire;285191.18946
2021.0;2A;Corse-du-Sud;94.0;Corse;0.0
2021.0;81.0;Tarn;76.0;Occitanie;283634.0222
2021.0;3.0;Allier;84.0;Auvergne-Rhône-Alpes;514783.31398
2019.0;32.0;Gers;76.0;Occitanie;163393.66347
2022.0;57.0;Moselle;44.0;Grand Est;1461361.99053
2022.0;42.0;Loire;84.0;Auvergne-Rhône-Alpes;890980.40981
2022.0;90.0;Territoire de Belfort;27.0;Bourgogne-Franche-Comté;256313.15047
2022.0;43.0;Haute-Loire;84.0;Auvergne-Rhône-Alpes;183496.78967
2021.0;9.0;Ariège;76.0;Occitanie;217383.11535
2018.0;85.0;Vendée;52.0;Pays de la Loire;903406.91607
2018.0;48.0;Lozère;76.0;Occitanie;0.0
2020.0;15.0;Cantal;84.0;Auvergne-Rhône-Alpes;91793.07737
2023.0;59.0;Nord;32.0;Hauts-de-France;2559528.35504
2018.0;59.0;Nord;32.0;Hauts-de-France;3717560.42944
2022.0;81.0;Tarn;76.0;Occitanie;233781.60746
2019.0;14.0;Calvados;28.0;Normandie;754014.81398
2020.0;72.0;Sarthe;52.0;Pays de la Loire;635299.16519
2019.0;71.0;Saône-et-Loire;27.0;Bourgogne-Franche-Comté;864405.3934
2024.0;15.0;Cantal;84.0;Auvergne-Rhône-Alpes;75216.75876
2022.0;88.0;Vosges;44.0;Grand Est;379969.35151
2020.0;69.0;Rhône;84.0;Auvergne-Rhône-Alpes;2314026.55271
2023.0;4.0;Alpes-de-Haute-Provence;93.0;Provence-Alpes-Côte d'Azur;87015.9288
2022.0;7.0;Ardèche;84.0;Auvergne-Rhône-Alpes;192825.20064
2022.0;1.0;Ain;84.0;Auvergne-Rhône-Alpes;621643.3682
2020.0;16.0;Charente;75.0;Nouvelle-Aquitaine;330308.61027
2023.0;75.0;Paris;11.0;Île-de-France;3405915.84041
2018.0;41.0;Loir-et-Cher;24.0;Centre-Val de Loire;340386.91861
2020.0;53.0;Mayenne;52.0;Pays de la Loire;231108.91602
2020.0;91.0;Essonne;11.0;Île-de-France;2020291.59421
2020.0;77.0;Seine-et-Marne;11.0;Île-de-France;1688003.86645
2018.0;93.0;Seine-Saint-Denis;11.0;Île-de-France;2954418.62518
2019.0;973.0;Guyane;3.0;Guyane;0.0
2019.0;93.0;Seine-Saint-Denis;11.0;Île-de-France;2873655.72668
2020.0;81.0;Tarn;76.0;Occitanie;233871.16575
2021.0;60.0;Oise;32.0;Hauts-de-France;1093061.82626
2022.0;51.0;Marne;44.0;Grand Est;815132.80753
2023.0;34.0;Hérault;76.0;Occitanie;551549.94551
2023.0;29.0;Finistère;53.0;Bretagne;864139.25622
2022.0;64.0;Pyrénées-Atlantiques;75.0;Nouvelle-Aquitaine;472247.82543
2019.0;19.0;Corrèze;75.0;Nouvelle-Aquitaine;215013.21923
2018.0;80.0;Somme;32.0;Hauts-de-France;1131915.66283
2022.0;49.0;Maine-et-Loire;52.0;Pays de la Loire;688470.43847
2018.0;22.0;Côtes-d'Armor;53.0;Bretagne;777937.24801
2022.0;76.0;Seine-Maritime;28.0;Normandie;8103867.17189
2023.0;32.0;Gers;76.0;Occitanie;117347.35399
2019.0;72.0;Sarthe;52.0;Pays de la Loire;705206.0728
2023.0;22.0;Côtes-d'Armor;53.0;Bretagne;522370.89352
2024.0;73.0;Savoie;84.0;Auvergne-Rhône-Alpes;370498.46187
2022.0;4.0;Alpes-de-Haute-Provence;93.0;Provence-Alpes-Côte d'Azur;91570.19472
2019.0;65.0;Hautes-Pyrénées;76.0;Occitanie;312335.08701
2022.0;77.0;Seine-et-Marne;11.0;Île-de-France;1821173.03805
2022.0;35.0;Ille-et-Vilaine;53.0;Bretagne;1118471.98241
2020.0;76.0;Seine-Maritime;28.0;Normandie;7460878.53638
2023.0;44.0;Loire-Atlantique;52.0;Pays de la Loire;1256819.26573
2023.0;27.0;Eure;28.0;Normandie;498587.38485
2024.0;83.0;Var;93.0;Provence-Alpes-Côte d'Azur;462669.07703
2019.0;22.0;Côtes-d'Armor;53.0;Bretagne;849433.50882
2022.0;87.0;Haute-Vienne;75.0;Nouvelle-Aquitaine;312193.54097
2024.0;48.0;Lozère;76.0;Occitanie;0.0
2019.0;69.0;Rhône;84.0;Auvergne-Rhône-Alpes;2642584.36707
2023.0;51.0;Marne;44.0;Grand Est;724735.74566
2020.0;87.0;Haute-Vienne;75.0;Nouvelle-Aquitaine;313204.97447
2023.0;49.0;Maine-et-Loire;52.0;Pays de la Loire;645831.5765
2019.0;85.0;Vendée;52.0;Pays de la Loire;902412.51843
2020.0;89.0;Yonne;27.0;Bourgogne-Franche-Comté;361350.53516
2019.0;56.0;Morbihan;53.0;Bretagne;723317.87908
2023.0;73.0;Savoie;84.0;Auvergne-Rhône-Alpes;385350.13988
2019.0;33.0;Gironde;75.0;Nouvelle-Aquitaine;1680954.39636
2021.0;62.0;Pas-de-Calais;32.0;Hauts-de-France;1395749.77399
2018.0;55.0;Meuse;44.0;Grand Est;311893.00413
2021.0;83.0;Var;93.0;Provence-Alpes-Côte d'Azur;553817.66997
2022.0;17.0;Charente-Maritime;75.0;Nouvelle-Aquitaine;419084.61629
2020.0;50.0;Manche;28.0;Normandie;514338.27309
2023.0;38.0;Isère;84.0;Auvergne-Rhône-Alpes;1558788.85543
2022.0;83.0;Var;93.0;Provence-Alpes-Côte d'Azur;512621.91483
2018.0;2B;Haute-Corse;94.0;Corse;0.0
2019.0;37.0;Indre-et-Loire;24.0;Centre-Val de Loire;650066.3694
2020.0;67.0;Bas-Rhin;44.0;Grand Est;2121059.15902
2020.0;47.0;Lot-et-Garonne;75.0;Nouvelle-Aquitaine;437609.30833
2019.0;38.0;Isère;84.0;Auvergne-Rhône-Alpes;2446996.30757
2019.0;46.0;Lot;76.0;Occitanie;72954.29081
2018.0;9.0;Ariège;76.0;Occitanie;215515.68718
2023.0;40.0;Landes;75.0;Nouvelle-Aquitaine;310472.75902
2020.0;41.0;Loir-et-Cher;24.0;Centre-Val de Loire;317582.72743
2023.0;39.0;Jura;27.0;Bourgogne-Franche-Comté;420622.84167
2020.0;57.0;Moselle;44.0;Grand Est;1592188.15914
2022.0;94.0;Val-de-Marne;11.0;Île-de-France;1862921.83149
2021.0;80.0;Somme;32.0;Hauts-de-France;737438.08466
2023.0;26.0;Drôme;84.0;Auvergne-Rhône-Alpes;430651.91295
2020.0;59.0;Nord;32.0;Hauts-de-France;3084160.05847
2022.0;73.0;Savoie;84.0;Auvergne-Rhône-Alpes;389065.71327
2024.0;29.0;Finistère;53.0;Bretagne;849567.62663
2024.0;55.0;Meuse;44.0;Grand Est;242927.8996
2024.0;51.0;Marne;44.0;Grand Est;737004.06752
2021.0;46.0;Lot;76.0;Occitanie;77982.29253
2018.0;67.0;Bas-Rhin;44.0;Grand Est;1510510.90521
2023.0;92.0;Hauts-de-Seine;11.0;Île-de-France;2140928.9763
2024.0;62.0;Pas-de-Calais;32.0;Hauts-de-France;1050515.27688
2022.0;13.0;Bouches-du-Rhône;93.0;Provence-Alpes-Côte d'Azur;3025698.22608
2018.0;2.0;Aisne;32.0;Hauts-de-France;1303658.84476
2019.0;90.0;Territoire de Belfort;27.0;Bourgogne-Franche-Comté;337558.74196
2021.0;48.0;Lozère;76.0;Occitanie;0.0
2024.0;5.0;Hautes-Alpes;93.0;Provence-Alpes-Côte d'Azur;75141.55969
2020.0;2A;Corse-du-Sud;94.0;Corse;0.0
2019.0;34.0;Hérault;76.0;Occitanie;764097.807750001
2024.0;14.0;Calvados;28.0;Normandie;670947.30239
2022.0;22.0;Côtes-d'Armor;53.0;Bretagne;576264.02751
2024.0;89.0;Yonne;27.0;Bourgogne-Franche-Comté;316594.99061
2018.0;974.0;La Réunion;4.0;La Réunion;0.0
2024.0;84.0;Vaucluse;93.0;Provence-Alpes-Côte d'Azur;354783.28365
2022.0;61.0;Orne;28.0;Normandie;367672.98633
2021.0;61.0;Orne;28.0;Normandie;449578.17258
2024.0;57.0;Moselle;44.0;Grand Est;1294066.42216
2018.0;46.0;Lot;76.0;Occitanie;71676.82856
2018.0;3.0;Allier;84.0;Auvergne-Rhône-Alpes;524816.1776
2019.0;55.0;Meuse;44.0;Grand Est;310452.99518
2019.0;49.0;Maine-et-Loire;52.0;Pays de la Loire;747892.58542
2022.0;11.0;Aude;76.0;Occitanie;215751.02973
2021.0;47.0;Lot-et-Garonne;75.0;Nouvelle-Aquitaine;419207.94979
2019.0;61.0;Orne;28.0;Normandie;435732.1404
2021.0;75.0;Paris;11.0;Île-de-France;3803580.73561
2022.0;30.0;Gard;76.0;Occitanie;552953.60077
2022.0;14.0;Calvados;28.0;Normandie;679474.54974
2019.0;2.0;Aisne;32.0;Hauts-de-France;1308262.20866
2020.0;94.0;Val-de-Marne;11.0;Île-de-France;1906285.75025
2022.0;34.0;Hérault;76.0;Occitanie;607381.403200001
2024.0;52.0;Haute-Marne;44.0;Grand Est;177247.28403
2024.0;76.0;Seine-Maritime;28.0;Normandie;1191470.19321
2020.0;42.0;Loire;84.0;Auvergne-Rhône-Alpes;932652.14576
2024.0;971.0;Guadeloupe;1.0;Guadeloupe;0.0
2019.0;50.0;Manche;28.0;Normandie;505666.45795
2023.0;50.0;Manche;28.0;Normandie;564993.57885
2024.0;94.0;Val-de-Marne;11.0;Île-de-France;1761199.89622
2021.0;28.0;Eure-et-Loir;24.0;Centre-Val de Loire;501809.56384
2019.0;52.0;Haute-Marne;44.0;Grand Est;238354.48832
2024.0;27.0;Eure;28.0;Normandie;459776.45848
2021.0;68.0;Haut-Rhin;44.0;Grand Est;1431719.37221
2024.0;23.0;Creuse;75.0;Nouvelle-Aquitaine;86081.17876
2021.0;23.0;Creuse;75.0;Nouvelle-Aquitaine;108019.19865
2022.0;89.0;Yonne;27.0;Bourgogne-Franche-Comté;322867.46686
2018.0;27.0;Eure;28.0;Normandie;607218.45374
2020.0;44.0;Loire-Atlantique;52.0;Pays de la Loire;1186790.45657
2023.0;87.0;Haute-Vienne;75.0;Nouvelle-Aquitaine;298774.84912
2020.0;54.0;Meurthe-et-Moselle;44.0;Grand Est;857069.38931
2019.0;23.0;Creuse;75.0;Nouvelle-Aquitaine;96688.79805
2022.0;5.0;Hautes-Alpes;93.0;Provence-Alpes-Côte d'Azur;75797.62877
2023.0;54.0;Meurthe-et-Moselle;44.0;Grand Est;753859.63577
2023.0;66.0;Pyrénées-Orientales;76.0;Occitanie;153452.30325
2024.0;11.0;Aude;76.0;Occitanie;201145.74609
2018.0;42.0;Loire;84.0;Auvergne-Rhône-Alpes;1118884.36007
2019.0;31.0;Haute-Garonne;76.0;Occitanie;1296574.96376
2020.0;90.0;Territoire de Belfort;27.0;Bourgogne-Franche-Comté;277227.14997
2024.0;71.0;Saône-et-Loire;27.0;Bourgogne-Franche-Comté;793107.75439
2023.0;17.0;Charente-Maritime;75.0;Nouvelle-Aquitaine;393348.32638
2022.0;52.0;Haute-Marne;44.0;Grand Est;208988.95184
2018.0;70.0;Haute-Saône;27.0;Bourgogne-Franche-Comté;245401.66042
2020.0;95.0;Val-d'Oise;11.0;Île-de-France;1592678.11161
2021.0;63.0;Puy-de-Dôme;84.0;Auvergne-Rhône-Alpes;941085.12199
2024.0;2B;Haute-Corse;94.0;Corse;0.0
2021.0;16.0;Charente;75.0;Nouvelle-Aquitaine;383523.94362
2019.0;95.0;Val-d'Oise;11.0;Île-de-France;1633703.13103
2024.0;4.0;Alpes-de-Haute-Provence;93.0;Provence-Alpes-Côte d'Azur;85838.50477
2023.0;8.0;Ardennes;44.0;Grand Est;259864.29142
2018.0;17.0;Charente-Maritime;75.0;Nouvelle-Aquitaine;396573.62059
2021.0;82.0;Tarn-et-Garonne;76.0;Occitanie;264271.78509
2019.0;47.0;Lot-et-Garonne;75.0;Nouvelle-Aquitaine;484091.83337
2021.0;93.0;Seine-Saint-Denis;11.0;Île-de-France;3081155.93702
2021.0;29.0;Finistère;53.0;Bretagne;1077325.68893
2021.0;14.0;Calvados;28.0;Normandie;739455.96516
2018.0;2A;Corse-du-Sud;94.0;Corse;0.0
2018.0;4.0;Alpes-de-Haute-Provence;93.0;Provence-Alpes-Côte d'Azur;100957.5255
2019.0;13.0;Bouches-du-Rhône;93.0;Provence-Alpes-Côte d'Azur;2052293.74307
2022.0;70.0;Haute-Saône;27.0;Bourgogne-Franche-Comté;245658.72138
2020.0;10.0;Aube;44.0;Grand Est;417135.07085
2024.0;26.0;Drôme;84.0;Auvergne-Rhône-Alpes;441071.15181
2021.0;15.0;Cantal;84.0;Auvergne-Rhône-Alpes;82974.61128
2020.0;58.0;Nièvre;27.0;Bourgogne-Franche-Comté;258874.07041
2019.0;94.0;Val-de-Marne;11.0;Île-de-France;1942672.27497
2023.0;89.0;Yonne;27.0;Bourgogne-Franche-Comté;299488.97121
2022.0;12.0;Aveyron;76.0;Occitanie;253321.80735
2022.0;15.0;Cantal;84.0;Auvergne-Rhône-Alpes;65385.18165
2024.0;75.0;Paris;11.0;Île-de-France;3291645.57918
2020.0;73.0;Savoie;84.0;Auvergne-Rhône-Alpes;413479.44077
2020.0;35.0;Ille-et-Vilaine;53.0;Bretagne;1144392.92806
2023.0;69.0;Rhône;84.0;Auvergne-Rhône-Alpes;2044249.20554
2023.0;973.0;Guyane;3.0;Guyane;0.0
2022.0;72.0;Sarthe;52.0;Pays de la Loire;618726.08218
2018.0;36.0;Indre;24.0;Centre-Val de Loire;200042.31171
2021.0;71.0;Saône-et-Loire;27.0;Bourgogne-Franche-Comté;973053.46942
2018.0;92.0;Hauts-de-Seine;11.0;Île-de-France;2519216.11309
2019.0;4.0;Alpes-de-Haute-Provence;93.0;Provence-Alpes-Côte d'Azur;101012.78523
2024.0;35.0;Ille-et-Vilaine;53.0;Bretagne;1202239.04279
2021.0;92.0;Hauts-de-Seine;11.0;Île-de-France;2663748.81594
2024.0;63.0;Puy-de-Dôme;84.0;Auvergne-Rhône-Alpes;692432.12086
2022.0;66.0;Pyrénées-Orientales;76.0;Occitanie;169621.5832
2022.0;84.0;Vaucluse;93.0;Provence-Alpes-Côte d'Azur;402970.29631
2018.0;45.0;Loiret;24.0;Centre-Val de Loire;900998.50429
2019.0;35.0;Ille-et-Vilaine;53.0;Bretagne;1486086.8034
2020.0;5.0;Hautes-Alpes;93.0;Provence-Alpes-Côte d'Azur;73091.23707
2023.0;80.0;Somme;32.0;Hauts-de-France;507373.70059
2023.0;971.0;Guadeloupe;1.0;Guadeloupe;0.0
2019.0;976.0;Mayotte;6.0;Mayotte;0.0
2022.0;32.0;Gers;76.0;Occitanie;103087.15406
2018.0;63.0;Puy-de-Dôme;84.0;Auvergne-Rhône-Alpes;895045.08681
2022.0;41.0;Loir-et-Cher;24.0;Centre-Val de Loire;349847.98339
2020.0;49.0;Maine-et-Loire;52.0;Pays de la Loire;683631.96287
2024.0;6.0;Alpes-Maritimes;93.0;Provence-Alpes-Côte d'Azur;999345.99693
2019.0;92.0;Hauts-de-Seine;11.0;Île-de-France;2469133.52479
2023.0;76.0;Seine-Maritime;28.0;Normandie;9385388.40462
2019.0;60.0;Oise;32.0;Hauts-de-France;931996.149089999
2019.0;88.0;Vosges;44.0;Grand Est;458046.96864
2022.0;2.0;Aisne;32.0;Hauts-de-France;693511.43868
2020.0;65.0;Hautes-Pyrénées;76.0;Occitanie;236582.84905
2022.0;46.0;Lot;76.0;Occitanie;67046.16319
2023.0;68.0;Haut-Rhin;44.0;Grand Est;962063.23355
2023.0;2B;Haute-Corse;94.0;Corse;0.0
2018.0;79.0;Deux-Sèvres;75.0;Nouvelle-Aquitaine;227633.33174
2020.0;71.0;Saône-et-Loire;27.0;Bourgogne-Franche-Comté;792671.8444
2019.0;79.0;Deux-Sèvres;75.0;Nouvelle-Aquitaine;219583.2194
2022.0;33.0;Gironde;75.0;Nouvelle-Aquitaine;1499332.08822
2022.0;86.0;Vienne;75.0;Nouvelle-Aquitaine;412095.95398
2021.0;43.0;Haute-Loire;84.0;Auvergne-Rhône-Alpes;215445.93292
2020.0;56.0;Morbihan;53.0;Bretagne;617141.45814
2023.0;86.0;Vienne;75.0;Nouvelle-Aquitaine;365810.48967
2024.0;31.0;Haute-Garonne;76.0;Occitanie;1012903.87897
2022.0;39.0;Jura;27.0;Bourgogne-Franche-Comté;473873.20394
2018.0;84.0;Vaucluse;93.0;Provence-Alpes-Côte d'Azur;472247.78751
2020.0;66.0;Pyrénées-Orientales;76.0;Occitanie;194837.52594
2024.0;69.0;Rhône;84.0;Auvergne-Rhône-Alpes;2022367.42778
2022.0;3.0;Allier;84.0;Auvergne-Rhône-Alpes;421560.05062
2024.0;68.0;Haut-Rhin;44.0;Grand Est;1027143.97937
2018.0;973.0;Guyane;3.0;Guyane;0.0
2022.0;93.0;Seine-Saint-Denis;11.0;Île-de-France;2155780.71389
2019.0;89.0;Yonne;27.0;Bourgogne-Franche-Comté;414705.72541
2022.0;9.0;Ariège;76.0;Occitanie;114652.87053
2018.0;65.0;Hautes-Pyrénées;76.0;Occitanie;313757.52206
2019.0;51.0;Marne;44.0;Grand Est;1008784.70885
2022.0;48.0;Lozère;76.0;Occitanie;0.0
2024.0;7.0;Ardèche;84.0;Auvergne-Rhône-Alpes;159445.93693
2021.0;21.0;Côte-d'Or;27.0;Bourgogne-Franche-Comté;765977.03238
2021.0;72.0;Sarthe;52.0;Pays de la Loire;772591.60119
2023.0;62.0;Pas-de-Calais;32.0;Hauts-de-France;1068927.05527
2021.0;53.0;Mayenne;52.0;Pays de la Loire;282767.96366
2020.0;55.0;Meuse;44.0;Grand Est;270189.24333
2023.0;91.0;Essonne;11.0;Île-de-France;1908744.69562
2022.0;63.0;Puy-de-Dôme;84.0;Auvergne-Rhône-Alpes;732806.70673
2022.0;74.0;Haute-Savoie;84.0;Auvergne-Rhône-Alpes;953827.70025
2020.0;32.0;Gers;76.0;Occitanie;139801.09768
2019.0;75.0;Paris;11.0;Île-de-France;3358729.44317
2023.0;31.0;Haute-Garonne;76.0;Occitanie;1052692.03835
2023.0;33.0;Gironde;75.0;Nouvelle-Aquitaine;1548039.8084
2022.0;44.0;Loire-Atlantique;52.0;Pays de la Loire;1297755.44554
2018.0;77.0;Seine-et-Marne;11.0;Île-de-France;1803060.21271
2018.0;43.0;Haute-Loire;84.0;Auvergne-Rhône-Alpes;205773.84063
2021.0;2B;Haute-Corse;94.0;Corse;0.0
2019.0;68.0;Haut-Rhin;44.0;Grand Est;1116676.6246
2023.0;35.0;Ille-et-Vilaine;53.0;Bretagne;1113502.63981
2018.0;971.0;Guadeloupe;1.0;Guadeloupe;0.0
2018.0;81.0;Tarn;76.0;Occitanie;291472.53959
2021.0;85.0;Vendée;52.0;Pays de la Loire;787554.50809
2020.0;971.0;Guadeloupe;1.0;Guadeloupe;0.0
2018.0;66.0;Pyrénées-Orientales;76.0;Occitanie;221532.29262
2022.0;26.0;Drôme;84.0;Auvergne-Rhône-Alpes;460409.63808
2023.0;71.0;Saône-et-Loire;27.0;Bourgogne-Franche-Comté;753205.545399999
2023.0;56.0;Morbihan;53.0;Bretagne;562550.46485
2018.0;25.0;Doubs;27.0;Bourgogne-Franche-Comté;720007.67381
2021.0;32.0;Gers;76.0;Occitanie;156583.95427
2019.0;21.0;Côte-d'Or;27.0;Bourgogne-Franche-Comté;940642.85013
2019.0;25.0;Doubs;27.0;Bourgogne-Franche-Comté;691536.75531
2022.0;6.0;Alpes-Maritimes;93.0;Provence-Alpes-Côte d'Azur;986920.40856
2024.0;37.0;Indre-et-Loire;24.0;Centre-Val de Loire;544108.65778
2019.0;74.0;Haute-Savoie;84.0;Auvergne-Rhône-Alpes;977923.97954
2022.0;27.0;Eure;28.0;Normandie;509539.41418
2020.0;14.0;Calvados;28.0;Normandie;649226.85455
2024.0;9.0;Ariège;76.0;Occitanie;97599.70139
2022.0;24.0;Dordogne;75.0;Nouvelle-Aquitaine;277677.21725
2018.0;52.0;Haute-Marne;44.0;Grand Est;231932.86564
2023.0;84.0;Vaucluse;93.0;Provence-Alpes-Côte d'Azur;376786.20718
2024.0;972.0;Martinique;2.0;Martinique;0.0
2022.0;31.0;Haute-Garonne;76.0;Occitanie;1129596.12202
2022.0;62.0;Pas-de-Calais;32.0;Hauts-de-France;1212825.6381
2022.0;82.0;Tarn-et-Garonne;76.0;Occitanie;125208.72176
2023.0;93.0;Seine-Saint-Denis;11.0;Île-de-France;2033817.75223
2021.0;24.0;Dordogne;75.0;Nouvelle-Aquitaine;327380.56347
2023.0;53.0;Mayenne;52.0;Pays de la Loire;221685.97276
2020.0;40.0;Landes;75.0;Nouvelle-Aquitaine;371976.2872
2020.0;60.0;Oise;32.0;Hauts-de-France;879416.64348
2023.0;23.0;Creuse;75.0;Nouvelle-Aquitaine;82751.99726
2019.0;971.0;Guadeloupe;1.0;Guadeloupe;0.0
2018.0;7.0;Ardèche;84.0;Auvergne-Rhône-Alpes;216775.11144
2024.0;33.0;Gironde;75.0;Nouvelle-Aquitaine;1626013.94023
2021.0;74.0;Haute-Savoie;84.0;Auvergne-Rhône-Alpes;1001025.29598
2021.0;11.0;Aude;76.0;Occitanie;238937.90792
2020.0;61.0;Orne;28.0;Normandie;409032.96438
2019.0;81.0;Tarn;76.0;Occitanie;290120.87102
2019.0;83.0;Var;93.0;Provence-Alpes-Côte d'Azur;529611.16323
2023.0;7.0;Ardèche;84.0;Auvergne-Rhône-Alpes;167386.37649
2020.0;79.0;Deux-Sèvres;75.0;Nouvelle-Aquitaine;265636.63113
2021.0;4.0;Alpes-de-Haute-Provence;93.0;Provence-Alpes-Côte d'Azur;100453.71885
2018.0;56.0;Morbihan;53.0;Bretagne;709222.27494
2021.0;971.0;Guadeloupe;1.0;Guadeloupe;0.0
2018.0;34.0;Hérault;76.0;Occitanie;783924.16914
2019.0;26.0;Drôme;84.0;Auvergne-Rhône-Alpes;710270.46515
2024.0;40.0;Landes;75.0;Nouvelle-Aquitaine;369227.13593
2020.0;39.0;Jura;27.0;Bourgogne-Franche-Comté;488833.06186
2022.0;21.0;Côte-d'Or;27.0;Bourgogne-Franche-Comté;629302.42639
2021.0;974.0;La Réunion;4.0;La Réunion;0.0
2020.0;38.0;Isère;84.0;Auvergne-Rhône-Alpes;2383528.97996
2019.0;17.0;Charente-Maritime;75.0;Nouvelle-Aquitaine;392240.2321
2024.0;66.0;Pyrénées-Orientales;76.0;Occitanie;137096.27127
2023.0;77.0;Seine-et-Marne;11.0;Île-de-France;1799624.63775
2019.0;84.0;Vaucluse;93.0;Provence-Alpes-Côte d'Azur;455880.9967
2023.0;11.0;Aude;76.0;Occitanie;204306.42512
2021.0;58.0;Nièvre;27.0;Bourgogne-Franche-Comté;265794.95474
2021.0;10.0;Aube;44.0;Grand Est;469491.94344
2022.0;36.0;Indre;24.0;Centre-Val de Loire;184775.67548
2018.0;68.0;Haut-Rhin;44.0;Grand Est;1266017.37227
2019.0;40.0;Landes;75.0;Nouvelle-Aquitaine;388027.72504
2021.0;45.0;Loiret;24.0;Centre-Val de Loire;843553.822859999
2024.0;74.0;Haute-Savoie;84.0;Auvergne-Rhône-Alpes;890625.64416
2021.0;36.0;Indre;24.0;Centre-Val de Loire;213146.87305
2019.0;9.0;Ariège;76.0;Occitanie;209466.42376
2020.0;82.0;Tarn-et-Garonne;76.0;Occitanie;253293.1331
2020.0;976.0;Mayotte;6.0;Mayotte;0.0
2020.0;2.0;Aisne;32.0;Hauts-de-France;1277746.64956
2018.0;6.0;Alpes-Maritimes;93.0;Provence-Alpes-Côte d'Azur;1105894.62866
2019.0;42.0;Loire;84.0;Auvergne-Rhône-Alpes;1129033.7468
2021.0;35.0;Ille-et-Vilaine;53.0;Bretagne;1186690.04371
2019.0;15.0;Cantal;84.0;Auvergne-Rhône-Alpes;104084.03051
2021.0;5.0;Hautes-Alpes;93.0;Provence-Alpes-Côte d'Azur;83502.91205
2018.0;57.0;Moselle;44.0;Grand Est;1725184.20195
2022.0;75.0;Paris;11.0;Île-de-France;3410608.57017
2023.0;65.0;Hautes-Pyrénées;76.0;Occitanie;226989.27305
2018.0;86.0;Vienne;75.0;Nouvelle-Aquitaine;537509.97023
2020.0;74.0;Haute-Savoie;84.0;Auvergne-Rhône-Alpes;876882.34628
2021.0;973.0;Guyane;3.0;Guyane;0.0
2024.0;64.0;Pyrénées-Atlantiques;75.0;Nouvelle-Aquitaine;499501.52475
2023.0;47.0;Lot-et-Garonne;75.0;Nouvelle-Aquitaine;286588.57787
2018.0;49.0;Maine-et-Loire;52.0;Pays de la Loire;736402.06279
2020.0;28.0;Eure-et-Loir;24.0;Centre-Val de Loire;521740.8682
2024.0;46.0;Lot;76.0;Occitanie;60158.75362
2024.0;82.0;Tarn-et-Garonne;76.0;Occitanie;121797.24296
2022.0;71.0;Saône-et-Loire;27.0;Bourgogne-Franche-Comté;752454.61567
2024.0;58.0;Nièvre;27.0;Bourgogne-Franche-Comté;170574.95651
2019.0;44.0;Loire-Atlantique;52.0;Pays de la Loire;2273192.76571
2024.0;36.0;Indre;24.0;Centre-Val de Loire;185905.45111
2023.0;972.0;Martinique;2.0;Martinique;0.0
2024.0;85.0;Vendée;52.0;Pays de la Loire;593346.05546
2024.0;44.0;Loire-Atlantique;52.0;Pays de la Loire;1289021.15415
2024.0;88.0;Vosges;44.0;Grand Est;321363.52407
2021.0;38.0;Isère;84.0;Auvergne-Rhône-Alpes;2292261.59326
2023.0;37.0;Indre-et-Loire;24.0;Centre-Val de Loire;499041.57787
2023.0;28.0;Eure-et-Loir;24.0;Centre-Val de Loire;439049.77523
2024.0;59.0;Nord;32.0;Hauts-de-France;2508644.7531
2022.0;79.0;Deux-Sèvres;75.0;Nouvelle-Aquitaine;340689.00515
2018.0;11.0;Aude;76.0;Occitanie;249483.40954
2019.0;82.0;Tarn-et-Garonne;76.0;Occitanie;179913.99687
2024.0;38.0;Isère;84.0;Auvergne-Rhône-Alpes;1726382.08248
2022.0;92.0;Hauts-de-Seine;11.0;Île-de-France;2214027.19718
2023.0;974.0;La Réunion;4.0;La Réunion;0.0
2021.0;79.0;Deux-Sèvres;75.0;Nouvelle-Aquitaine;388268.30829
2024.0;54.0;Meurthe-et-Moselle;44.0;Grand Est;734057.38869
2018.0;61.0;Orne;28.0;Normandie;452039.99564
2018.0;40.0;Landes;75.0;Nouvelle-Aquitaine;399934.08616
2018.0;18.0;Cher;24.0;Centre-Val de Loire;323931.71911
2018.0;29.0;Finistère;53.0;Bretagne;1905847.01822
2024.0;39.0;Jura;27.0;Bourgogne-Franche-Comté;463078.97208
2021.0;40.0;Landes;75.0;Nouvelle-Aquitaine;401559.19562
2024.0;24.0;Dordogne;75.0;Nouvelle-Aquitaine;238495.01665
2023.0;10.0;Aube;44.0;Grand Est;311992.27199
2019.0;62.0;Pas-de-Calais;32.0;Hauts-de-France;1305067.78637
2024.0;2A;Corse-du-Sud;94.0;Corse;0.0
2018.0;15.0;Cantal;84.0;Auvergne-Rhône-Alpes;101685.26919
2018.0;14.0;Calvados;28.0;Normandie;790815.80279
2018.0;91.0;Essonne;11.0;Île-de-France;2112762.87476
2023.0;2A;Corse-du-Sud;94.0;Corse;0.0
2021.0;7.0;Ardèche;84.0;Auvergne-Rhône-Alpes;215206.89094
2019.0;3.0;Allier;84.0;Auvergne-Rhône-Alpes;511898.30304
2024.0;93.0;Seine-Saint-Denis;11.0;Île-de-France;2196025.79942
2023.0;78.0;Yvelines;11.0;Île-de-France;1925799.61829
2020.0;2B;Haute-Corse;94.0;Corse;0.0
2024.0;61.0;Orne;28.0;Normandie;371133.32983
2018.0;12.0;Aveyron;76.0;Occitanie;289088.22354
2021.0;27.0;Eure;28.0;Normandie;522290.51591
2021.0;77.0;Seine-et-Marne;11.0;Île-de-France;2070063.36333
2022.0;65.0;Hautes-Pyrénées;76.0;Occitanie;232312.74514
2024.0;92.0;Hauts-de-Seine;11.0;Île-de-France;2188714.55917
2018.0;71.0;Saône-et-Loire;27.0;Bourgogne-Franche-Comté;893792.34349
2023.0;61.0;Orne;28.0;Normandie;367439.93746
2020.0;8.0;Ardennes;44.0;Grand Est;260439.71673
2021.0;12.0;Aveyron;76.0;Occitanie;288942.03351
2021.0;30.0;Gard;76.0;Occitanie;532908.01245
2024.0;77.0;Seine-et-Marne;11.0;Île-de-France;1874797.20305
2024.0;22.0;Côtes-d'Armor;53.0;Bretagne;534193.09908
2024.0;70.0;Haute-Saône;27.0;Bourgogne-Franche-Comté;233193.33264
2022.0;40.0;Landes;75.0;Nouvelle-Aquitaine;311855.90573
2019.0;12.0;Aveyron;76.0;Occitanie;289856.3989
2024.0;13.0;Bouches-du-Rhône;93.0;Provence-Alpes-Côte d'Azur;2661104.05905
2023.0;90.0;Territoire de Belfort;27.0;Bourgogne-Franche-Comté;230355.70316
2019.0;59.0;Nord;32.0;Hauts-de-France;3623762.62901
2022.0;85.0;Vendée;52.0;Pays de la Loire;639648.74595
2022.0;60.0;Oise;32.0;Hauts-de-France;882044.91574
2023.0;25.0;Doubs;27.0;Bourgogne-Franche-Comté;545246.7542
2019.0;6.0;Alpes-Maritimes;93.0;Provence-Alpes-Côte d'Azur;1107589.28969
2021.0;6.0;Alpes-Maritimes;93.0;Provence-Alpes-Côte d'Azur;1077854.94573
2021.0;52.0;Haute-Marne;44.0;Grand Est;242408.13113
2023.0;24.0;Dordogne;75.0;Nouvelle-Aquitaine;245572.48739
2024.0;60.0;Oise;32.0;Hauts-de-France;918277.31356
2021.0;13.0;Bouches-du-Rhône;93.0;Provence-Alpes-Côte d'Azur;2031234.5335
2024.0;3.0;Allier;84.0;Auvergne-Rhône-Alpes;361403.6447
2024.0;45.0;Loiret;24.0;Centre-Val de Loire;655405.47232
2023.0;41.0;Loir-et-Cher;24.0;Centre-Val de Loire;329069.81321
2018.0;87.0;Haute-Vienne;75.0;Nouvelle-Aquitaine;366630.17274
2019.0;2A;Corse-du-Sud;94.0;Corse;0.0
2021.0;25.0;Doubs;27.0;Bourgogne-Franche-Comté;732153.28685
2018.0;50.0;Manche;28.0;Normandie;480090.54308
2018.0;75.0;Paris;11.0;Île-de-France;3511401.78246
2022.0;971.0;Guadeloupe;1.0;Guadeloupe;0.0
2018.0;28.0;Eure-et-Loir;24.0;Centre-Val de Loire;584334.29113
2024.0;25.0;Doubs;27.0;Bourgogne-Franche-Comté;555884.95443
2019.0;16.0;Charente;75.0;Nouvelle-Aquitaine;332087.71456
2018.0;38.0;Isère;84.0;Auvergne-Rhône-Alpes;2182629.64264
2018.0;83.0;Var;93.0;Provence-Alpes-Côte d'Azur;549168.42136
2023.0;16.0;Charente;75.0;Nouvelle-Aquitaine;314311.31359
2022.0;28.0;Eure-et-Loir;24.0;Centre-Val de Loire;491732.30365
2020.0;21.0;Côte-d'Or;27.0;Bourgogne-Franche-Comté;678205.49268
2020.0;37.0;Indre-et-Loire;24.0;Centre-Val de Loire;562050.41984
2020.0;70.0;Haute-Saône;27.0;Bourgogne-Franche-Comté;236334.91235
2020.0;68.0;Haut-Rhin;44.0;Grand Est;1122077.10407
2020.0;27.0;Eure;28.0;Normandie;477821.15268
2023.0;85.0;Vendée;52.0;Pays de la Loire;597667.73035
2019.0;53.0;Mayenne;52.0;Pays de la Loire;253127.98627
2023.0;6.0;Alpes-Maritimes;93.0;Provence-Alpes-Côte d'Azur;988326.34233
2022.0;23.0;Creuse;75.0;Nouvelle-Aquitaine;89611.51114
2018.0;32.0;Gers;76.0;Occitanie;155983.29415
2024.0;19.0;Corrèze;75.0;Nouvelle-Aquitaine;165301.3914
2020.0;3.0;Allier;84.0;Auvergne-Rhône-Alpes;439183.48478
2023.0;42.0;Loire;84.0;Auvergne-Rhône-Alpes;868402.258369999
2020.0;31.0;Haute-Garonne;76.0;Occitanie;1157757.99645
2019.0;78.0;Yvelines;11.0;Île-de-France;2188134.31389
2018.0;33.0;Gironde;75.0;Nouvelle-Aquitaine;1739549.42409
2021.0;41.0;Loir-et-Cher;24.0;Centre-Val de Loire;407828.81166
2023.0;52.0;Haute-Marne;44.0;Grand Est;213444.6871
2024.0;78.0;Yvelines;11.0;Île-de-France;1990947.20051
2019.0;58.0;Nièvre;27.0;Bourgogne-Franche-Comté;282648.79629
2020.0;22.0;Côtes-d'Armor;53.0;Bretagne;860813.06845
2022.0;59.0;Nord;32.0;Hauts-de-France;2799742.16379
2022.0;58.0;Nièvre;27.0;Bourgogne-Franche-Comté;213593.55148
2021.0;39.0;Jura;27.0;Bourgogne-Franche-Comté;538644.26298
2019.0;1.0;Ain;84.0;Auvergne-Rhône-Alpes;781044.72733
2020.0;26.0;Drôme;84.0;Auvergne-Rhône-Alpes;539415.69708
2019.0;2B;Haute-Corse;94.0;Corse;0.0
2021.0;64.0;Pyrénées-Atlantiques;75.0;Nouvelle-Aquitaine;723493.0143
2021.0;56.0;Morbihan;53.0;Bretagne;716165.5697
2021.0;87.0;Haute-Vienne;75.0;Nouvelle-Aquitaine;383552.9796
2023.0;18.0;Cher;24.0;Centre-Val de Loire;259701.0517
2020.0;13.0;Bouches-du-Rhône;93.0;Provence-Alpes-Côte d'Azur;1779693.10666
2018.0;64.0;Pyrénées-Atlantiques;75.0;Nouvelle-Aquitaine;710408.48413
2018.0;35.0;Ille-et-Vilaine;53.0;Bretagne;1516700.53631
2020.0;92.0;Hauts-de-Seine;11.0;Île-de-France;2257230.30309
2018.0;62.0;Pas-de-Calais;32.0;Hauts-de-France;1368741.07691
2018.0;89.0;Yonne;27.0;Bourgogne-Franche-Comté;426895.53187
2020.0;83.0;Var;93.0;Provence-Alpes-Côte d'Azur;516362.73712
2020.0;9.0;Ariège;76.0;Occitanie;201351.41484
2022.0;45.0;Loiret;24.0;Centre-Val de Loire;681533.68298
2023.0;21.0;Côte-d'Or;27.0;Bourgogne-Franche-Comté;584711.49948
2019.0;41.0;Loir-et-Cher;24.0;Centre-Val de Loire;343168.13536
2018.0;37.0;Indre-et-Loire;24.0;Centre-Val de Loire;662383.22656
2018.0;74.0;Haute-Savoie;84.0;Auvergne-Rhône-Alpes;919988.56133
2024.0;47.0;Lot-et-Garonne;75.0;Nouvelle-Aquitaine;313163.74998
2019.0;45.0;Loiret;24.0;Centre-Val de Loire;877610.21052
2021.0;19.0;Corrèze;75.0;Nouvelle-Aquitaine;193609.95651
2020.0;85.0;Vendée;52.0;Pays de la Loire;647302.32679
2023.0;15.0;Cantal;84.0;Auvergne-Rhône-Alpes;76287.95301
2020.0;34.0;Hérault;76.0;Occitanie;660904.11934
2024.0;8.0;Ardennes;44.0;Grand Est;250044.74655
2021.0;31.0;Haute-Garonne;76.0;Occitanie;1347403.32329
2019.0;36.0;Indre;24.0;Centre-Val de Loire;195483.83458
2019.0;76.0;Seine-Maritime;28.0;Normandie;7806157.03557
2024.0;86.0;Vienne;75.0;Nouvelle-Aquitaine;374930.89231
2018.0;72.0;Sarthe;52.0;Pays de la Loire;727594.86669
2024.0;43.0;Haute-Loire;84.0;Auvergne-Rhône-Alpes;179860.29305
2021.0;57.0;Moselle;44.0;Grand Est;1848229.84153
2023.0;46.0;Lot;76.0;Occitanie;63887.9393
2020.0;30.0;Gard;76.0;Occitanie;442195.80366
2020.0;19.0;Corrèze;75.0;Nouvelle-Aquitaine;174566.87013
2022.0;973.0;Guyane;3.0;Guyane;0.0
2020.0;973.0;Guyane;3.0;Guyane;0.0
2019.0;63.0;Puy-de-Dôme;84.0;Auvergne-Rhône-Alpes;895340.46071
2023.0;36.0;Indre;24.0;Centre-Val de Loire;166713.38554
2018.0;21.0;Côte-d'Or;27.0;Bourgogne-Franche-Comté;937170.395640001
2023.0;43.0;Haute-Loire;84.0;Auvergne-Rhône-Alpes;172950.52731
2021.0;90.0;Territoire de Belfort;27.0;Bourgogne-Franche-Comté;318664.85419
2021.0;95.0;Val-d'Oise;11.0;Île-de-France;1927542.93974
2019.0;974.0;La Réunion;4.0;La Réunion;0.0
2018.0;60.0;Oise;32.0;Hauts-de-France;940344.211680001
2021.0;70.0;Haute-Saône;27.0;Bourgogne-Franche-Comté;307678.23975
2023.0;19.0;Corrèze;75.0;Nouvelle-Aquitaine;167095.62028
2019.0;67.0;Bas-Rhin;44.0;Grand Est;1752732.86819
2024.0;21.0;Côte-d'Or;27.0;Bourgogne-Franche-Comté;597129.269
2018.0;24.0;Dordogne;75.0;Nouvelle-Aquitaine;312555.55993
2021.0;2.0;Aisne;32.0;Hauts-de-France;1293574.13494
2018.0;54.0;Meurthe-et-Moselle;44.0;Grand Est;986006.24309
2020.0;972.0;Martinique;2.0;Martinique;0.0
2022.0;37.0;Indre-et-Loire;24.0;Centre-Val de Loire;549997.29321
2024.0;973.0;Guyane;3.0;Guyane;0.0
2021.0;1.0;Ain;84.0;Auvergne-Rhône-Alpes;762707.48712
2020.0;48.0;Lozère;76.0;Occitanie;0.0
2018.0;1.0;Ain;84.0;Auvergne-Rhône-Alpes;744797.19636
2020.0;51.0;Marne;44.0;Grand Est;943547.48269
2018.0;23.0;Creuse;75.0;Nouvelle-Aquitaine;96857.11679
2019.0;27.0;Eure;28.0;Normandie;595357.27141
2024.0;32.0;Gers;76.0;Occitanie;124594.229
2020.0;80.0;Somme;32.0;Hauts-de-France;753711.92311
2019.0;18.0;Cher;24.0;Centre-Val de Loire;322131.91589
2020.0;7.0;Ardèche;84.0;Auvergne-Rhône-Alpes;189182.61478
2023.0;12.0;Aveyron;76.0;Occitanie;250625.31923
2023.0;60.0;Oise;32.0;Hauts-de-France;834112.45718
2023.0;72.0;Sarthe;52.0;Pays de la Loire;553514.37924
2022.0;47.0;Lot-et-Garonne;75.0;Nouvelle-Aquitaine;359943.16259
2023.0;58.0;Nièvre;27.0;Bourgogne-Franche-Comté;165741.52015
2019.0;43.0;Haute-Loire;84.0;Auvergne-Rhône-Alpes;206141.15159
2021.0;34.0;Hérault;76.0;Occitanie;725168.23101
2024.0;79.0;Deux-Sèvres;75.0;Nouvelle-Aquitaine;218469.80411
2023.0;13.0;Bouches-du-Rhône;93.0;Provence-Alpes-Côte d'Azur;2813451.49225
2020.0;29.0;Finistère;53.0;Bretagne;994512.23269
2021.0;76.0;Seine-Maritime;28.0;Normandie;7176449.77046
2020.0;12.0;Aveyron;76.0;Occitanie;254962.45594
2020.0;46.0;Lot;76.0;Occitanie;67616.65823
2020.0;23.0;Creuse;75.0;Nouvelle-Aquitaine;90016.37531
2021.0;86.0;Vienne;75.0;Nouvelle-Aquitaine;482302.33323
2018.0;13.0;Bouches-du-Rhône;93.0;Provence-Alpes-Côte d'Azur;2029290.83714
2021.0;49.0;Maine-et-Loire;52.0;Pays de la Loire;834532.32044
2019.0;7.0;Ardèche;84.0;Auvergne-Rhône-Alpes;209284.89154
2023.0;83.0;Var;93.0;Provence-Alpes-Côte d'Azur;487721.46262
2020.0;33.0;Gironde;75.0;Nouvelle-Aquitaine;1525257.21706
2022.0;2B;Haute-Corse;94.0;Corse;0.0
2024.0;81.0;Tarn;76.0;Occitanie;205276.79087
2024.0;56.0;Morbihan;53.0;Bretagne;561250.91793
2018.0;10.0;Aube;44.0;Grand Est;323176.17414
2024.0;16.0;Charente;75.0;Nouvelle-Aquitaine;309372.56495
2024.0;34.0;Hérault;76.0;Occitanie;518275.59348
2019.0;24.0;Dordogne;75.0;Nouvelle-Aquitaine;303063.92244
2018.0;58.0;Nièvre;27.0;Bourgogne-Franche-Comté;259641.23007
2024.0;49.0;Maine-et-Loire;52.0;Pays de la Loire;706946.03906
2022.0;19.0;Corrèze;75.0;Nouvelle-Aquitaine;165670.86481
2023.0;57.0;Moselle;44.0;Grand Est;1299588.79805
2021.0;972.0;Martinique;2.0;Martinique;0.0
2022.0;78.0;Yvelines;11.0;Île-de-France;2009471.51294
2022.0;8.0;Ardennes;44.0;Grand Est;272971.76869
2022.0;69.0;Rhône;84.0;Auvergne-Rhône-Alpes;2225436.82177
2021.0;65.0;Hautes-Pyrénées;76.0;Occitanie;275890.702
2023.0;67.0;Bas-Rhin;44.0;Grand Est;2230178.29162
2022.0;55.0;Meuse;44.0;Grand Est;233567.49968
2022.0;68.0;Haut-Rhin;44.0;Grand Est;1150300.50413
2022.0;972.0;Martinique;2.0;Martinique;0.0
2021.0;88.0;Vosges;44.0;Grand Est;469347.56159
2018.0;82.0;Tarn-et-Garonne;76.0;Occitanie;178620.16172
2020.0;24.0;Dordogne;75.0;Nouvelle-Aquitaine;278653.39252
2024.0;974.0;La Réunion;4.0;La Réunion;0.0
2024.0;80.0;Somme;32.0;Hauts-de-France;538602.21533
2022.0;50.0;Manche;28.0;Normandie;598636.71019
2023.0;81.0;Tarn;76.0;Occitanie;218230.74794
2021.0;69.0;Rhône;84.0;Auvergne-Rhône-Alpes;2564444.15748
2018.0;69.0;Rhône;84.0;Auvergne-Rhône-Alpes;2687625.29247
2020.0;64.0;Pyrénées-Atlantiques;75.0;Nouvelle-Aquitaine;646322.17448
2023.0;45.0;Loiret;24.0;Centre-Val de Loire;621177.53742
2022.0;80.0;Somme;32.0;Hauts-de-France;593020.41112
2019.0;73.0;Savoie;84.0;Auvergne-Rhône-Alpes;472477.24738
2020.0;17.0;Charente-Maritime;75.0;Nouvelle-Aquitaine;376581.56326
2021.0;91.0;Essonne;11.0;Île-de-France;2355761.03957
2024.0;41.0;Loir-et-Cher;24.0;Centre-Val de Loire;333358.01368
2023.0;48.0;Lozère;76.0;Occitanie;0.0
2018.0;972.0;Martinique;2.0;Martinique;0.0
2020.0;6.0;Alpes-Maritimes;93.0;Provence-Alpes-Côte d'Azur;976650.78071
2023.0;82.0;Tarn-et-Garonne;76.0;Occitanie;114584.03753
2024.0;12.0;Aveyron;76.0;Occitanie;233414.40275
2018.0;95.0;Val-d'Oise;11.0;Île-de-France;1652792.15876
2020.0;11.0;Aude;76.0;Occitanie;226196.92073
2023.0;3.0;Allier;84.0;Auvergne-Rhône-Alpes;398941.82661
2020.0;45.0;Loiret;24.0;Centre-Val de Loire;707374.75899
2021.0;84.0;Vaucluse;93.0;Provence-Alpes-Côte d'Azur;466039.88166
2019.0;57.0;Moselle;44.0;Grand Est;1676322.58473
2023.0;63.0;Puy-de-Dôme;84.0;Auvergne-Rhône-Alpes;715589.81933
2021.0;67.0;Bas-Rhin;44.0;Grand Est;2683656.16637
2018.0;88.0;Vosges;44.0;Grand Est;448288.24038
2022.0;16.0;Charente;75.0;Nouvelle-Aquitaine;331343.28169
2019.0;54.0;Meurthe-et-Moselle;44.0;Grand Est;914781.04559
2019.0;80.0;Somme;32.0;Hauts-de-France;1137105.78131
2024.0;2.0;Aisne;32.0;Hauts-de-France;654894.87665
2018.0;44.0;Loire-Atlantique;52.0;Pays de la Loire;2213662.06103
2022.0;2A;Corse-du-Sud;94.0;Corse;0.0
2024.0;18.0;Cher;24.0;Centre-Val de Loire;275411.83882
2018.0;73.0;Savoie;84.0;Auvergne-Rhône-Alpes;469097.83328
2023.0;64.0;Pyrénées-Atlantiques;75.0;Nouvelle-Aquitaine;456184.57314
2021.0;94.0;Val-de-Marne;11.0;Île-de-France;2240963.20339
2019.0;66.0;Pyrénées-Orientales;76.0;Occitanie;222645.55072
2020.0;1.0;Ain;84.0;Auvergne-Rhône-Alpes;646597.26114
2022.0;54.0;Meurthe-et-Moselle;44.0;Grand Est;960444.582640001
2020.0;78.0;Yvelines;11.0;Île-de-France;2020496.74177
2023.0;9.0;Ariège;76.0;Occitanie;101718.22794
2019.0;11.0;Aude;76.0;Occitanie;253279.44559
2023.0;70.0;Haute-Saône;27.0;Bourgogne-Franche-Comté;224996.74093
2022.0;67.0;Bas-Rhin;44.0;Grand Est;2106501.87101
2021.0;89.0;Yonne;27.0;Bourgogne-Franche-Comté;389017.4636
2022.0;38.0;Isère;84.0;Auvergne-Rhône-Alpes;1991180.61854
2020.0;62.0;Pas-de-Calais;32.0;Hauts-de-France;1209858.22841
2018.0;8.0;Ardennes;44.0;Grand Est;302143.85004
2022.0;29.0;Finistère;53.0;Bretagne;975713.67528
2020.0;88.0;Vosges;44.0;Grand Est;440123.14593
2021.0;17.0;Charente-Maritime;75.0;Nouvelle-Aquitaine;436280.2314
2021.0;55.0;Meuse;44.0;Grand Est;292217.28956
2022.0;10.0;Aube;44.0;Grand Est;379601.67323
2022.0;53.0;Mayenne;52.0;Pays de la Loire;277969.95234
2019.0;77.0;Seine-et-Marne;11.0;Île-de-France;1774481.83411
2019.0;5.0;Hautes-Alpes;93.0;Provence-Alpes-Côte d'Azur;72753.23255
2024.0;90.0;Territoire de Belfort;27.0;Bourgogne-Franche-Comté;237775.7261
2019.0;39.0;Jura;27.0;Bourgogne-Franche-Comté;540344.09598
2019.0;8.0;Ardennes;44.0;Grand Est;289767.98797
2021.0;66.0;Pyrénées-Orientales;76.0;Occitanie;179628.48544
2018.0;5.0;Hautes-Alpes;93.0;Provence-Alpes-Côte d'Azur;72731.66189
2018.0;76.0;Seine-Maritime;28.0;Normandie;8861405.68619
2018.0;976.0;Mayotte;6.0;Mayotte;0.0
2023.0;88.0;Vosges;44.0;Grand Est;339226.95354
2018.0;78.0;Yvelines;11.0;Île-de-France;2250776.01305
2018.0;94.0;Val-de-Marne;11.0;Île-de-France;2011703.9678
2024.0;87.0;Haute-Vienne;75.0;Nouvelle-Aquitaine;291663.55327
2019.0;972.0;Martinique;2.0;Martinique;0.0
2019.0;30.0;Gard;76.0;Occitanie;490261.89612
2023.0;95.0;Val-d'Oise;11.0;Île-de-France;1633522.86757
2023.0;14.0;Calvados;28.0;Normandie;651317.18666
2020.0;36.0;Indre;24.0;Centre-Val de Loire;170670.88265
2018.0;19.0;Corrèze;75.0;Nouvelle-Aquitaine;213992.74141
2020.0;75.0;Paris;11.0;Île-de-France;3000820.64841
2021.0;976.0;Mayotte;6.0;Mayotte;0.0
2020.0;84.0;Vaucluse;93.0;Provence-Alpes-Côte d'Azur;396997.29376
2019.0;70.0;Haute-Saône;27.0;Bourgogne-Franche-Comté;255454.5201
2024.0;30.0;Gard;76.0;Occitanie;509614.24505
2023.0;79.0;Deux-Sèvres;75.0;Nouvelle-Aquitaine;212870.53021
2023.0;94.0;Val-de-Marne;11.0;Île-de-France;1780510.67085
2024.0;72.0;Sarthe;52.0;Pays de la Loire;639478.75971
2019.0;64.0;Pyrénées-Atlantiques;75.0;Nouvelle-Aquitaine;729123.28531
2018.0;90.0;Territoire de Belfort;27.0;Bourgogne-Franche-Comté;331939.67796
2020.0;4.0;Alpes-de-Haute-Provence;93.0;Provence-Alpes-Côte d'Azur;87881.1838
2024.0;95.0;Val-d'Oise;11.0;Île-de-France;1617890.3309
2020.0;25.0;Doubs;27.0;Bourgogne-Franche-Comté;632427.64029
2021.0;22.0;Côtes-d'Armor;53.0;Bretagne;661290.41323
2018.0;30.0;Gard;76.0;Occitanie;497622.88432
2018.0;51.0;Marne;44.0;Grand Est;1050701.40453
2021.0;59.0;Nord;32.0;Hauts-de-France;3549041.08811
2018.0;26.0;Drôme;84.0;Auvergne-Rhône-Alpes;679556.97667
2020.0;86.0;Vienne;75.0;Nouvelle-Aquitaine;483153.80128
2024.0;91.0;Essonne;11.0;Île-de-France;1934104.36618
2020.0;18.0;Cher;24.0;Centre-Val de Loire;269588.58521
2018.0;16.0;Charente;75.0;Nouvelle-Aquitaine;328375.60625
2021.0;44.0;Loire-Atlantique;52.0;Pays de la Loire;1478599.24105
2021.0;78.0;Yvelines;11.0;Île-de-France;2378029.53031
2024.0;65.0;Hautes-Pyrénées;76.0;Occitanie;237948.465
2021.0;33.0;Gironde;75.0;Nouvelle-Aquitaine;1693725.21064
2021.0;50.0;Manche;28.0;Normandie;660837.75517
2023.0;5.0;Hautes-Alpes;93.0;Provence-Alpes-Côte d'Azur;73682.18989
2024.0;10.0;Aube;44.0;Grand Est;319960.00269
2019.0;87.0;Haute-Vienne;75.0;Nouvelle-Aquitaine;350355.05874
2023.0;1.0;Ain;84.0;Auvergne-Rhône-Alpes;549410.54243
2023.0;2.0;Aisne;32.0;Hauts-de-France;666721.54192
2021.0;51.0;Marne;44.0;Grand Est;1004529.93297
2022.0;25.0;Doubs;27.0;Bourgogne-Franche-Comté;587936.11632
2022.0;91.0;Essonne;11.0;Île-de-France;2070050.17656
2021.0;54.0;Meurthe-et-Moselle;44.0;Grand Est;957483.46609
2024.0;67.0;Bas-Rhin;44.0;Grand Est;2280084.73289
2019.0;48.0;Lozère;76.0;Occitanie;0.0
2022.0;976.0;Mayotte;6.0;Mayotte;0.0
