Année;Code département;Libellé département;Code région;Libellé région;Consommation agriculture (MWh)
2012.0;9.0;Ariège;76.0;Occitanie;3698.88
2012.0;10.0;Aube;44.0;Grand Est;32844.979999999996
2012.0;38.0;Isère;84.0;Auvergne-Rhône-Alpes;21283.760000000002
2012.0;84.0;Vaucluse;93.0;Provence-Alpes-Côte d'Azur;81283.8
2012.0;88.0;Vosges;44.0;Grand Est;7767.83
2013.0;36.0;Indre;24.0;Centre-Val de Loire;13839.68
2013.0;68.0;Haut-Rhin;44.0;Grand Est;34141.46000000001
2014.0;11.0;Aude;76.0;Occitanie;25476.47
2014.0;21.0;Côte-d'Or;27.0;Bourgogne-Franche-Comté;16926.65
2014.0;29.0;Finistère;53.0;Bretagne;643052.22
2014.0;36.0;Indre;24.0;Centre-Val de Loire;11690.44
2015.0;29.0;Finistère;53.0;Bretagne;677561.56
2015.0;2B;Haute-Corse;94.0;Corse;0.0
2015.0;75.0;Paris;11.0;Île-de-France;6560.05
2016.0;3.0;Allier;84.0;Auvergne-Rhône-Alpes;38175.41
2016.0;42.0;Loire;84.0;Auvergne-Rhône-Alpes;12180.529999999999
2016.0;57.0;Moselle;44.0;Grand Est;18559.83
2016.0;72.0;Sarthe;52.0;Pays de la Loire;121175.73999999999
2016.0;973.0;Guyane;3.0;Guyane;0.0
2017.0;3.0;Allier;84.0;Auvergne-Rhône-Alpes;33061.78
2017.0;4.0;Alpes-de-Haute-Provence;93.0;Provence-Alpes-Côte d'Azur;14742.13
2017.0;8.0;Ardennes;44.0;Grand Est;8867.08
2017.0;11.0;Aude;76.0;Occitanie;30500.78
2017.0;18.0;Cher;24.0;Centre-Val de Loire;39962.45
2017.0;41.0;Loir-et-Cher;24.0;Centre-Val de Loire;65548.43
2017.0;46.0;Lot;76.0;Occitanie;8016.7
2017.0;48.0;Lozère;76.0;Occitanie;3055.23
2017.0;49.0;Maine-et-Loire;52.0;Pays de la Loire;245424.72
2012.0;35.0;Ille-et-Vilaine;53.0;Bretagne;210997.23
2012.0;45.0;Loiret;24.0;Centre-Val de Loire;167721.03
2012.0;47.0;Lot-et-Garonne;75.0;Nouvelle-Aquitaine;147913.94
2012.0;971.0;Guadeloupe;1.0;Guadeloupe;0.0
2013.0;6.0;Alpes-Maritimes;93.0;Provence-Alpes-Côte d'Azur;4043.4900000000002
2013.0;8.0;Ardennes;44.0;Grand Est;7411.37
2013.0;33.0;Gironde;75.0;Nouvelle-Aquitaine;204345.09000000003
2013.0;50.0;Manche;28.0;Normandie;35575.35
2013.0;52.0;Haute-Marne;44.0;Grand Est;17759.13
2013.0;59.0;Nord;32.0;Hauts-de-France;144170.97999999998
2013.0;83.0;Var;93.0;Provence-Alpes-Côte d'Azur;73285.95
2014.0;28.0;Eure-et-Loir;24.0;Centre-Val de Loire;58656.89
2014.0;56.0;Morbihan;53.0;Bretagne;128130.56
2015.0;2.0;Aisne;32.0;Hauts-de-France;36243.24
2015.0;28.0;Eure-et-Loir;24.0;Centre-Val de Loire;119261.17
2015.0;38.0;Isère;84.0;Auvergne-Rhône-Alpes;27595.87
2015.0;64.0;Pyrénées-Atlantiques;75.0;Nouvelle-Aquitaine;67162.57
2015.0;974.0;La Réunion;4.0;La Réunion;0.0
2016.0;4.0;Alpes-de-Haute-Provence;93.0;Provence-Alpes-Côte d'Azur;14137.53
2016.0;43.0;Haute-Loire;84.0;Auvergne-Rhône-Alpes;9182.3
2016.0;47.0;Lot-et-Garonne;75.0;Nouvelle-Aquitaine;167208.28
2016.0;55.0;Meuse;44.0;Grand Est;63100.68
2016.0;61.0;Orne;28.0;Normandie;13254.23
2017.0;1.0;Ain;84.0;Auvergne-Rhône-Alpes;68449.01
2017.0;14.0;Calvados;28.0;Normandie;29219.22
2017.0;29.0;Finistère;53.0;Bretagne;675310.5700000001
2017.0;51.0;Marne;44.0;Grand Est;66764.32
2017.0;68.0;Haut-Rhin;44.0;Grand Est;56750.3
2012.0;86.0;Vienne;75.0;Nouvelle-Aquitaine;4947.280000000001
2013.0;65.0;Hautes-Pyrénées;76.0;Occitanie;37397.75
2013.0;974.0;La Réunion;4.0;La Réunion;0.0
2014.0;31.0;Haute-Garonne;76.0;Occitanie;24353.61
2015.0;89.0;Yonne;27.0;Bourgogne-Franche-Comté;22246.4
2016.0;36.0;Indre;24.0;Centre-Val de Loire;14442.18
2017.0;25.0;Doubs;27.0;Bourgogne-Franche-Comté;12240.67
2017.0;39.0;Jura;27.0;Bourgogne-Franche-Comté;8179.47
2017.0;78.0;Yvelines;11.0;Île-de-France;19676.32
2012.0;7.0;Ardèche;84.0;Auvergne-Rhône-Alpes;5044.48
2012.0;51.0;Marne;44.0;Grand Est;44671.42
2012.0;63.0;Puy-de-Dôme;84.0;Auvergne-Rhône-Alpes;31115.519999999997
2013.0;49.0;Maine-et-Loire;52.0;Pays de la Loire;250149.47
2014.0;17.0;Charente-Maritime;75.0;Nouvelle-Aquitaine;76911.81
2014.0;37.0;Indre-et-Loire;24.0;Centre-Val de Loire;137141.86
2014.0;67.0;Bas-Rhin;44.0;Grand Est;26822.19
2015.0;19.0;Corrèze;75.0;Nouvelle-Aquitaine;4046.35
2015.0;43.0;Haute-Loire;84.0;Auvergne-Rhône-Alpes;8945.57
2013.0;28.0;Eure-et-Loir;24.0;Centre-Val de Loire;77866.35
2013.0;53.0;Mayenne;52.0;Pays de la Loire;33268.45
2013.0;87.0;Haute-Vienne;75.0;Nouvelle-Aquitaine;6311.24
2014.0;49.0;Maine-et-Loire;52.0;Pays de la Loire;207711.69
2014.0;973.0;Guyane;3.0;Guyane;0.0
2015.0;4.0;Alpes-de-Haute-Provence;93.0;Provence-Alpes-Côte d'Azur;13344.99
2015.0;27.0;Eure;28.0;Normandie;23414.09
2015.0;79.0;Deux-Sèvres;75.0;Nouvelle-Aquitaine;5686.83
2015.0;80.0;Somme;32.0;Hauts-de-France;97874.87
2016.0;24.0;Dordogne;75.0;Nouvelle-Aquitaine;54824.41
2016.0;64.0;Pyrénées-Atlantiques;75.0;Nouvelle-Aquitaine;60288.509999999995
2016.0;73.0;Savoie;84.0;Auvergne-Rhône-Alpes;9954.16
2016.0;86.0;Vienne;75.0;Nouvelle-Aquitaine;4835.53
2016.0;93.0;Seine-Saint-Denis;11.0;Île-de-France;8734.79
2017.0;21.0;Côte-d'Or;27.0;Bourgogne-Franche-Comté;16866.75
2017.0;2B;Haute-Corse;94.0;Corse;9532.0
2017.0;50.0;Manche;28.0;Normandie;39964.52
2017.0;73.0;Savoie;84.0;Auvergne-Rhône-Alpes;9449.55
2012.0;39.0;Jura;27.0;Bourgogne-Franche-Comté;5745.58
2012.0;59.0;Nord;32.0;Hauts-de-France;141427.5
2012.0;93.0;Seine-Saint-Denis;11.0;Île-de-France;9276.96
2013.0;13.0;Bouches-du-Rhône;93.0;Provence-Alpes-Côte d'Azur;331175.77
2013.0;58.0;Nièvre;27.0;Bourgogne-Franche-Comté;13545.02
2013.0;89.0;Yonne;27.0;Bourgogne-Franche-Comté;21169.88
2013.0;972.0;Martinique;2.0;Martinique;0.0
2014.0;58.0;Nièvre;27.0;Bourgogne-Franche-Comté;20734.64
2014.0;72.0;Sarthe;52.0;Pays de la Loire;107999.59
2014.0;84.0;Vaucluse;93.0;Provence-Alpes-Côte d'Azur;75390.68
2014.0;974.0;La Réunion;4.0;La Réunion;0.0
2015.0;37.0;Indre-et-Loire;24.0;Centre-Val de Loire;143508.08000000002
2015.0;58.0;Nièvre;27.0;Bourgogne-Franche-Comté;22385.37
2015.0;971.0;Guadeloupe;1.0;Guadeloupe;0.0
2016.0;8.0;Ardennes;44.0;Grand Est;8713.48
2016.0;11.0;Aude;76.0;Occitanie;29992.129999999997
2016.0;13.0;Bouches-du-Rhône;93.0;Provence-Alpes-Côte d'Azur;288506.24
2016.0;17.0;Charente-Maritime;75.0;Nouvelle-Aquitaine;97838.04
2016.0;50.0;Manche;28.0;Normandie;38792.84
2016.0;58.0;Nièvre;27.0;Bourgogne-Franche-Comté;28103.82
2016.0;71.0;Saône-et-Loire;27.0;Bourgogne-Franche-Comté;20050.21
2017.0;5.0;Hautes-Alpes;93.0;Provence-Alpes-Côte d'Azur;5711.92
2017.0;9.0;Ariège;76.0;Occitanie;10029.060000000001
2017.0;23.0;Creuse;75.0;Nouvelle-Aquitaine;2039.97
2017.0;34.0;Hérault;76.0;Occitanie;38029.869999999995
2017.0;61.0;Orne;28.0;Normandie;13761.25
2017.0;77.0;Seine-et-Marne;11.0;Île-de-France;52961.3
2017.0;95.0;Val-d'Oise;11.0;Île-de-France;43716.7
2013.0;41.0;Loir-et-Cher;24.0;Centre-Val de Loire;58770.33
2014.0;63.0;Puy-de-Dôme;84.0;Auvergne-Rhône-Alpes;28195.42
2014.0;79.0;Deux-Sèvres;75.0;Nouvelle-Aquitaine;3940.08
2014.0;85.0;Vendée;52.0;Pays de la Loire;116520.21
2015.0;6.0;Alpes-Maritimes;93.0;Provence-Alpes-Côte d'Azur;13673.86
2015.0;36.0;Indre;24.0;Centre-Val de Loire;14810.4
2015.0;41.0;Loir-et-Cher;24.0;Centre-Val de Loire;74398.4
2015.0;94.0;Val-de-Marne;11.0;Île-de-France;8507.67
2016.0;41.0;Loir-et-Cher;24.0;Centre-Val de Loire;64070.3
2016.0;65.0;Hautes-Pyrénées;76.0;Occitanie;25827.17
2016.0;81.0;Tarn;76.0;Occitanie;22132.53
2017.0;973.0;Guyane;3.0;Guyane;1375.0
2012.0;4.0;Alpes-de-Haute-Provence;93.0;Provence-Alpes-Côte d'Azur;13914.73
2012.0;34.0;Hérault;76.0;Occitanie;32867.11
2012.0;46.0;Lot;76.0;Occitanie;7576.92
2012.0;49.0;Maine-et-Loire;52.0;Pays de la Loire;248830.87
2013.0;4.0;Alpes-de-Haute-Provence;93.0;Provence-Alpes-Côte d'Azur;12578.03
2013.0;46.0;Lot;76.0;Occitanie;7296.67
2013.0;56.0;Morbihan;53.0;Bretagne;124169.83
2013.0;67.0;Bas-Rhin;44.0;Grand Est;30726.21
2013.0;88.0;Vosges;44.0;Grand Est;7979.11
2013.0;93.0;Seine-Saint-Denis;11.0;Île-de-France;9780.16
2014.0;2.0;Aisne;32.0;Hauts-de-France;24832.35
2014.0;23.0;Creuse;75.0;Nouvelle-Aquitaine;2242.74
2014.0;2A;Corse-du-Sud;94.0;Corse;0.0
2014.0;68.0;Haut-Rhin;44.0;Grand Est;28795.96
2014.0;89.0;Yonne;27.0;Bourgogne-Franche-Comté;18898.09
2015.0;62.0;Pas-de-Calais;32.0;Hauts-de-France;93377.2
2015.0;65.0;Hautes-Pyrénées;76.0;Occitanie;27321.600000000002
2015.0;76.0;Seine-Maritime;28.0;Normandie;33017.19
2015.0;92.0;Hauts-de-Seine;11.0;Île-de-France;8571.41
2016.0;22.0;Côtes-d'Armor;53.0;Bretagne;480962.07999999996
2016.0;23.0;Creuse;75.0;Nouvelle-Aquitaine;1950.8600000000001
2016.0;68.0;Haut-Rhin;44.0;Grand Est;49047.01
2016.0;95.0;Val-d'Oise;11.0;Île-de-France;54266.07
2017.0;2A;Corse-du-Sud;94.0;Corse;4008.0
2017.0;65.0;Hautes-Pyrénées;76.0;Occitanie;21791.15
2017.0;85.0;Vendée;52.0;Pays de la Loire;130473.68
2012.0;3.0;Allier;84.0;Auvergne-Rhône-Alpes;22439.26
2012.0;15.0;Cantal;84.0;Auvergne-Rhône-Alpes;1747.5900000000001
2012.0;17.0;Charente-Maritime;75.0;Nouvelle-Aquitaine;90542.86
2012.0;25.0;Doubs;27.0;Bourgogne-Franche-Comté;9689.970000000001
2012.0;73.0;Savoie;84.0;Auvergne-Rhône-Alpes;11530.4
2012.0;92.0;Hauts-de-Seine;11.0;Île-de-France;8842.97
2013.0;25.0;Doubs;27.0;Bourgogne-Franche-Comté;10397.09
2013.0;2B;Haute-Corse;94.0;Corse;0.0
2013.0;71.0;Saône-et-Loire;27.0;Bourgogne-Franche-Comté;22248.7
2013.0;72.0;Sarthe;52.0;Pays de la Loire;116394.36
2013.0;92.0;Hauts-de-Seine;11.0;Île-de-France;9811.46
2014.0;5.0;Hautes-Alpes;93.0;Provence-Alpes-Côte d'Azur;7264.66
2014.0;15.0;Cantal;84.0;Auvergne-Rhône-Alpes;1802.8400000000001
2014.0;30.0;Gard;76.0;Occitanie;39515.850000000006
2014.0;35.0;Ille-et-Vilaine;53.0;Bretagne;206331.03999999998
2014.0;43.0;Haute-Loire;84.0;Auvergne-Rhône-Alpes;10662.71
2014.0;65.0;Hautes-Pyrénées;76.0;Occitanie;27022.22
2015.0;1.0;Ain;84.0;Auvergne-Rhône-Alpes;48577.74
2015.0;45.0;Loiret;24.0;Centre-Val de Loire;184557.44
2015.0;59.0;Nord;32.0;Hauts-de-France;129256.34
2015.0;78.0;Yvelines;11.0;Île-de-France;20450.8
2015.0;86.0;Vienne;75.0;Nouvelle-Aquitaine;4772.59
2016.0;26.0;Drôme;84.0;Auvergne-Rhône-Alpes;75414.16
2016.0;51.0;Marne;44.0;Grand Est;64286.95
2016.0;79.0;Deux-Sèvres;75.0;Nouvelle-Aquitaine;64741.23
2017.0;31.0;Haute-Garonne;76.0;Occitanie;27749.96
2017.0;40.0;Landes;75.0;Nouvelle-Aquitaine;157284.29
2017.0;64.0;Pyrénées-Atlantiques;75.0;Nouvelle-Aquitaine;60766.5
2012.0;62.0;Pas-de-Calais;32.0;Hauts-de-France;90010.67
2012.0;76.0;Seine-Maritime;28.0;Normandie;34517.42
2012.0;87.0;Haute-Vienne;75.0;Nouvelle-Aquitaine;6696.52
2013.0;1.0;Ain;84.0;Auvergne-Rhône-Alpes;32234.43
2013.0;54.0;Meurthe-et-Moselle;44.0;Grand Est;24895.8
2013.0;66.0;Pyrénées-Orientales;76.0;Occitanie;152658.71000000002
2013.0;971.0;Guadeloupe;1.0;Guadeloupe;0.0
2015.0;82.0;Tarn-et-Garonne;76.0;Occitanie;30824.57
2016.0;9.0;Ariège;76.0;Occitanie;8445.5
2016.0;28.0;Eure-et-Loir;24.0;Centre-Val de Loire;87136.85
2016.0;2B;Haute-Corse;94.0;Corse;0.0
2016.0;62.0;Pas-de-Calais;32.0;Hauts-de-France;97083.9
2016.0;67.0;Bas-Rhin;44.0;Grand Est;25064.54
2016.0;76.0;Seine-Maritime;28.0;Normandie;34009.75
2016.0;78.0;Yvelines;11.0;Île-de-France;18445.52
2017.0;53.0;Mayenne;52.0;Pays de la Loire;39273.24
2017.0;87.0;Haute-Vienne;75.0;Nouvelle-Aquitaine;5941.07
2017.0;90.0;Territoire de Belfort;27.0;Bourgogne-Franche-Comté;1829.67
2017.0;972.0;Martinique;2.0;Martinique;7265.0
2012.0;16.0;Charente;75.0;Nouvelle-Aquitaine;54009.12
2012.0;26.0;Drôme;84.0;Auvergne-Rhône-Alpes;75147.23000000001
2012.0;30.0;Gard;76.0;Occitanie;42463.22
2012.0;41.0;Loir-et-Cher;24.0;Centre-Val de Loire;52321.39
2012.0;48.0;Lozère;76.0;Occitanie;4637.099999999999
2012.0;66.0;Pyrénées-Orientales;76.0;Occitanie;166441.33000000002
2012.0;80.0;Somme;32.0;Hauts-de-France;46977.59
2012.0;91.0;Essonne;11.0;Île-de-France;31579.690000000002
2013.0;24.0;Dordogne;75.0;Nouvelle-Aquitaine;55076.18
2013.0;27.0;Eure;28.0;Normandie;24445.17
2013.0;45.0;Loiret;24.0;Centre-Val de Loire;167238.45
2013.0;90.0;Territoire de Belfort;27.0;Bourgogne-Franche-Comté;1072.93
2014.0;2B;Haute-Corse;94.0;Corse;0.0
2014.0;71.0;Saône-et-Loire;27.0;Bourgogne-Franche-Comté;17993.4
2014.0;80.0;Somme;32.0;Hauts-de-France;91995.51
2014.0;94.0;Val-de-Marne;11.0;Île-de-France;7495.27
2015.0;21.0;Côte-d'Or;27.0;Bourgogne-Franche-Comté;14776.64
2015.0;46.0;Lot;76.0;Occitanie;7980.04
2015.0;972.0;Martinique;2.0;Martinique;0.0
2016.0;14.0;Calvados;28.0;Normandie;28166.079999999998
2016.0;39.0;Jura;27.0;Bourgogne-Franche-Comté;8007.26
2016.0;69.0;Rhône;84.0;Auvergne-Rhône-Alpes;21165.37
2016.0;976.0;Mayotte;6.0;Mayotte;428.54
2017.0;36.0;Indre;24.0;Centre-Val de Loire;14042.55
2017.0;38.0;Isère;84.0;Auvergne-Rhône-Alpes;29282.67
2017.0;84.0;Vaucluse;93.0;Provence-Alpes-Côte d'Azur;93488.26000000001
2012.0;56.0;Morbihan;53.0;Bretagne;122603.79000000001
2012.0;61.0;Orne;28.0;Normandie;11336.54
2012.0;65.0;Hautes-Pyrénées;76.0;Occitanie;37934.65
2012.0;85.0;Vendée;52.0;Pays de la Loire;146356.91999999998
2013.0;12.0;Aveyron;76.0;Occitanie;15857.050000000001
2017.0;81.0;Tarn;76.0;Occitanie;21927.31
2012.0;78.0;Yvelines;11.0;Île-de-France;20182.72
2012.0;79.0;Deux-Sèvres;75.0;Nouvelle-Aquitaine;5167.11
2012.0;95.0;Val-d'Oise;11.0;Île-de-France;57590.08
2013.0;29.0;Finistère;53.0;Bretagne;715565.13
2013.0;63.0;Puy-de-Dôme;84.0;Auvergne-Rhône-Alpes;30541.41
2013.0;74.0;Haute-Savoie;84.0;Auvergne-Rhône-Alpes;21526.5
2014.0;19.0;Corrèze;75.0;Nouvelle-Aquitaine;3699.07
2014.0;27.0;Eure;28.0;Normandie;20985.54
2014.0;69.0;Rhône;84.0;Auvergne-Rhône-Alpes;16391.1
2014.0;93.0;Seine-Saint-Denis;11.0;Île-de-France;7555.53
2015.0;39.0;Jura;27.0;Bourgogne-Franche-Comté;7560.1
2015.0;40.0;Landes;75.0;Nouvelle-Aquitaine;193556.75
2015.0;66.0;Pyrénées-Orientales;76.0;Occitanie;45761.11
2015.0;95.0;Val-d'Oise;11.0;Île-de-France;49680.43
2016.0;6.0;Alpes-Maritimes;93.0;Provence-Alpes-Côte d'Azur;13537.89
2016.0;75.0;Paris;11.0;Île-de-France;6021.41
2016.0;94.0;Val-de-Marne;11.0;Île-de-France;9799.04
2017.0;2.0;Aisne;32.0;Hauts-de-France;36854.71
2017.0;10.0;Aube;44.0;Grand Est;48914.03
2017.0;12.0;Aveyron;76.0;Occitanie;23498.97
2017.0;19.0;Corrèze;75.0;Nouvelle-Aquitaine;3867.93
2017.0;55.0;Meuse;44.0;Grand Est;61894.06
2013.0;2A;Corse-du-Sud;94.0;Corse;0.0
2013.0;61.0;Orne;28.0;Normandie;12890.26
2013.0;76.0;Seine-Maritime;28.0;Normandie;35322.91
2013.0;86.0;Vienne;75.0;Nouvelle-Aquitaine;4236.98
2014.0;12.0;Aveyron;76.0;Occitanie;20870.29
2014.0;64.0;Pyrénées-Atlantiques;75.0;Nouvelle-Aquitaine;62685.3
2015.0;8.0;Ardennes;44.0;Grand Est;9969.81
2015.0;16.0;Charente;75.0;Nouvelle-Aquitaine;55116.23
2015.0;42.0;Loire;84.0;Auvergne-Rhône-Alpes;11649.48
2015.0;84.0;Vaucluse;93.0;Provence-Alpes-Côte d'Azur;85230.98
2016.0;31.0;Haute-Garonne;76.0;Occitanie;28617.78
2016.0;38.0;Isère;84.0;Auvergne-Rhône-Alpes;26696.719999999998
2012.0;19.0;Corrèze;75.0;Nouvelle-Aquitaine;4270.35
2012.0;55.0;Meuse;44.0;Grand Est;53832.04
2012.0;60.0;Oise;32.0;Hauts-de-France;23699.12
2012.0;82.0;Tarn-et-Garonne;76.0;Occitanie;30380.920000000002
2013.0;39.0;Jura;27.0;Bourgogne-Franche-Comté;6246.32
2014.0;57.0;Moselle;44.0;Grand Est;16054.130000000001
2014.0;95.0;Val-d'Oise;11.0;Île-de-France;45951.63
2016.0;12.0;Aveyron;76.0;Occitanie;19550.46
2016.0;56.0;Morbihan;53.0;Bretagne;128438.52
2016.0;84.0;Vaucluse;93.0;Provence-Alpes-Côte d'Azur;106118.06
2012.0;8.0;Ardennes;44.0;Grand Est;6830.47
2012.0;68.0;Haut-Rhin;44.0;Grand Est;30809.980000000003
2012.0;77.0;Seine-et-Marne;11.0;Île-de-France;51696.69
2013.0;5.0;Hautes-Alpes;93.0;Provence-Alpes-Côte d'Azur;6295.91
2012.0;14.0;Calvados;28.0;Normandie;32212.98
2012.0;64.0;Pyrénées-Atlantiques;75.0;Nouvelle-Aquitaine;71706.47
2013.0;48.0;Lozère;76.0;Occitanie;3874.7000000000003
2013.0;64.0;Pyrénées-Atlantiques;75.0;Nouvelle-Aquitaine;73698.14
2013.0;84.0;Vaucluse;93.0;Provence-Alpes-Côte d'Azur;80607.64
2013.0;95.0;Val-d'Oise;11.0;Île-de-France;58270.7
2014.0;14.0;Calvados;28.0;Normandie;31572.72
2014.0;16.0;Charente;75.0;Nouvelle-Aquitaine;43714.92
2014.0;46.0;Lot;76.0;Occitanie;7251.53
2014.0;88.0;Vosges;44.0;Grand Est;7171.4400000000005
2015.0;11.0;Aude;76.0;Occitanie;26262.65
2015.0;14.0;Calvados;28.0;Normandie;31152.6
2012.0;81.0;Tarn;76.0;Occitanie;20244.01
2013.0;40.0;Landes;75.0;Nouvelle-Aquitaine;206000.66999999998
2013.0;60.0;Oise;32.0;Hauts-de-France;24151.98
2013.0;973.0;Guyane;3.0;Guyane;0.0
2015.0;52.0;Haute-Marne;44.0;Grand Est;15134.72
2015.0;61.0;Orne;28.0;Normandie;12872.32
2015.0;90.0;Territoire de Belfort;27.0;Bourgogne-Franche-Comté;1091.06
2016.0;48.0;Lozère;76.0;Occitanie;2393.36
2017.0;54.0;Meurthe-et-Moselle;44.0;Grand Est;21393.12
2017.0;71.0;Saône-et-Loire;27.0;Bourgogne-Franche-Comté;19430.78
2012.0;50.0;Manche;28.0;Normandie;34638.22
2012.0;57.0;Moselle;44.0;Grand Est;15167.74
2014.0;55.0;Meuse;44.0;Grand Est;49104.83
2014.0;90.0;Territoire de Belfort;27.0;Bourgogne-Franche-Comté;898.96
2016.0;83.0;Var;93.0;Provence-Alpes-Côte d'Azur;59821.8
2017.0;22.0;Côtes-d'Armor;53.0;Bretagne;496592.63
2012.0;12.0;Aveyron;76.0;Occitanie;13444.65
2012.0;54.0;Meurthe-et-Moselle;44.0;Grand Est;24018.61
2012.0;75.0;Paris;11.0;Île-de-France;7634.2
2013.0;2.0;Aisne;32.0;Hauts-de-France;24021.49
2013.0;10.0;Aube;44.0;Grand Est;32678.93
2013.0;15.0;Cantal;84.0;Auvergne-Rhône-Alpes;1843.49
2016.0;971.0;Guadeloupe;1.0;Guadeloupe;0.0
2016.0;974.0;La Réunion;4.0;La Réunion;0.0
2017.0;42.0;Loire;84.0;Auvergne-Rhône-Alpes;12832.95
2017.0;57.0;Moselle;44.0;Grand Est;18862.42
2017.0;94.0;Val-de-Marne;11.0;Île-de-France;9830.72
2017.0;974.0;La Réunion;4.0;La Réunion;18686.0
2017.0;976.0;Mayotte;6.0;Mayotte;423.20000000000005
2013.0;35.0;Ille-et-Vilaine;53.0;Bretagne;218744.33000000002
2013.0;75.0;Paris;11.0;Île-de-France;7933.22
2013.0;82.0;Tarn-et-Garonne;76.0;Occitanie;30321.52
2014.0;33.0;Gironde;75.0;Nouvelle-Aquitaine;189698.51
2014.0;86.0;Vienne;75.0;Nouvelle-Aquitaine;3239.07
2015.0;5.0;Hautes-Alpes;93.0;Provence-Alpes-Côte d'Azur;6448.65
2015.0;9.0;Ariège;76.0;Occitanie;9558.52
2015.0;22.0;Côtes-d'Armor;53.0;Bretagne;442649.3
2015.0;2A;Corse-du-Sud;94.0;Corse;0.0
2015.0;32.0;Gers;76.0;Occitanie;76049.84
2015.0;71.0;Saône-et-Loire;27.0;Bourgogne-Franche-Comté;19334.550000000003
2016.0;1.0;Ain;84.0;Auvergne-Rhône-Alpes;43850.01
2016.0;46.0;Lot;76.0;Occitanie;7927.04
2016.0;60.0;Oise;32.0;Hauts-de-France;24123.07
2016.0;87.0;Haute-Vienne;75.0;Nouvelle-Aquitaine;6240.860000000001
2016.0;92.0;Hauts-de-Seine;11.0;Île-de-France;8435.27
2017.0;33.0;Gironde;75.0;Nouvelle-Aquitaine;199659.33
2017.0;74.0;Haute-Savoie;84.0;Auvergne-Rhône-Alpes;23791.58
2017.0;82.0;Tarn-et-Garonne;76.0;Occitanie;29576.23
2017.0;83.0;Var;93.0;Provence-Alpes-Côte d'Azur;61920.28
2013.0;94.0;Val-de-Marne;11.0;Île-de-France;10783.82
2014.0;1.0;Ain;84.0;Auvergne-Rhône-Alpes;29371.36
2014.0;22.0;Côtes-d'Armor;53.0;Bretagne;406531.54000000004
2014.0;40.0;Landes;75.0;Nouvelle-Aquitaine;180685.90000000002
2014.0;52.0;Haute-Marne;44.0;Grand Est;15818.89
2014.0;74.0;Haute-Savoie;84.0;Auvergne-Rhône-Alpes;18957.16
2014.0;76.0;Seine-Maritime;28.0;Normandie;32793.09
2015.0;12.0;Aveyron;76.0;Occitanie;18765.64
2015.0;44.0;Loire-Atlantique;52.0;Pays de la Loire;217951.69
2016.0;16.0;Charente;75.0;Nouvelle-Aquitaine;59294.01
2016.0;44.0;Loire-Atlantique;52.0;Pays de la Loire;220515.88
2016.0;59.0;Nord;32.0;Hauts-de-France;136862.11
2016.0;63.0;Puy-de-Dôme;84.0;Auvergne-Rhône-Alpes;32049.47
2017.0;43.0;Haute-Loire;84.0;Auvergne-Rhône-Alpes;10987.1
2012.0;5.0;Hautes-Alpes;93.0;Provence-Alpes-Côte d'Azur;6462.15
2012.0;58.0;Nièvre;27.0;Bourgogne-Franche-Comté;12031.28
2013.0;11.0;Aude;76.0;Occitanie;39052.04
2013.0;23.0;Creuse;75.0;Nouvelle-Aquitaine;2317.9700000000003
2013.0;31.0;Haute-Garonne;76.0;Occitanie;30643.86
2013.0;51.0;Marne;44.0;Grand Est;56072.590000000004
2013.0;70.0;Haute-Saône;27.0;Bourgogne-Franche-Comté;5125.42
2014.0;26.0;Drôme;84.0;Auvergne-Rhône-Alpes;71302.67
2014.0;54.0;Meurthe-et-Moselle;44.0;Grand Est;23389.190000000002
2014.0;61.0;Orne;28.0;Normandie;12862.55
2014.0;77.0;Seine-et-Marne;11.0;Île-de-France;56108.020000000004
2014.0;81.0;Tarn;76.0;Occitanie;16872.1
2015.0;30.0;Gard;76.0;Occitanie;40940.67
2015.0;31.0;Haute-Garonne;76.0;Occitanie;26960.46
2015.0;35.0;Ille-et-Vilaine;53.0;Bretagne;265243.22
2015.0;63.0;Puy-de-Dôme;84.0;Auvergne-Rhône-Alpes;29630.75
2015.0;85.0;Vendée;52.0;Pays de la Loire;125834.93
2016.0;27.0;Eure;28.0;Normandie;23803.68
2016.0;35.0;Ille-et-Vilaine;53.0;Bretagne;306963.66000000003
2016.0;66.0;Pyrénées-Orientales;76.0;Occitanie;36773.14
2016.0;77.0;Seine-et-Marne;11.0;Île-de-France;50769.25
2016.0;91.0;Essonne;11.0;Île-de-France;29191.190000000002
2017.0;6.0;Alpes-Maritimes;93.0;Provence-Alpes-Côte d'Azur;14080.18
2017.0;28.0;Eure-et-Loir;24.0;Centre-Val de Loire;92713.08
2017.0;44.0;Loire-Atlantique;52.0;Pays de la Loire;224550.63
2017.0;45.0;Loiret;24.0;Centre-Val de Loire;186909.58000000002
2017.0;89.0;Yonne;27.0;Bourgogne-Franche-Comté;23395.1
2017.0;93.0;Seine-Saint-Denis;11.0;Île-de-France;8925.52
2013.0;44.0;Loire-Atlantique;52.0;Pays de la Loire;236504.02000000002
2014.0;7.0;Ardèche;84.0;Auvergne-Rhône-Alpes;5062.66
2014.0;10.0;Aube;44.0;Grand Est;35698.3
2014.0;18.0;Cher;24.0;Centre-Val de Loire;30562.04
2014.0;24.0;Dordogne;75.0;Nouvelle-Aquitaine;48506.119999999995
2014.0;34.0;Hérault;76.0;Occitanie;32503.81
2014.0;47.0;Lot-et-Garonne;75.0;Nouvelle-Aquitaine;143783.18
2014.0;53.0;Mayenne;52.0;Pays de la Loire;33734.5
2015.0;13.0;Bouches-du-Rhône;93.0;Provence-Alpes-Côte d'Azur;282824.53
2015.0;49.0;Maine-et-Loire;52.0;Pays de la Loire;229255.48
2015.0;69.0;Rhône;84.0;Auvergne-Rhône-Alpes;18959.879999999997
2016.0;5.0;Hautes-Alpes;93.0;Provence-Alpes-Côte d'Azur;6184.17
2016.0;10.0;Aube;44.0;Grand Est;52135.99
2016.0;15.0;Cantal;84.0;Auvergne-Rhône-Alpes;3017.99
2017.0;35.0;Ille-et-Vilaine;53.0;Bretagne;330107.43
2017.0;59.0;Nord;32.0;Hauts-de-France;157153.39
2017.0;60.0;Oise;32.0;Hauts-de-France;26900.51
2017.0;91.0;Essonne;11.0;Île-de-France;29112.58
2012.0;13.0;Bouches-du-Rhône;93.0;Provence-Alpes-Côte d'Azur;345367.23
2012.0;2A;Corse-du-Sud;94.0;Corse;0.0
2012.0;32.0;Gers;76.0;Occitanie;77041.73000000001
2012.0;44.0;Loire-Atlantique;52.0;Pays de la Loire;256380.01
2012.0;53.0;Mayenne;52.0;Pays de la Loire;32140.68
2012.0;69.0;Rhône;84.0;Auvergne-Rhône-Alpes;17820.28
2012.0;972.0;Martinique;2.0;Martinique;0.0
2013.0;17.0;Charente-Maritime;75.0;Nouvelle-Aquitaine;86781.26
2013.0;57.0;Moselle;44.0;Grand Est;16591.39
2013.0;78.0;Yvelines;11.0;Île-de-France;23204.440000000002
2013.0;91.0;Essonne;11.0;Île-de-France;30923.89
2014.0;13.0;Bouches-du-Rhône;93.0;Provence-Alpes-Côte d'Azur;291555.58999999997
2014.0;39.0;Jura;27.0;Bourgogne-Franche-Comté;5831.87
2014.0;50.0;Manche;28.0;Normandie;36590.34
2014.0;51.0;Marne;44.0;Grand Est;52796.75
2014.0;82.0;Tarn-et-Garonne;76.0;Occitanie;30134.710000000003
2015.0;3.0;Allier;84.0;Auvergne-Rhône-Alpes;36900.44
2015.0;26.0;Drôme;84.0;Auvergne-Rhône-Alpes;77237.91
2015.0;47.0;Lot-et-Garonne;75.0;Nouvelle-Aquitaine;164679.59
2015.0;57.0;Moselle;44.0;Grand Est;22746.9
2016.0;29.0;Finistère;53.0;Bretagne;707057.5
2016.0;82.0;Tarn-et-Garonne;76.0;Occitanie;30679.699999999997
2017.0;16.0;Charente;75.0;Nouvelle-Aquitaine;45300.54
2017.0;24.0;Dordogne;75.0;Nouvelle-Aquitaine;51927.020000000004
2017.0;30.0;Gard;76.0;Occitanie;46919.9
2017.0;37.0;Indre-et-Loire;24.0;Centre-Val de Loire;124648.81
2012.0;29.0;Finistère;53.0;Bretagne;727579.08
2013.0;37.0;Indre-et-Loire;24.0;Centre-Val de Loire;147086.03
2013.0;47.0;Lot-et-Garonne;75.0;Nouvelle-Aquitaine;168215.65
2014.0;6.0;Alpes-Maritimes;93.0;Provence-Alpes-Côte d'Azur;3798.63
2014.0;41.0;Loir-et-Cher;24.0;Centre-Val de Loire;50544.52
2014.0;42.0;Loire;84.0;Auvergne-Rhône-Alpes;10985.42
2015.0;50.0;Manche;28.0;Normandie;36799.97
2015.0;73.0;Savoie;84.0;Auvergne-Rhône-Alpes;11495.93
2015.0;93.0;Seine-Saint-Denis;11.0;Île-de-France;7962.59
2017.0;56.0;Morbihan;53.0;Bretagne;126887.49
2017.0;70.0;Haute-Saône;27.0;Bourgogne-Franche-Comté;8626.41
2017.0;75.0;Paris;11.0;Île-de-France;7376.9
2012.0;22.0;Côtes-d'Armor;53.0;Bretagne;424054.06
2012.0;28.0;Eure-et-Loir;24.0;Centre-Val de Loire;65620.3
2013.0;7.0;Ardèche;84.0;Auvergne-Rhône-Alpes;5103.13
2013.0;16.0;Charente;75.0;Nouvelle-Aquitaine;52065.3
2013.0;18.0;Cher;24.0;Centre-Val de Loire;44940.25
2013.0;69.0;Rhône;84.0;Auvergne-Rhône-Alpes;19261.129999999997
2013.0;73.0;Savoie;84.0;Auvergne-Rhône-Alpes;12062.02
2014.0;3.0;Allier;84.0;Auvergne-Rhône-Alpes;18473.07
2014.0;8.0;Ardennes;44.0;Grand Est;8477.949999999999
2014.0;25.0;Doubs;27.0;Bourgogne-Franche-Comté;10134.27
2014.0;78.0;Yvelines;11.0;Île-de-France;18884.129999999997
2014.0;91.0;Essonne;11.0;Île-de-France;26402.120000000003
2014.0;971.0;Guadeloupe;1.0;Guadeloupe;0.0
2015.0;7.0;Ardèche;84.0;Auvergne-Rhône-Alpes;10604.92
2016.0;33.0;Gironde;75.0;Nouvelle-Aquitaine;199919.79
2016.0;37.0;Indre-et-Loire;24.0;Centre-Val de Loire;152674.72999999998
2016.0;90.0;Territoire de Belfort;27.0;Bourgogne-Franche-Comté;1488.56
2017.0;67.0;Bas-Rhin;44.0;Grand Est;48350.96
2012.0;6.0;Alpes-Maritimes;93.0;Provence-Alpes-Côte d'Azur;4728.24
2012.0;21.0;Côte-d'Or;27.0;Bourgogne-Franche-Comté;18540.989999999998
2012.0;37.0;Indre-et-Loire;24.0;Centre-Val de Loire;134858.41
2012.0;70.0;Haute-Saône;27.0;Bourgogne-Franche-Comté;4833.71
2012.0;71.0;Saône-et-Loire;27.0;Bourgogne-Franche-Comté;22055.22
2012.0;90.0;Territoire de Belfort;27.0;Bourgogne-Franche-Comté;1456.38
2012.0;973.0;Guyane;3.0;Guyane;0.0
2013.0;9.0;Ariège;76.0;Occitanie;3718.7599999999998
2013.0;22.0;Côtes-d'Armor;53.0;Bretagne;438101.24
2014.0;9.0;Ariège;76.0;Occitanie;3447.29
2014.0;48.0;Lozère;76.0;Occitanie;2291.43
2014.0;60.0;Oise;32.0;Hauts-de-France;21251.65
2014.0;972.0;Martinique;2.0;Martinique;0.0
2015.0;34.0;Hérault;76.0;Occitanie;35057.93
2015.0;51.0;Marne;44.0;Grand Est;59993.25
2015.0;55.0;Meuse;44.0;Grand Est;60281.56
2015.0;72.0;Sarthe;52.0;Pays de la Loire;120382.05
2016.0;7.0;Ardèche;84.0;Auvergne-Rhône-Alpes;11673.029999999999
2016.0;32.0;Gers;76.0;Occitanie;78380.76000000001
2016.0;52.0;Haute-Marne;44.0;Grand Est;18138.0
2016.0;74.0;Haute-Savoie;84.0;Auvergne-Rhône-Alpes;30483.050000000003
2016.0;85.0;Vendée;52.0;Pays de la Loire;134717.16
2016.0;972.0;Martinique;2.0;Martinique;0.0
2017.0;62.0;Pas-de-Calais;32.0;Hauts-de-France;107002.5
2017.0;72.0;Sarthe;52.0;Pays de la Loire;122220.3
2017.0;76.0;Seine-Maritime;28.0;Normandie;36725.08
2017.0;86.0;Vienne;75.0;Nouvelle-Aquitaine;73266.02
2017.0;971.0;Guadeloupe;1.0;Guadeloupe;3751.0
2012.0;67.0;Bas-Rhin;44.0;Grand Est;10112.92
2012.0;74.0;Haute-Savoie;84.0;Auvergne-Rhône-Alpes;21460.800000000003
2012.0;83.0;Var;93.0;Provence-Alpes-Côte d'Azur;75400.65
2012.0;94.0;Val-de-Marne;11.0;Île-de-France;11006.31
2013.0;3.0;Allier;84.0;Auvergne-Rhône-Alpes;22724.33
2013.0;30.0;Gard;76.0;Occitanie;43800.19
2013.0;38.0;Isère;84.0;Auvergne-Rhône-Alpes;21283.12
2013.0;81.0;Tarn;76.0;Occitanie;19878.699999999997
2014.0;32.0;Gers;76.0;Occitanie;67015.58
2014.0;87.0;Haute-Vienne;75.0;Nouvelle-Aquitaine;5257.1
2015.0;67.0;Bas-Rhin;44.0;Grand Est;27021.84
2015.0;81.0;Tarn;76.0;Occitanie;23995.15
2015.0;973.0;Guyane;3.0;Guyane;0.0
2016.0;2A;Corse-du-Sud;94.0;Corse;0.0
2016.0;54.0;Meurthe-et-Moselle;44.0;Grand Est;18674.27
2017.0;13.0;Bouches-du-Rhône;93.0;Provence-Alpes-Côte d'Azur;283390.4
2017.0;17.0;Charente-Maritime;75.0;Nouvelle-Aquitaine;85281.2
2012.0;1.0;Ain;84.0;Auvergne-Rhône-Alpes;29907.4
2012.0;18.0;Cher;24.0;Centre-Val de Loire;40171.21
2012.0;40.0;Landes;75.0;Nouvelle-Aquitaine;205812.65
2012.0;43.0;Haute-Loire;84.0;Auvergne-Rhône-Alpes;10867.57
2012.0;72.0;Sarthe;52.0;Pays de la Loire;111260.85
2013.0;21.0;Côte-d'Or;27.0;Bourgogne-Franche-Comté;17582.17
2013.0;42.0;Loire;84.0;Auvergne-Rhône-Alpes;11486.98
2013.0;62.0;Pas-de-Calais;32.0;Hauts-de-France;101479.35
2013.0;77.0;Seine-et-Marne;11.0;Île-de-France;58825.630000000005
2014.0;70.0;Haute-Saône;27.0;Bourgogne-Franche-Comté;5155.099999999999
2015.0;24.0;Dordogne;75.0;Nouvelle-Aquitaine;53952.78
2015.0;53.0;Mayenne;52.0;Pays de la Loire;33067.259999999995
2015.0;68.0;Haut-Rhin;44.0;Grand Est;33981.42
2015.0;91.0;Essonne;11.0;Île-de-France;31235.5
2016.0;19.0;Corrèze;75.0;Nouvelle-Aquitaine;3847.25
2016.0;30.0;Gard;76.0;Occitanie;43632.16
2016.0;40.0;Landes;75.0;Nouvelle-Aquitaine;179226.7
2016.0;49.0;Maine-et-Loire;52.0;Pays de la Loire;246271.25
2017.0;7.0;Ardèche;84.0;Auvergne-Rhône-Alpes;12404.36
2017.0;32.0;Gers;76.0;Occitanie;63324.0
2017.0;52.0;Haute-Marne;44.0;Grand Est;15381.380000000001
2017.0;63.0;Puy-de-Dôme;84.0;Auvergne-Rhône-Alpes;33835.91
2017.0;79.0;Deux-Sèvres;75.0;Nouvelle-Aquitaine;64232.81
2017.0;80.0;Somme;32.0;Hauts-de-France;102382.72
2017.0;92.0;Hauts-de-Seine;11.0;Île-de-France;11299.37
2012.0;11.0;Aude;76.0;Occitanie;35342.96
2012.0;24.0;Dordogne;75.0;Nouvelle-Aquitaine;58542.95
2012.0;2B;Haute-Corse;94.0;Corse;0.0
2012.0;31.0;Haute-Garonne;76.0;Occitanie;30655.600000000002
2013.0;32.0;Gers;76.0;Occitanie;84488.18000000001
2014.0;38.0;Isère;84.0;Auvergne-Rhône-Alpes;20760.08
2014.0;45.0;Loiret;24.0;Centre-Val de Loire;127859.68
2014.0;62.0;Pas-de-Calais;32.0;Hauts-de-France;97447.76000000001
2014.0;73.0;Savoie;84.0;Auvergne-Rhône-Alpes;11726.2
2014.0;75.0;Paris;11.0;Île-de-France;6327.45
2015.0;10.0;Aube;44.0;Grand Est;48868.05
2015.0;17.0;Charente-Maritime;75.0;Nouvelle-Aquitaine;91450.88
2015.0;23.0;Creuse;75.0;Nouvelle-Aquitaine;1978.28
2015.0;48.0;Lozère;76.0;Occitanie;2374.5
2015.0;77.0;Seine-et-Marne;11.0;Île-de-France;61989.71
2015.0;83.0;Var;93.0;Provence-Alpes-Côte d'Azur;63563.3
2015.0;87.0;Haute-Vienne;75.0;Nouvelle-Aquitaine;5883.93
2015.0;976.0;Mayotte;6.0;Mayotte;409.7
2016.0;25.0;Doubs;27.0;Bourgogne-Franche-Comté;11481.39
2016.0;45.0;Loiret;24.0;Centre-Val de Loire;189514.62
2016.0;80.0;Somme;32.0;Hauts-de-France;90995.15
2016.0;89.0;Yonne;27.0;Bourgogne-Franche-Comté;22553.09
2017.0;26.0;Drôme;84.0;Auvergne-Rhône-Alpes;75823.65
2017.0;27.0;Eure;28.0;Normandie;27573.97
2017.0;58.0;Nièvre;27.0;Bourgogne-Franche-Comté;29629.0
2017.0;88.0;Vosges;44.0;Grand Est;7839.64
2012.0;2.0;Aisne;32.0;Hauts-de-France;22131.31
2012.0;23.0;Creuse;75.0;Nouvelle-Aquitaine;1890.92
2012.0;27.0;Eure;28.0;Normandie;22630.66
2012.0;42.0;Loire;84.0;Auvergne-Rhône-Alpes;10655.48
2012.0;974.0;La Réunion;4.0;La Réunion;0.0
2013.0;19.0;Corrèze;75.0;Nouvelle-Aquitaine;4270.389999999999
2013.0;34.0;Hérault;76.0;Occitanie;33515.64
2013.0;43.0;Haute-Loire;84.0;Auvergne-Rhône-Alpes;11583.96
2013.0;55.0;Meuse;44.0;Grand Est;54033.99
2013.0;80.0;Somme;32.0;Hauts-de-France;89609.8
2013.0;85.0;Vendée;52.0;Pays de la Loire;143302.68
2014.0;4.0;Alpes-de-Haute-Provence;93.0;Provence-Alpes-Côte d'Azur;13602.539999999999
2014.0;44.0;Loire-Atlantique;52.0;Pays de la Loire;202333.86
2015.0;25.0;Doubs;27.0;Bourgogne-Franche-Comté;10675.44
2015.0;33.0;Gironde;75.0;Nouvelle-Aquitaine;196226.28000000003
2015.0;56.0;Morbihan;53.0;Bretagne;126117.22
2015.0;88.0;Vosges;44.0;Grand Est;8096.26
2016.0;34.0;Hérault;76.0;Occitanie;36483.22
2016.0;70.0;Haute-Saône;27.0;Bourgogne-Franche-Comté;8297.119999999999
2016.0;88.0;Vosges;44.0;Grand Est;8562.15
2017.0;15.0;Cantal;84.0;Auvergne-Rhône-Alpes;3019.37
2017.0;47.0;Lot-et-Garonne;75.0;Nouvelle-Aquitaine;196793.91
2017.0;69.0;Rhône;84.0;Auvergne-Rhône-Alpes;21344.57
2012.0;33.0;Gironde;75.0;Nouvelle-Aquitaine;203458.6
2012.0;36.0;Indre;24.0;Centre-Val de Loire;14316.33
2014.0;59.0;Nord;32.0;Hauts-de-France;130806.09
2014.0;66.0;Pyrénées-Orientales;76.0;Occitanie;136283.55
2014.0;83.0;Var;93.0;Provence-Alpes-Côte d'Azur;59907.04
2014.0;92.0;Hauts-de-Seine;11.0;Île-de-France;8347.89
2015.0;60.0;Oise;32.0;Hauts-de-France;30354.49
2015.0;70.0;Haute-Saône;27.0;Bourgogne-Franche-Comté;4883.4400000000005
2015.0;74.0;Haute-Savoie;84.0;Auvergne-Rhône-Alpes;20488.489999999998
2012.0;52.0;Haute-Marne;44.0;Grand Est;17275.58
2012.0;89.0;Yonne;27.0;Bourgogne-Franche-Comté;19453.809999999998
2013.0;14.0;Calvados;28.0;Normandie;34152.14
2013.0;26.0;Drôme;84.0;Auvergne-Rhône-Alpes;75549.59
2013.0;79.0;Deux-Sèvres;75.0;Nouvelle-Aquitaine;4786.360000000001
2015.0;15.0;Cantal;84.0;Auvergne-Rhône-Alpes;2751.37
2015.0;18.0;Cher;24.0;Centre-Val de Loire;44614.45
2015.0;54.0;Meurthe-et-Moselle;44.0;Grand Est;19900.08
2016.0;2.0;Aisne;32.0;Hauts-de-France;31331.62
2016.0;18.0;Cher;24.0;Centre-Val de Loire;44720.86
2016.0;21.0;Côte-d'Or;27.0;Bourgogne-Franche-Comté;15267.14
2016.0;53.0;Mayenne;52.0;Pays de la Loire;36918.89
2017.0;66.0;Pyrénées-Orientales;76.0;Occitanie;35646.09
2024.0;976.0;Mayotte;6.0;Mayotte;0.0
2020.0;63.0;Puy-de-Dôme;84.0;Auvergne-Rhône-Alpes;59469.43587
2024.0;28.0;Eure-et-Loir;24.0;Centre-Val de Loire;101259.05262
2019.0;29.0;Finistère;53.0;Bretagne;874287.31433
2018.0;31.0;Haute-Garonne;76.0;Occitanie;36929.05511
2024.0;42.0;Loire;84.0;Auvergne-Rhône-Alpes;47111.79815
2021.0;37.0;Indre-et-Loire;24.0;Centre-Val de Loire;304687.37289
2023.0;74.0;Haute-Savoie;84.0;Auvergne-Rhône-Alpes;51620.22837
2022.0;95.0;Val-d'Oise;11.0;Île-de-France;10901.12873
2020.0;93.0;Seine-Saint-Denis;11.0;Île-de-France;2668.19863
2024.0;1.0;Ain;84.0;Auvergne-Rhône-Alpes;67347.99667
2020.0;974.0;La Réunion;4.0;La Réunion;17969.685
2019.0;10.0;Aube;44.0;Grand Est;70752.50376
2023.0;976.0;Mayotte;6.0;Mayotte;1034.831
2018.0;39.0;Jura;27.0;Bourgogne-Franche-Comté;39539.0561
2020.0;52.0;Haute-Marne;44.0;Grand Est;31470.38791
2019.0;28.0;Eure-et-Loir;24.0;Centre-Val de Loire;131464.38588
2020.0;43.0;Haute-Loire;84.0;Auvergne-Rhône-Alpes;44323.89274
2018.0;53.0;Mayenne;52.0;Pays de la Loire;155660.83553
2023.0;30.0;Gard;76.0;Occitanie;59620.32938
2021.0;73.0;Savoie;84.0;Auvergne-Rhône-Alpes;24597.69964
2021.0;8.0;Ardennes;44.0;Grand Est;34492.17579
2021.0;26.0;Drôme;84.0;Auvergne-Rhône-Alpes;101676.7114
2024.0;17.0;Charente-Maritime;75.0;Nouvelle-Aquitaine;124702.74597
2019.0;91.0;Essonne;11.0;Île-de-France;19927.15417
2019.0;86.0;Vienne;75.0;Nouvelle-Aquitaine;87365.22907
2024.0;50.0;Manche;28.0;Normandie;238240.20014
2024.0;53.0;Mayenne;52.0;Pays de la Loire;142058.38025
2021.0;42.0;Loire;84.0;Auvergne-Rhône-Alpes;54677.35635
2023.0;55.0;Meuse;44.0;Grand Est;52028.08144
2022.0;974.0;La Réunion;4.0;La Réunion;30247.192
2018.0;47.0;Lot-et-Garonne;75.0;Nouvelle-Aquitaine;193029.73145
2022.0;56.0;Morbihan;53.0;Bretagne;230376.775
2021.0;18.0;Cher;24.0;Centre-Val de Loire;69000.65051
2022.0;18.0;Cher;24.0;Centre-Val de Loire;67118.53166
2021.0;2A;Corse-du-Sud;94.0;Corse;4370.955
2021.0;81.0;Tarn;76.0;Occitanie;55056.76521
2021.0;3.0;Allier;84.0;Auvergne-Rhône-Alpes;60760.83806
2019.0;32.0;Gers;76.0;Occitanie;96285.74503
2022.0;57.0;Moselle;44.0;Grand Est;47859.63338
2022.0;42.0;Loire;84.0;Auvergne-Rhône-Alpes;52497.75249
2022.0;90.0;Territoire de Belfort;27.0;Bourgogne-Franche-Comté;5786.47116
2022.0;43.0;Haute-Loire;84.0;Auvergne-Rhône-Alpes;59776.91129
2021.0;9.0;Ariège;76.0;Occitanie;9237.66021
2018.0;85.0;Vendée;52.0;Pays de la Loire;234234.74428
2018.0;48.0;Lozère;76.0;Occitanie;17404.51947
2020.0;15.0;Cantal;84.0;Auvergne-Rhône-Alpes;44366.77032
2023.0;59.0;Nord;32.0;Hauts-de-France;211820.47661
2018.0;59.0;Nord;32.0;Hauts-de-France;211919.07196
2022.0;81.0;Tarn;76.0;Occitanie;58139.67795
2019.0;14.0;Calvados;28.0;Normandie;90975.76477
2020.0;72.0;Sarthe;52.0;Pays de la Loire;153290.33496
2019.0;71.0;Saône-et-Loire;27.0;Bourgogne-Franche-Comté;73225.866
2024.0;15.0;Cantal;84.0;Auvergne-Rhône-Alpes;41291.714
2022.0;88.0;Vosges;44.0;Grand Est;40357.54959
2020.0;69.0;Rhône;84.0;Auvergne-Rhône-Alpes;52822.2794
2023.0;4.0;Alpes-de-Haute-Provence;93.0;Provence-Alpes-Côte d'Azur;17653.97391
2022.0;7.0;Ardèche;84.0;Auvergne-Rhône-Alpes;19050.52069
2022.0;1.0;Ain;84.0;Auvergne-Rhône-Alpes;80800.8598
2020.0;16.0;Charente;75.0;Nouvelle-Aquitaine;101473.52851
2023.0;75.0;Paris;11.0;Île-de-France;2941.99611
2018.0;41.0;Loir-et-Cher;24.0;Centre-Val de Loire;87955.7337
2020.0;53.0;Mayenne;52.0;Pays de la Loire;158746.59799
2020.0;91.0;Essonne;11.0;Île-de-France;19910.63037
2020.0;77.0;Seine-et-Marne;11.0;Île-de-France;63321.14997
2018.0;93.0;Seine-Saint-Denis;11.0;Île-de-France;8443.12246
2019.0;973.0;Guyane;3.0;Guyane;434.114
2019.0;93.0;Seine-Saint-Denis;11.0;Île-de-France;8498.797
2020.0;81.0;Tarn;76.0;Occitanie;54727.26465
2021.0;60.0;Oise;32.0;Hauts-de-France;37908.88018
2022.0;51.0;Marne;44.0;Grand Est;113770.73698
2023.0;34.0;Hérault;76.0;Occitanie;57614.17088
2023.0;29.0;Finistère;53.0;Bretagne;714272.12439
2022.0;64.0;Pyrénées-Atlantiques;75.0;Nouvelle-Aquitaine;90913.6579
2019.0;19.0;Corrèze;75.0;Nouvelle-Aquitaine;18490.06271
2018.0;80.0;Somme;32.0;Hauts-de-France;159652.0522
2022.0;49.0;Maine-et-Loire;52.0;Pays de la Loire;328937.57525
2018.0;22.0;Côtes-d'Armor;53.0;Bretagne;656313.40959
2022.0;76.0;Seine-Maritime;28.0;Normandie;101784.60468
2023.0;32.0;Gers;76.0;Occitanie;79400.67489
2019.0;72.0;Sarthe;52.0;Pays de la Loire;192176.94581
2023.0;22.0;Côtes-d'Armor;53.0;Bretagne;537304.57794
2024.0;73.0;Savoie;84.0;Auvergne-Rhône-Alpes;22574.51594
2022.0;4.0;Alpes-de-Haute-Provence;93.0;Provence-Alpes-Côte d'Azur;21864.29001
2019.0;65.0;Hautes-Pyrénées;76.0;Occitanie;31013.07502
2022.0;77.0;Seine-et-Marne;11.0;Île-de-France;74183.55029
2022.0;35.0;Ille-et-Vilaine;53.0;Bretagne;338240.00141
2020.0;76.0;Seine-Maritime;28.0;Normandie;97235.48803
2023.0;44.0;Loire-Atlantique;52.0;Pays de la Loire;301298.85255
2023.0;27.0;Eure;28.0;Normandie;50574.52315
2024.0;83.0;Var;93.0;Provence-Alpes-Côte d'Azur;75119.39335
2019.0;22.0;Côtes-d'Armor;53.0;Bretagne;683100.22204
2022.0;87.0;Haute-Vienne;75.0;Nouvelle-Aquitaine;18578.37869
2024.0;48.0;Lozère;76.0;Occitanie;15752.727
2019.0;69.0;Rhône;84.0;Auvergne-Rhône-Alpes;50393.15017
2023.0;51.0;Marne;44.0;Grand Est;104798.14842
2020.0;87.0;Haute-Vienne;75.0;Nouvelle-Aquitaine;20882.57176
2023.0;49.0;Maine-et-Loire;52.0;Pays de la Loire;297465.45695
2019.0;85.0;Vendée;52.0;Pays de la Loire;226843.7365
2020.0;89.0;Yonne;27.0;Bourgogne-Franche-Comté;47827.29307
2019.0;56.0;Morbihan;53.0;Bretagne;243236.8822
2023.0;73.0;Savoie;84.0;Auvergne-Rhône-Alpes;23135.47173
2019.0;33.0;Gironde;75.0;Nouvelle-Aquitaine;258601.63683
2021.0;62.0;Pas-de-Calais;32.0;Hauts-de-France;191149.49616
2018.0;55.0;Meuse;44.0;Grand Est;98852.07875
2021.0;83.0;Var;93.0;Provence-Alpes-Côte d'Azur;81787.52801
2022.0;17.0;Charente-Maritime;75.0;Nouvelle-Aquitaine;131253.86933
2020.0;50.0;Manche;28.0;Normandie;308031.52488
2023.0;38.0;Isère;84.0;Auvergne-Rhône-Alpes;48311.42223
2022.0;83.0;Var;93.0;Provence-Alpes-Côte d'Azur;80677.78474
2018.0;2B;Haute-Corse;94.0;Corse;11681.304
2019.0;37.0;Indre-et-Loire;24.0;Centre-Val de Loire;322499.61555
2020.0;67.0;Bas-Rhin;44.0;Grand Est;72131.43858
2020.0;47.0;Lot-et-Garonne;75.0;Nouvelle-Aquitaine;223577.31741
2019.0;38.0;Isère;84.0;Auvergne-Rhône-Alpes;53080.72217
2019.0;46.0;Lot;76.0;Occitanie;31857.15879
2018.0;9.0;Ariège;76.0;Occitanie;8265.28964
2023.0;40.0;Landes;75.0;Nouvelle-Aquitaine;165899.59117
2020.0;41.0;Loir-et-Cher;24.0;Centre-Val de Loire;99158.14963
2023.0;39.0;Jura;27.0;Bourgogne-Franche-Comté;33116.32476
2020.0;57.0;Moselle;44.0;Grand Est;94695.62771
2022.0;94.0;Val-de-Marne;11.0;Île-de-France;7733.96717
2021.0;80.0;Somme;32.0;Hauts-de-France;148582.44093
2023.0;26.0;Drôme;84.0;Auvergne-Rhône-Alpes;93605.98258
2020.0;59.0;Nord;32.0;Hauts-de-France;230250.66623
2022.0;73.0;Savoie;84.0;Auvergne-Rhône-Alpes;23799.24372
2024.0;29.0;Finistère;53.0;Bretagne;718929.66102
2024.0;55.0;Meuse;44.0;Grand Est;53759.9135
2024.0;51.0;Marne;44.0;Grand Est;109379.74739
2021.0;46.0;Lot;76.0;Occitanie;30252.54329
2018.0;67.0;Bas-Rhin;44.0;Grand Est;58365.31853
2023.0;92.0;Hauts-de-Seine;11.0;Île-de-France;1643.30288
2024.0;62.0;Pas-de-Calais;32.0;Hauts-de-France;156072.58854
2022.0;13.0;Bouches-du-Rhône;93.0;Provence-Alpes-Côte d'Azur;306509.75445
2018.0;2.0;Aisne;32.0;Hauts-de-France;69273.65708
2019.0;90.0;Territoire de Belfort;27.0;Bourgogne-Franche-Comté;5078.54851
2021.0;48.0;Lozère;76.0;Occitanie;18162.79084
2024.0;5.0;Hautes-Alpes;93.0;Provence-Alpes-Côte d'Azur;10352.20536
2020.0;2A;Corse-du-Sud;94.0;Corse;3462.536
2019.0;34.0;Hérault;76.0;Occitanie;65463.16533
2024.0;14.0;Calvados;28.0;Normandie;83092.64714
2022.0;22.0;Côtes-d'Armor;53.0;Bretagne;598343.16082
2024.0;89.0;Yonne;27.0;Bourgogne-Franche-Comté;41465.55823
2018.0;974.0;La Réunion;4.0;La Réunion;21646.392
2024.0;84.0;Vaucluse;93.0;Provence-Alpes-Côte d'Azur;93301.24854
2022.0;61.0;Orne;28.0;Normandie;89775.30547
2021.0;61.0;Orne;28.0;Normandie;110991.14537
2024.0;57.0;Moselle;44.0;Grand Est;46884.38919
2018.0;46.0;Lot;76.0;Occitanie;31484.85041
2018.0;3.0;Allier;84.0;Auvergne-Rhône-Alpes;65132.04842
2019.0;55.0;Meuse;44.0;Grand Est;93742.30975
2019.0;49.0;Maine-et-Loire;52.0;Pays de la Loire;340221.78566
2022.0;11.0;Aude;76.0;Occitanie;39529.65597
2021.0;47.0;Lot-et-Garonne;75.0;Nouvelle-Aquitaine;254487.94656
2019.0;61.0;Orne;28.0;Normandie;89403.39592
2021.0;75.0;Paris;11.0;Île-de-France;4551.50459
2022.0;30.0;Gard;76.0;Occitanie;65997.01529
2022.0;14.0;Calvados;28.0;Normandie;89608.56925
2019.0;2.0;Aisne;32.0;Hauts-de-France;66724.82305
2020.0;94.0;Val-de-Marne;11.0;Île-de-France;10140.17529
2022.0;34.0;Hérault;76.0;Occitanie;70079.44228
2024.0;52.0;Haute-Marne;44.0;Grand Est;27330.18791
2024.0;76.0;Seine-Maritime;28.0;Normandie;93664.18046
2020.0;42.0;Loire;84.0;Auvergne-Rhône-Alpes;52558.65546
2024.0;971.0;Guadeloupe;1.0;Guadeloupe;4736.655
2019.0;50.0;Manche;28.0;Normandie;178642.85998
2023.0;50.0;Manche;28.0;Normandie;272693.74457
2024.0;94.0;Val-de-Marne;11.0;Île-de-France;8014.7359
2021.0;28.0;Eure-et-Loir;24.0;Centre-Val de Loire;103876.62247
2019.0;52.0;Haute-Marne;44.0;Grand Est;28577.82358
2024.0;27.0;Eure;28.0;Normandie;51603.22942
2021.0;68.0;Haut-Rhin;44.0;Grand Est;80676.33283
2024.0;23.0;Creuse;75.0;Nouvelle-Aquitaine;13432.23
2021.0;23.0;Creuse;75.0;Nouvelle-Aquitaine;17001.64937
2022.0;89.0;Yonne;27.0;Bourgogne-Franche-Comté;46821.46177
2018.0;27.0;Eure;28.0;Normandie;51574.18238
2020.0;44.0;Loire-Atlantique;52.0;Pays de la Loire;296117.47477
2023.0;87.0;Haute-Vienne;75.0;Nouvelle-Aquitaine;17012.20951
2020.0;54.0;Meurthe-et-Moselle;44.0;Grand Est;43386.57193
2019.0;23.0;Creuse;75.0;Nouvelle-Aquitaine;16327.11963
2022.0;5.0;Hautes-Alpes;93.0;Provence-Alpes-Côte d'Azur;11008.10005
2023.0;54.0;Meurthe-et-Moselle;44.0;Grand Est;37501.09029
2023.0;66.0;Pyrénées-Orientales;76.0;Occitanie;59514.18598
2024.0;11.0;Aude;76.0;Occitanie;59633.78978
2018.0;42.0;Loire;84.0;Auvergne-Rhône-Alpes;52000.7919
2019.0;31.0;Haute-Garonne;76.0;Occitanie;39479.16777
2020.0;90.0;Territoire de Belfort;27.0;Bourgogne-Franche-Comté;5466.85167
2024.0;71.0;Saône-et-Loire;27.0;Bourgogne-Franche-Comté;61717.83497
2023.0;17.0;Charente-Maritime;75.0;Nouvelle-Aquitaine;125678.96155
2022.0;52.0;Haute-Marne;44.0;Grand Est;25646.41898
2018.0;70.0;Haute-Saône;27.0;Bourgogne-Franche-Comté;19009.83347
2020.0;95.0;Val-d'Oise;11.0;Île-de-France;14517.5081
2021.0;63.0;Puy-de-Dôme;84.0;Auvergne-Rhône-Alpes;61294.58372
2024.0;2B;Haute-Corse;94.0;Corse;13107.028
2021.0;16.0;Charente;75.0;Nouvelle-Aquitaine;98712.58714
2019.0;95.0;Val-d'Oise;11.0;Île-de-France;14374.85911
2024.0;4.0;Alpes-de-Haute-Provence;93.0;Provence-Alpes-Côte d'Azur;18680.93472
2023.0;8.0;Ardennes;44.0;Grand Est;32553.40714
2018.0;17.0;Charente-Maritime;75.0;Nouvelle-Aquitaine;145212.10615
2021.0;82.0;Tarn-et-Garonne;76.0;Occitanie;55496.98405
2019.0;47.0;Lot-et-Garonne;75.0;Nouvelle-Aquitaine;181287.11954
2021.0;93.0;Seine-Saint-Denis;11.0;Île-de-France;2590.73709
2021.0;29.0;Finistère;53.0;Bretagne;846404.51951
2021.0;14.0;Calvados;28.0;Normandie;94437.77497
2018.0;2A;Corse-du-Sud;94.0;Corse;5731.948
2018.0;4.0;Alpes-de-Haute-Provence;93.0;Provence-Alpes-Côte d'Azur;17281.55833
2019.0;13.0;Bouches-du-Rhône;93.0;Provence-Alpes-Côte d'Azur;316984.47898
2022.0;70.0;Haute-Saône;27.0;Bourgogne-Franche-Comté;29405.35038
2020.0;10.0;Aube;44.0;Grand Est;59854.53124
2024.0;26.0;Drôme;84.0;Auvergne-Rhône-Alpes;89962.64781
2021.0;15.0;Cantal;84.0;Auvergne-Rhône-Alpes;46132.78905
2020.0;58.0;Nièvre;27.0;Bourgogne-Franche-Comté;33025.11065
2019.0;94.0;Val-de-Marne;11.0;Île-de-France;9277.686
2023.0;89.0;Yonne;27.0;Bourgogne-Franche-Comté;43213.94292
2022.0;12.0;Aveyron;76.0;Occitanie;99671.76775
2022.0;15.0;Cantal;84.0;Auvergne-Rhône-Alpes;42129.81928
2024.0;75.0;Paris;11.0;Île-de-France;8703.77806
2020.0;73.0;Savoie;84.0;Auvergne-Rhône-Alpes;23407.06144
2020.0;35.0;Ille-et-Vilaine;53.0;Bretagne;414216.05564
2023.0;69.0;Rhône;84.0;Auvergne-Rhône-Alpes;48573.61833
2023.0;973.0;Guyane;3.0;Guyane;936.817
2022.0;72.0;Sarthe;52.0;Pays de la Loire;146745.54415
2018.0;36.0;Indre;24.0;Centre-Val de Loire;39799.28913
2021.0;71.0;Saône-et-Loire;27.0;Bourgogne-Franche-Comté;73923.07802
2018.0;92.0;Hauts-de-Seine;11.0;Île-de-France;1708.56767
2019.0;4.0;Alpes-de-Haute-Provence;93.0;Provence-Alpes-Côte d'Azur;19156.43569
2024.0;35.0;Ille-et-Vilaine;53.0;Bretagne;318655.78057
2021.0;92.0;Hauts-de-Seine;11.0;Île-de-France;2935.41665
2024.0;63.0;Puy-de-Dôme;84.0;Auvergne-Rhône-Alpes;67342.79596
2022.0;66.0;Pyrénées-Orientales;76.0;Occitanie;60059.01687
2022.0;84.0;Vaucluse;93.0;Provence-Alpes-Côte d'Azur;98026.10286
2018.0;45.0;Loiret;24.0;Centre-Val de Loire;250951.58285
2019.0;35.0;Ille-et-Vilaine;53.0;Bretagne;420999.39217
2020.0;5.0;Hautes-Alpes;93.0;Provence-Alpes-Côte d'Azur;12240.83523
2023.0;80.0;Somme;32.0;Hauts-de-France;134842.06441
2023.0;971.0;Guadeloupe;1.0;Guadeloupe;3649.446
2019.0;976.0;Mayotte;6.0;Mayotte;417.262
2022.0;32.0;Gers;76.0;Occitanie;95838.15495
2018.0;63.0;Puy-de-Dôme;84.0;Auvergne-Rhône-Alpes;54993.03403
2022.0;41.0;Loir-et-Cher;24.0;Centre-Val de Loire;102047.38525
2020.0;49.0;Maine-et-Loire;52.0;Pays de la Loire;332298.9245
2024.0;6.0;Alpes-Maritimes;93.0;Provence-Alpes-Côte d'Azur;5593.42462
2019.0;92.0;Hauts-de-Seine;11.0;Île-de-France;1933.04414
2023.0;76.0;Seine-Maritime;28.0;Normandie;101005.67312
2019.0;60.0;Oise;32.0;Hauts-de-France;44431.17777
2019.0;88.0;Vosges;44.0;Grand Est;36448.5603
2022.0;2.0;Aisne;32.0;Hauts-de-France;73128.21664
2020.0;65.0;Hautes-Pyrénées;76.0;Occitanie;33208.07324
2022.0;46.0;Lot;76.0;Occitanie;29010.53765
2023.0;68.0;Haut-Rhin;44.0;Grand Est;74202.9146
2023.0;2B;Haute-Corse;94.0;Corse;11428.414
2018.0;79.0;Deux-Sèvres;75.0;Nouvelle-Aquitaine;60634.13924
2020.0;71.0;Saône-et-Loire;27.0;Bourgogne-Franche-Comté;73701.78402
2019.0;79.0;Deux-Sèvres;75.0;Nouvelle-Aquitaine;61602.52724
2022.0;33.0;Gironde;75.0;Nouvelle-Aquitaine;271561.47667
2022.0;86.0;Vienne;75.0;Nouvelle-Aquitaine;68606.62686
2021.0;43.0;Haute-Loire;84.0;Auvergne-Rhône-Alpes;44515.10654
2020.0;56.0;Morbihan;53.0;Bretagne;247587.38653
2023.0;86.0;Vienne;75.0;Nouvelle-Aquitaine;71237.28696
2024.0;31.0;Haute-Garonne;76.0;Occitanie;33067.03104
2022.0;39.0;Jura;27.0;Bourgogne-Franche-Comté;33291.97264
2018.0;84.0;Vaucluse;93.0;Provence-Alpes-Côte d'Azur;104873.66002
2020.0;66.0;Pyrénées-Orientales;76.0;Occitanie;50220.836
2024.0;69.0;Rhône;84.0;Auvergne-Rhône-Alpes;47003.18066
2022.0;3.0;Allier;84.0;Auvergne-Rhône-Alpes;60628.93748
2024.0;68.0;Haut-Rhin;44.0;Grand Est;79140.71425
2018.0;973.0;Guyane;3.0;Guyane;1601.152
2022.0;93.0;Seine-Saint-Denis;11.0;Île-de-France;1409.0479
2019.0;89.0;Yonne;27.0;Bourgogne-Franche-Comté;47493.12927
2022.0;9.0;Ariège;76.0;Occitanie;9111.6777
2018.0;65.0;Hautes-Pyrénées;76.0;Occitanie;31380.93454
2019.0;51.0;Marne;44.0;Grand Est;114369.32396
2022.0;48.0;Lozère;76.0;Occitanie;16677.63508
2024.0;7.0;Ardèche;84.0;Auvergne-Rhône-Alpes;15911.52306
2021.0;21.0;Côte-d'Or;27.0;Bourgogne-Franche-Comté;71306.66972
2021.0;72.0;Sarthe;52.0;Pays de la Loire;136213.82639
2023.0;62.0;Pas-de-Calais;32.0;Hauts-de-France;189230.32866
2021.0;53.0;Mayenne;52.0;Pays de la Loire;159485.54732
2020.0;55.0;Meuse;44.0;Grand Est;91621.9255
2023.0;91.0;Essonne;11.0;Île-de-France;13313.78916
2022.0;63.0;Puy-de-Dôme;84.0;Auvergne-Rhône-Alpes;59319.77432
2022.0;74.0;Haute-Savoie;84.0;Auvergne-Rhône-Alpes;52483.51678
2020.0;32.0;Gers;76.0;Occitanie;99820.86593
2019.0;75.0;Paris;11.0;Île-de-France;5513.30496
2023.0;31.0;Haute-Garonne;76.0;Occitanie;28372.26289
2023.0;33.0;Gironde;75.0;Nouvelle-Aquitaine;250619.70034
2022.0;44.0;Loire-Atlantique;52.0;Pays de la Loire;320761.31681
2018.0;77.0;Seine-et-Marne;11.0;Île-de-France;55214.06417
2018.0;43.0;Haute-Loire;84.0;Auvergne-Rhône-Alpes;49009.55773
2021.0;2B;Haute-Corse;94.0;Corse;9707.273
2019.0;68.0;Haut-Rhin;44.0;Grand Est;76455.80651
2023.0;35.0;Ille-et-Vilaine;53.0;Bretagne;317665.18154
2018.0;971.0;Guadeloupe;1.0;Guadeloupe;6187.041
2018.0;81.0;Tarn;76.0;Occitanie;48724.26311
2021.0;85.0;Vendée;52.0;Pays de la Loire;213724.95316
2020.0;971.0;Guadeloupe;1.0;Guadeloupe;3161.496
2018.0;66.0;Pyrénées-Orientales;76.0;Occitanie;46720.43508
2022.0;26.0;Drôme;84.0;Auvergne-Rhône-Alpes;107254.36234
2023.0;71.0;Saône-et-Loire;27.0;Bourgogne-Franche-Comté;59419.85388
2023.0;56.0;Morbihan;53.0;Bretagne;215734.8831
2018.0;25.0;Doubs;27.0;Bourgogne-Franche-Comté;59894.0566
2021.0;32.0;Gers;76.0;Occitanie;87027.1807
2019.0;21.0;Côte-d'Or;27.0;Bourgogne-Franche-Comté;63879.12392
2019.0;25.0;Doubs;27.0;Bourgogne-Franche-Comté;61431.85589
2022.0;6.0;Alpes-Maritimes;93.0;Provence-Alpes-Côte d'Azur;9064.72946
2024.0;37.0;Indre-et-Loire;24.0;Centre-Val de Loire;271162.89409
2019.0;74.0;Haute-Savoie;84.0;Auvergne-Rhône-Alpes;50609.39098
2022.0;27.0;Eure;28.0;Normandie;58310.53073
2020.0;14.0;Calvados;28.0;Normandie;91148.48022
2024.0;9.0;Ariège;76.0;Occitanie;8717.076
2022.0;24.0;Dordogne;75.0;Nouvelle-Aquitaine;70456.17344
2018.0;52.0;Haute-Marne;44.0;Grand Est;29361.05898
2023.0;84.0;Vaucluse;93.0;Provence-Alpes-Côte d'Azur;91934.18976
2024.0;972.0;Martinique;2.0;Martinique;9624.035
2022.0;31.0;Haute-Garonne;76.0;Occitanie;38822.45762
2022.0;62.0;Pas-de-Calais;32.0;Hauts-de-France;170867.56751
2022.0;82.0;Tarn-et-Garonne;76.0;Occitanie;69302.44726
2023.0;93.0;Seine-Saint-Denis;11.0;Île-de-France;914.97717
2021.0;24.0;Dordogne;75.0;Nouvelle-Aquitaine;82329.45915
2023.0;53.0;Mayenne;52.0;Pays de la Loire;142341.71972
2020.0;40.0;Landes;75.0;Nouvelle-Aquitaine;181724.59395
2020.0;60.0;Oise;32.0;Hauts-de-France;48051.19496
2023.0;23.0;Creuse;75.0;Nouvelle-Aquitaine;14439.647
2019.0;971.0;Guadeloupe;1.0;Guadeloupe;3180.407
2018.0;7.0;Ardèche;84.0;Auvergne-Rhône-Alpes;19140.04497
2024.0;33.0;Gironde;75.0;Nouvelle-Aquitaine;255410.33536
2021.0;74.0;Haute-Savoie;84.0;Auvergne-Rhône-Alpes;56436.59129
2021.0;11.0;Aude;76.0;Occitanie;57891.80492
2020.0;61.0;Orne;28.0;Normandie;109420.60732
2019.0;81.0;Tarn;76.0;Occitanie;49311.37138
2019.0;83.0;Var;93.0;Provence-Alpes-Côte d'Azur;84227.58443
2023.0;7.0;Ardèche;84.0;Auvergne-Rhône-Alpes;17310.72787
2020.0;79.0;Deux-Sèvres;75.0;Nouvelle-Aquitaine;112711.36349
2021.0;4.0;Alpes-de-Haute-Provence;93.0;Provence-Alpes-Côte d'Azur;21097.25777
2018.0;56.0;Morbihan;53.0;Bretagne;242930.34563
2021.0;971.0;Guadeloupe;1.0;Guadeloupe;3727.287
2018.0;34.0;Hérault;76.0;Occitanie;92453.54188
2019.0;26.0;Drôme;84.0;Auvergne-Rhône-Alpes;105488.61979
2024.0;40.0;Landes;75.0;Nouvelle-Aquitaine;160965.37749
2020.0;39.0;Jura;27.0;Bourgogne-Franche-Comté;32820.99122
2022.0;21.0;Côte-d'Or;27.0;Bourgogne-Franche-Comté;69588.43595
2021.0;974.0;La Réunion;4.0;La Réunion;19326.907
2020.0;38.0;Isère;84.0;Auvergne-Rhône-Alpes;61810.31144
2019.0;17.0;Charente-Maritime;75.0;Nouvelle-Aquitaine;139494.38018
2024.0;66.0;Pyrénées-Orientales;76.0;Occitanie;54768.0733
2023.0;77.0;Seine-et-Marne;11.0;Île-de-France;62984.51399
2019.0;84.0;Vaucluse;93.0;Provence-Alpes-Côte d'Azur;114265.77479
2023.0;11.0;Aude;76.0;Occitanie;33602.73026
2021.0;58.0;Nièvre;27.0;Bourgogne-Franche-Comté;30951.19548
2021.0;10.0;Aube;44.0;Grand Est;63516.19521
2022.0;36.0;Indre;24.0;Centre-Val de Loire;38122.68438
2018.0;68.0;Haut-Rhin;44.0;Grand Est;72058.30415
2019.0;40.0;Landes;75.0;Nouvelle-Aquitaine;162115.67625
2021.0;45.0;Loiret;24.0;Centre-Val de Loire;221969.78866
2024.0;74.0;Haute-Savoie;84.0;Auvergne-Rhône-Alpes;49823.66604
2021.0;36.0;Indre;24.0;Centre-Val de Loire;40274.22684
2019.0;9.0;Ariège;76.0;Occitanie;7525.0862
2020.0;82.0;Tarn-et-Garonne;76.0;Occitanie;59811.80746
2020.0;976.0;Mayotte;6.0;Mayotte;417.468
2020.0;2.0;Aisne;32.0;Hauts-de-France;69103.90208
2018.0;6.0;Alpes-Maritimes;93.0;Provence-Alpes-Côte d'Azur;14271.87864
2019.0;42.0;Loire;84.0;Auvergne-Rhône-Alpes;51307.47422
2021.0;35.0;Ille-et-Vilaine;53.0;Bretagne;314216.38295
2019.0;15.0;Cantal;84.0;Auvergne-Rhône-Alpes;43829.50313
2021.0;5.0;Hautes-Alpes;93.0;Provence-Alpes-Côte d'Azur;11509.08316
2018.0;57.0;Moselle;44.0;Grand Est;83703.78224
2022.0;75.0;Paris;11.0;Île-de-France;3362.55604
2023.0;65.0;Hautes-Pyrénées;76.0;Occitanie;26576.21524
2018.0;86.0;Vienne;75.0;Nouvelle-Aquitaine;91175.64699
2020.0;74.0;Haute-Savoie;84.0;Auvergne-Rhône-Alpes;47131.45025
2021.0;973.0;Guyane;3.0;Guyane;786.545
2024.0;64.0;Pyrénées-Atlantiques;75.0;Nouvelle-Aquitaine;86121.77094
2023.0;47.0;Lot-et-Garonne;75.0;Nouvelle-Aquitaine;174929.09758
2018.0;49.0;Maine-et-Loire;52.0;Pays de la Loire;336576.36529
2020.0;28.0;Eure-et-Loir;24.0;Centre-Val de Loire;148757.32345
2024.0;46.0;Lot;76.0;Occitanie;25672.19493
2024.0;82.0;Tarn-et-Garonne;76.0;Occitanie;53611.66683
2022.0;71.0;Saône-et-Loire;27.0;Bourgogne-Franche-Comté;65260.27212
2024.0;58.0;Nièvre;27.0;Bourgogne-Franche-Comté;24635.65367
2019.0;44.0;Loire-Atlantique;52.0;Pays de la Loire;427721.9847
2024.0;36.0;Indre;24.0;Centre-Val de Loire;32508.41822
2023.0;972.0;Martinique;2.0;Martinique;10394.102
2024.0;85.0;Vendée;52.0;Pays de la Loire;177093.10869
2024.0;44.0;Loire-Atlantique;52.0;Pays de la Loire;285121.79743
2024.0;88.0;Vosges;44.0;Grand Est;39096.73008
2021.0;38.0;Isère;84.0;Auvergne-Rhône-Alpes;52126.52259
2023.0;37.0;Indre-et-Loire;24.0;Centre-Val de Loire;278449.57576
2023.0;28.0;Eure-et-Loir;24.0;Centre-Val de Loire;92588.89322
2024.0;59.0;Nord;32.0;Hauts-de-France;204027.39712
2022.0;79.0;Deux-Sèvres;75.0;Nouvelle-Aquitaine;108283.14225
2018.0;11.0;Aude;76.0;Occitanie;31447.19019
2019.0;82.0;Tarn-et-Garonne;76.0;Occitanie;58474.63324
2024.0;38.0;Isère;84.0;Auvergne-Rhône-Alpes;46072.69469
2022.0;92.0;Hauts-de-Seine;11.0;Île-de-France;2529.53382
2023.0;974.0;La Réunion;4.0;La Réunion;23080.646
2021.0;79.0;Deux-Sèvres;75.0;Nouvelle-Aquitaine;107301.367
2024.0;54.0;Meurthe-et-Moselle;44.0;Grand Est;36411.71068
2018.0;61.0;Orne;28.0;Normandie;83719.37611
2018.0;40.0;Landes;75.0;Nouvelle-Aquitaine;167361.8099
2018.0;18.0;Cher;24.0;Centre-Val de Loire;69684.53427
2018.0;29.0;Finistère;53.0;Bretagne;840200.4543
2024.0;39.0;Jura;27.0;Bourgogne-Franche-Comté;34612.79448
2021.0;40.0;Landes;75.0;Nouvelle-Aquitaine;151382.8526
2024.0;24.0;Dordogne;75.0;Nouvelle-Aquitaine;69500.79668
2023.0;10.0;Aube;44.0;Grand Est;64736.63452
2019.0;62.0;Pas-de-Calais;32.0;Hauts-de-France;185042.81756
2024.0;2A;Corse-du-Sud;94.0;Corse;5359.085
2018.0;15.0;Cantal;84.0;Auvergne-Rhône-Alpes;43083.71333
2018.0;14.0;Calvados;28.0;Normandie;90577.93459
2018.0;91.0;Essonne;11.0;Île-de-France;18575.14612
2023.0;2A;Corse-du-Sud;94.0;Corse;5011.02
2021.0;7.0;Ardèche;84.0;Auvergne-Rhône-Alpes;18958.41248
2019.0;3.0;Allier;84.0;Auvergne-Rhône-Alpes;68153.0363
2024.0;93.0;Seine-Saint-Denis;11.0;Île-de-France;1083.68246
2023.0;78.0;Yvelines;11.0;Île-de-France;20544.78787
2020.0;2B;Haute-Corse;94.0;Corse;8282.207
2024.0;61.0;Orne;28.0;Normandie;107020.08823
2018.0;12.0;Aveyron;76.0;Occitanie;115805.88754
2021.0;27.0;Eure;28.0;Normandie;57867.51002
2021.0;77.0;Seine-et-Marne;11.0;Île-de-France;71847.33961
2022.0;65.0;Hautes-Pyrénées;76.0;Occitanie;30071.32105
2024.0;92.0;Hauts-de-Seine;11.0;Île-de-France;1286.09903
2018.0;71.0;Saône-et-Loire;27.0;Bourgogne-Franche-Comté;69963.32695
2023.0;61.0;Orne;28.0;Normandie;104235.09134
2020.0;8.0;Ardennes;44.0;Grand Est;34699.67081
2021.0;12.0;Aveyron;76.0;Occitanie;105809.03885
2021.0;30.0;Gard;76.0;Occitanie;70559.00655
2024.0;77.0;Seine-et-Marne;11.0;Île-de-France;57075.76099
2024.0;22.0;Côtes-d'Armor;53.0;Bretagne;490182.47766
2024.0;70.0;Haute-Saône;27.0;Bourgogne-Franche-Comté;27290.32286
2022.0;40.0;Landes;75.0;Nouvelle-Aquitaine;189455.20985
2019.0;12.0;Aveyron;76.0;Occitanie;117700.48877
2024.0;13.0;Bouches-du-Rhône;93.0;Provence-Alpes-Côte d'Azur;245945.07163
2023.0;90.0;Territoire de Belfort;27.0;Bourgogne-Franche-Comté;5278.71732
2019.0;59.0;Nord;32.0;Hauts-de-France;216076.88413
2022.0;85.0;Vendée;52.0;Pays de la Loire;187243.16649
2022.0;60.0;Oise;32.0;Hauts-de-France;47188.3921
2023.0;25.0;Doubs;27.0;Bourgogne-Franche-Comté;62464.34792
2019.0;6.0;Alpes-Maritimes;93.0;Provence-Alpes-Côte d'Azur;14017.66467
2021.0;6.0;Alpes-Maritimes;93.0;Provence-Alpes-Côte d'Azur;14129.62794
2021.0;52.0;Haute-Marne;44.0;Grand Est;32531.753
2023.0;24.0;Dordogne;75.0;Nouvelle-Aquitaine;64042.14761
2024.0;60.0;Oise;32.0;Hauts-de-France;38200.50196
2021.0;13.0;Bouches-du-Rhône;93.0;Provence-Alpes-Côte d'Azur;352755.83666
2024.0;3.0;Allier;84.0;Auvergne-Rhône-Alpes;60151.05164
2024.0;45.0;Loiret;24.0;Centre-Val de Loire;495742.54404
2023.0;41.0;Loir-et-Cher;24.0;Centre-Val de Loire;76964.74715
2018.0;87.0;Haute-Vienne;75.0;Nouvelle-Aquitaine;21300.08502
2019.0;2A;Corse-du-Sud;94.0;Corse;3281.694
2021.0;25.0;Doubs;27.0;Bourgogne-Franche-Comté;66495.26062
2018.0;50.0;Manche;28.0;Normandie;174149.2294
2018.0;75.0;Paris;11.0;Île-de-France;5072.9739
2022.0;971.0;Guadeloupe;1.0;Guadeloupe;8053.453
2018.0;28.0;Eure-et-Loir;24.0;Centre-Val de Loire;120508.08421
2024.0;25.0;Doubs;27.0;Bourgogne-Franche-Comté;66819.88499
2019.0;16.0;Charente;75.0;Nouvelle-Aquitaine;108461.27551
2018.0;38.0;Isère;84.0;Auvergne-Rhône-Alpes;54166.99085
2018.0;83.0;Var;93.0;Provence-Alpes-Côte d'Azur;81346.93342
2023.0;16.0;Charente;75.0;Nouvelle-Aquitaine;99220.67755
2022.0;28.0;Eure-et-Loir;24.0;Centre-Val de Loire;137748.78785
2020.0;21.0;Côte-d'Or;27.0;Bourgogne-Franche-Comté;64766.8364
2020.0;37.0;Indre-et-Loire;24.0;Centre-Val de Loire;317179.34168
2020.0;70.0;Haute-Saône;27.0;Bourgogne-Franche-Comté;20089.17247
2020.0;68.0;Haut-Rhin;44.0;Grand Est;82099.99323
2020.0;27.0;Eure;28.0;Normandie;57095.74105
2023.0;85.0;Vendée;52.0;Pays de la Loire;179962.07477
2019.0;53.0;Mayenne;52.0;Pays de la Loire;155864.28651
2023.0;6.0;Alpes-Maritimes;93.0;Provence-Alpes-Côte d'Azur;6644.11876
2022.0;23.0;Creuse;75.0;Nouvelle-Aquitaine;16081.6996
2018.0;32.0;Gers;76.0;Occitanie;107970.86956
2024.0;19.0;Corrèze;75.0;Nouvelle-Aquitaine;12309.47137
2020.0;3.0;Allier;84.0;Auvergne-Rhône-Alpes;68063.78885
2023.0;42.0;Loire;84.0;Auvergne-Rhône-Alpes;47920.71246
2020.0;31.0;Haute-Garonne;76.0;Occitanie;39053.11224
2019.0;78.0;Yvelines;11.0;Île-de-France;25300.76747
2018.0;33.0;Gironde;75.0;Nouvelle-Aquitaine;250667.16232
2021.0;41.0;Loir-et-Cher;24.0;Centre-Val de Loire;77799.83725
2023.0;52.0;Haute-Marne;44.0;Grand Est;25419.90808
2024.0;78.0;Yvelines;11.0;Île-de-France;19444.65109
2019.0;58.0;Nièvre;27.0;Bourgogne-Franche-Comté;33127.21861
2020.0;22.0;Côtes-d'Armor;53.0;Bretagne;752051.51798
2022.0;59.0;Nord;32.0;Hauts-de-France;228498.90506
2022.0;58.0;Nièvre;27.0;Bourgogne-Franche-Comté;29287.95667
2021.0;39.0;Jura;27.0;Bourgogne-Franche-Comté;36852.57182
2019.0;1.0;Ain;84.0;Auvergne-Rhône-Alpes;71831.56113
2020.0;26.0;Drôme;84.0;Auvergne-Rhône-Alpes;104608.79112
2019.0;2B;Haute-Corse;94.0;Corse;7840.003
2021.0;64.0;Pyrénées-Atlantiques;75.0;Nouvelle-Aquitaine;96511.88096
2021.0;56.0;Morbihan;53.0;Bretagne;244449.65659
2021.0;87.0;Haute-Vienne;75.0;Nouvelle-Aquitaine;22435.20585
2023.0;18.0;Cher;24.0;Centre-Val de Loire;58480.93363
2020.0;13.0;Bouches-du-Rhône;93.0;Provence-Alpes-Côte d'Azur;302129.85786
2018.0;64.0;Pyrénées-Atlantiques;75.0;Nouvelle-Aquitaine;100330.35202
2018.0;35.0;Ille-et-Vilaine;53.0;Bretagne;427347.75269
2020.0;92.0;Hauts-de-Seine;11.0;Île-de-France;3116.97947
2018.0;62.0;Pas-de-Calais;32.0;Hauts-de-France;191682.27639
2018.0;89.0;Yonne;27.0;Bourgogne-Franche-Comté;63806.26119
2020.0;83.0;Var;93.0;Provence-Alpes-Côte d'Azur;78782.45978
2020.0;9.0;Ariège;76.0;Occitanie;8785.37481
2022.0;45.0;Loiret;24.0;Centre-Val de Loire;235480.15729
2023.0;21.0;Côte-d'Or;27.0;Bourgogne-Franche-Comté;65970.50043
2019.0;41.0;Loir-et-Cher;24.0;Centre-Val de Loire;92480.49946
2018.0;37.0;Indre-et-Loire;24.0;Centre-Val de Loire;289228.85277
2018.0;74.0;Haute-Savoie;84.0;Auvergne-Rhône-Alpes;52362.28725
2024.0;47.0;Lot-et-Garonne;75.0;Nouvelle-Aquitaine;152225.07563
2019.0;45.0;Loiret;24.0;Centre-Val de Loire;275325.87468
2021.0;19.0;Corrèze;75.0;Nouvelle-Aquitaine;16771.1058
2020.0;85.0;Vendée;52.0;Pays de la Loire;217782.90417
2023.0;15.0;Cantal;84.0;Auvergne-Rhône-Alpes;40772.508
2020.0;34.0;Hérault;76.0;Occitanie;64058.882
2024.0;8.0;Ardennes;44.0;Grand Est;33262.11475
2021.0;31.0;Haute-Garonne;76.0;Occitanie;37634.69245
2019.0;36.0;Indre;24.0;Centre-Val de Loire;40696.39566
2019.0;76.0;Seine-Maritime;28.0;Normandie;89411.17227
2024.0;86.0;Vienne;75.0;Nouvelle-Aquitaine;63608.1977
2018.0;72.0;Sarthe;52.0;Pays de la Loire;186180.29557
2024.0;43.0;Haute-Loire;84.0;Auvergne-Rhône-Alpes;49894.54405
2021.0;57.0;Moselle;44.0;Grand Est;53483.27687
2023.0;46.0;Lot;76.0;Occitanie;26919.57846
2020.0;30.0;Gard;76.0;Occitanie;63609.068
2020.0;19.0;Corrèze;75.0;Nouvelle-Aquitaine;17104.22356
2022.0;973.0;Guyane;3.0;Guyane;3977.109
2020.0;973.0;Guyane;3.0;Guyane;487.815
2019.0;63.0;Puy-de-Dôme;84.0;Auvergne-Rhône-Alpes;56912.09011
2023.0;36.0;Indre;24.0;Centre-Val de Loire;34401.86992
2018.0;21.0;Côte-d'Or;27.0;Bourgogne-Franche-Comté;62215.0499
2023.0;43.0;Haute-Loire;84.0;Auvergne-Rhône-Alpes;58535.39551
2021.0;90.0;Territoire de Belfort;27.0;Bourgogne-Franche-Comté;5444.94616
2021.0;95.0;Val-d'Oise;11.0;Île-de-France;13361.3148
2019.0;974.0;La Réunion;4.0;La Réunion;17184.364
2018.0;60.0;Oise;32.0;Hauts-de-France;45552.72608
2021.0;70.0;Haute-Saône;27.0;Bourgogne-Franche-Comté;30159.65103
2023.0;19.0;Corrèze;75.0;Nouvelle-Aquitaine;13865.42049
2019.0;67.0;Bas-Rhin;44.0;Grand Est;58605.44241
2024.0;21.0;Côte-d'Or;27.0;Bourgogne-Franche-Comté;65791.32336
2018.0;24.0;Dordogne;75.0;Nouvelle-Aquitaine;81614.87282
2021.0;2.0;Aisne;32.0;Hauts-de-France;71809.51831
2018.0;54.0;Meurthe-et-Moselle;44.0;Grand Est;37775.9995
2020.0;972.0;Martinique;2.0;Martinique;9614.881
2022.0;37.0;Indre-et-Loire;24.0;Centre-Val de Loire;276495.54456
2024.0;973.0;Guyane;3.0;Guyane;808.135
2021.0;1.0;Ain;84.0;Auvergne-Rhône-Alpes;73707.64862
2020.0;48.0;Lozère;76.0;Occitanie;17719.57067
2018.0;1.0;Ain;84.0;Auvergne-Rhône-Alpes;72156.386
2020.0;51.0;Marne;44.0;Grand Est;116230.61976
2018.0;23.0;Creuse;75.0;Nouvelle-Aquitaine;16468.06031
2019.0;27.0;Eure;28.0;Normandie;52736.01054
2024.0;32.0;Gers;76.0;Occitanie;78906.42263
2020.0;80.0;Somme;32.0;Hauts-de-France;180479.52223
2019.0;18.0;Cher;24.0;Centre-Val de Loire;67906.32108
2020.0;7.0;Ardèche;84.0;Auvergne-Rhône-Alpes;19747.64703
2023.0;12.0;Aveyron;76.0;Occitanie;95520.72654
2023.0;60.0;Oise;32.0;Hauts-de-France;38669.62619
2023.0;72.0;Sarthe;52.0;Pays de la Loire;125560.98261
2022.0;47.0;Lot-et-Garonne;75.0;Nouvelle-Aquitaine;184371.45105
2023.0;58.0;Nièvre;27.0;Bourgogne-Franche-Comté;25775.39738
2019.0;43.0;Haute-Loire;84.0;Auvergne-Rhône-Alpes;50457.29125
2021.0;34.0;Hérault;76.0;Occitanie;65297.40413
2024.0;79.0;Deux-Sèvres;75.0;Nouvelle-Aquitaine;103237.94347
2023.0;13.0;Bouches-du-Rhône;93.0;Provence-Alpes-Côte d'Azur;271171.58633
2020.0;29.0;Finistère;53.0;Bretagne;805436.4245
2021.0;76.0;Seine-Maritime;28.0;Normandie;97874.96359
2020.0;12.0;Aveyron;76.0;Occitanie;104437.04529
2020.0;46.0;Lot;76.0;Occitanie;30734.3975
2020.0;23.0;Creuse;75.0;Nouvelle-Aquitaine;15796.57361
2021.0;86.0;Vienne;75.0;Nouvelle-Aquitaine;72699.22157
2018.0;13.0;Bouches-du-Rhône;93.0;Provence-Alpes-Côte d'Azur;313749.24385
2021.0;49.0;Maine-et-Loire;52.0;Pays de la Loire;339502.1452
2019.0;7.0;Ardèche;84.0;Auvergne-Rhône-Alpes;19941.34769
2023.0;83.0;Var;93.0;Provence-Alpes-Côte d'Azur;75582.39656
2020.0;33.0;Gironde;75.0;Nouvelle-Aquitaine;273798.60446
2022.0;2B;Haute-Corse;94.0;Corse;15478.376
2024.0;81.0;Tarn;76.0;Occitanie;50659.72751
2024.0;56.0;Morbihan;53.0;Bretagne;215649.94271
2018.0;10.0;Aube;44.0;Grand Est;73336.95878
2024.0;16.0;Charente;75.0;Nouvelle-Aquitaine;96149.97424
2024.0;34.0;Hérault;76.0;Occitanie;50980.07761
2019.0;24.0;Dordogne;75.0;Nouvelle-Aquitaine;77222.599
2018.0;58.0;Nièvre;27.0;Bourgogne-Franche-Comté;30704.89681
2024.0;49.0;Maine-et-Loire;52.0;Pays de la Loire;288007.14251
2022.0;19.0;Corrèze;75.0;Nouvelle-Aquitaine;15104.58248
2023.0;57.0;Moselle;44.0;Grand Est;49007.23476
2021.0;972.0;Martinique;2.0;Martinique;9626.799
2022.0;78.0;Yvelines;11.0;Île-de-France;21647.42663
2022.0;8.0;Ardennes;44.0;Grand Est;34405.96666
2022.0;69.0;Rhône;84.0;Auvergne-Rhône-Alpes;52490.44009
2021.0;65.0;Hautes-Pyrénées;76.0;Occitanie;29689.65505
2023.0;67.0;Bas-Rhin;44.0;Grand Est;81343.74969
2022.0;55.0;Meuse;44.0;Grand Est;42378.09083
2022.0;68.0;Haut-Rhin;44.0;Grand Est;165394.79686
2022.0;972.0;Martinique;2.0;Martinique;12426.515
2021.0;88.0;Vosges;44.0;Grand Est;41933.64809
2018.0;82.0;Tarn-et-Garonne;76.0;Occitanie;55169.83787
2020.0;24.0;Dordogne;75.0;Nouvelle-Aquitaine;83857.99744
2024.0;974.0;La Réunion;4.0;La Réunion;22956.458
2024.0;80.0;Somme;32.0;Hauts-de-France;135206.36548
2022.0;50.0;Manche;28.0;Normandie;276214.33883
2023.0;81.0;Tarn;76.0;Occitanie;53208.90819
2021.0;69.0;Rhône;84.0;Auvergne-Rhône-Alpes;54692.91618
2018.0;69.0;Rhône;84.0;Auvergne-Rhône-Alpes;49911.18356
2020.0;64.0;Pyrénées-Atlantiques;75.0;Nouvelle-Aquitaine;94102.22661
2023.0;45.0;Loiret;24.0;Centre-Val de Loire;175014.03723
2022.0;80.0;Somme;32.0;Hauts-de-France;159840.48379
2019.0;73.0;Savoie;84.0;Auvergne-Rhône-Alpes;22445.57544
2020.0;17.0;Charente-Maritime;75.0;Nouvelle-Aquitaine;145156.01947
2021.0;91.0;Essonne;11.0;Île-de-France;19371.21725
2024.0;41.0;Loir-et-Cher;24.0;Centre-Val de Loire;68717.80969
2023.0;48.0;Lozère;76.0;Occitanie;16127.096
2018.0;972.0;Martinique;2.0;Martinique;10402.275
2020.0;6.0;Alpes-Maritimes;93.0;Provence-Alpes-Côte d'Azur;15285.38577
2023.0;82.0;Tarn-et-Garonne;76.0;Occitanie;55377.60053
2024.0;12.0;Aveyron;76.0;Occitanie;93734.81045
2018.0;95.0;Val-d'Oise;11.0;Île-de-France;14330.94142
2020.0;11.0;Aude;76.0;Occitanie;38861.076
2023.0;3.0;Allier;84.0;Auvergne-Rhône-Alpes;55838.17094
2020.0;45.0;Loiret;24.0;Centre-Val de Loire;268595.26601
2021.0;84.0;Vaucluse;93.0;Provence-Alpes-Côte d'Azur;108005.21243
2019.0;57.0;Moselle;44.0;Grand Est;48608.38904
2023.0;63.0;Puy-de-Dôme;84.0;Auvergne-Rhône-Alpes;52496.49055
2021.0;67.0;Bas-Rhin;44.0;Grand Est;72038.88565
2018.0;88.0;Vosges;44.0;Grand Est;35442.48723
2022.0;16.0;Charente;75.0;Nouvelle-Aquitaine;110145.7096
2019.0;54.0;Meurthe-et-Moselle;44.0;Grand Est;40579.85561
2019.0;80.0;Somme;32.0;Hauts-de-France;149678.63601
2024.0;2.0;Aisne;32.0;Hauts-de-France;76133.62428
2018.0;44.0;Loire-Atlantique;52.0;Pays de la Loire;418423.71159
2022.0;2A;Corse-du-Sud;94.0;Corse;8200.404
2024.0;18.0;Cher;24.0;Centre-Val de Loire;58683.0386
2018.0;73.0;Savoie;84.0;Auvergne-Rhône-Alpes;20164.77227
2023.0;64.0;Pyrénées-Atlantiques;75.0;Nouvelle-Aquitaine;85075.82398
2021.0;94.0;Val-de-Marne;11.0;Île-de-France;10337.25642
2019.0;66.0;Pyrénées-Orientales;76.0;Occitanie;56953.93976
2020.0;1.0;Ain;84.0;Auvergne-Rhône-Alpes;74530.52926
2022.0;54.0;Meurthe-et-Moselle;44.0;Grand Est;39115.13422
2020.0;78.0;Yvelines;11.0;Île-de-France;20018.01894
2023.0;9.0;Ariège;76.0;Occitanie;6729.646
2019.0;11.0;Aude;76.0;Occitanie;33614.22331
2023.0;70.0;Haute-Saône;27.0;Bourgogne-Franche-Comté;26448.99965
2022.0;67.0;Bas-Rhin;44.0;Grand Est;73954.72736
2021.0;89.0;Yonne;27.0;Bourgogne-Franche-Comté;49670.34426
2022.0;38.0;Isère;84.0;Auvergne-Rhône-Alpes;55584.42427
2020.0;62.0;Pas-de-Calais;32.0;Hauts-de-France;191691.32541
2018.0;8.0;Ardennes;44.0;Grand Est;48829.01939
2022.0;29.0;Finistère;53.0;Bretagne;773306.60535
2020.0;88.0;Vosges;44.0;Grand Est;39361.91219
2021.0;17.0;Charente-Maritime;75.0;Nouvelle-Aquitaine;138046.4349
2021.0;55.0;Meuse;44.0;Grand Est;102714.90116
2022.0;10.0;Aube;44.0;Grand Est;74802.29396
2022.0;53.0;Mayenne;52.0;Pays de la Loire;149172.03751
2019.0;77.0;Seine-et-Marne;11.0;Île-de-France;55148.73126
2019.0;5.0;Hautes-Alpes;93.0;Provence-Alpes-Côte d'Azur;12262.32338
2024.0;90.0;Territoire de Belfort;27.0;Bourgogne-Franche-Comté;5240.53146
2019.0;39.0;Jura;27.0;Bourgogne-Franche-Comté;31982.34061
2019.0;8.0;Ardennes;44.0;Grand Est;33452.69379
2021.0;66.0;Pyrénées-Orientales;76.0;Occitanie;59904.73301
2018.0;5.0;Hautes-Alpes;93.0;Provence-Alpes-Côte d'Azur;10917.34288
2018.0;76.0;Seine-Maritime;28.0;Normandie;104867.95474
2018.0;976.0;Mayotte;6.0;Mayotte;399.934
2023.0;88.0;Vosges;44.0;Grand Est;45595.81363
2018.0;78.0;Yvelines;11.0;Île-de-France;25649.5387
2018.0;94.0;Val-de-Marne;11.0;Île-de-France;9306.24504
2024.0;87.0;Haute-Vienne;75.0;Nouvelle-Aquitaine;16299.58445
2019.0;972.0;Martinique;2.0;Martinique;9373.046
2019.0;30.0;Gard;76.0;Occitanie;68265.27943
2023.0;95.0;Val-d'Oise;11.0;Île-de-France;9151.71463
2023.0;14.0;Calvados;28.0;Normandie;83075.54635
2020.0;36.0;Indre;24.0;Centre-Val de Loire;41107.18909
2018.0;19.0;Corrèze;75.0;Nouvelle-Aquitaine;17844.98768
2020.0;75.0;Paris;11.0;Île-de-France;4825.02608
2021.0;976.0;Mayotte;6.0;Mayotte;207.976
2020.0;84.0;Vaucluse;93.0;Provence-Alpes-Côte d'Azur;104523.73334
2019.0;70.0;Haute-Saône;27.0;Bourgogne-Franche-Comté;18738.11916
2024.0;30.0;Gard;76.0;Occitanie;57778.03654
2023.0;79.0;Deux-Sèvres;75.0;Nouvelle-Aquitaine;103020.95076
2023.0;94.0;Val-de-Marne;11.0;Île-de-France;8220.9991
2024.0;72.0;Sarthe;52.0;Pays de la Loire;117190.97312
2019.0;64.0;Pyrénées-Atlantiques;75.0;Nouvelle-Aquitaine;101700.42907
2018.0;90.0;Territoire de Belfort;27.0;Bourgogne-Franche-Comté;4663.37582
2020.0;4.0;Alpes-de-Haute-Provence;93.0;Provence-Alpes-Côte d'Azur;20190.88226
2024.0;95.0;Val-d'Oise;11.0;Île-de-France;9246.03267
2020.0;25.0;Doubs;27.0;Bourgogne-Franche-Comté;61850.31075
2021.0;22.0;Côtes-d'Armor;53.0;Bretagne;596049.26546
2018.0;30.0;Gard;76.0;Occitanie;65536.32114
2018.0;51.0;Marne;44.0;Grand Est;113390.60435
2021.0;59.0;Nord;32.0;Hauts-de-France;232874.86714
2018.0;26.0;Drôme;84.0;Auvergne-Rhône-Alpes;104669.01021
2020.0;86.0;Vienne;75.0;Nouvelle-Aquitaine;86938.57451
2024.0;91.0;Essonne;11.0;Île-de-France;13499.41308
2020.0;18.0;Cher;24.0;Centre-Val de Loire;71274.26423
2018.0;16.0;Charente;75.0;Nouvelle-Aquitaine;96367.20195
2021.0;44.0;Loire-Atlantique;52.0;Pays de la Loire;338117.44584
2021.0;78.0;Yvelines;11.0;Île-de-France;21156.14442
2024.0;65.0;Hautes-Pyrénées;76.0;Occitanie;29789.69315
2021.0;33.0;Gironde;75.0;Nouvelle-Aquitaine;275310.85333
2021.0;50.0;Manche;28.0;Normandie;295782.51032
2023.0;5.0;Hautes-Alpes;93.0;Provence-Alpes-Côte d'Azur;9735.17158
2024.0;10.0;Aube;44.0;Grand Est;59239.72553
2019.0;87.0;Haute-Vienne;75.0;Nouvelle-Aquitaine;21355.61716
2023.0;1.0;Ain;84.0;Auvergne-Rhône-Alpes;75218.54972
2023.0;2.0;Aisne;32.0;Hauts-de-France;64363.87706
2021.0;51.0;Marne;44.0;Grand Est;119432.07444
2022.0;25.0;Doubs;27.0;Bourgogne-Franche-Comté;63824.60832
2022.0;91.0;Essonne;11.0;Île-de-France;17456.0247
2021.0;54.0;Meurthe-et-Moselle;44.0;Grand Est;51791.09772
2024.0;67.0;Bas-Rhin;44.0;Grand Est;77211.77597
2019.0;48.0;Lozère;76.0;Occitanie;18444.39444
2022.0;976.0;Mayotte;6.0;Mayotte;0.0
