Année;Code département;Libellé département;Code région;Libellé région;Consommation gaz autre (MWh)
2012.0;9.0;Ariège;76.0;Occitanie;0.0
2012.0;10.0;Aube;44.0;Grand Est;98313.0
2012.0;38.0;Isère;84.0;Auvergne-Rhône-Alpes;66499.0
2012.0;84.0;Vaucluse;93.0;Provence-Alpes-Côte d'Azur;13222.0
2012.0;88.0;Vosges;44.0;Grand Est;100367.0
2013.0;36.0;Indre;24.0;Centre-Val de Loire;1315.0
2013.0;68.0;Haut-Rhin;44.0;Grand Est;93618.0
2014.0;11.0;Aude;76.0;Occitanie;6737.0
2014.0;21.0;Côte-d'Or;27.0;Bourgogne-Franche-Comté;27879.0
2014.0;29.0;Finistère;53.0;Bretagne;6771.0
2014.0;36.0;Indre;24.0;Centre-Val de Loire;1785.0
2015.0;29.0;Finistère;53.0;Bretagne;9214.0
2015.0;2B;Haute-Corse;94.0;Corse;0.0
2015.0;75.0;Paris;11.0;Île-de-France;247247.0
2016.0;3.0;Allier;84.0;Auvergne-Rhône-Alpes;9647.0
2016.0;42.0;Loire;84.0;Auvergne-Rhône-Alpes;53637.0
2016.0;57.0;Moselle;44.0;Grand Est;99464.0
2016.0;72.0;Sarthe;52.0;Pays de la Loire;21580.0
2016.0;973.0;Guyane;3.0;Guyane;0.0
2017.0;3.0;Allier;84.0;Auvergne-Rhône-Alpes;17868.0
2017.0;4.0;Alpes-de-Haute-Provence;93.0;Provence-Alpes-Côte d'Azur;1433.0
2017.0;8.0;Ardennes;44.0;Grand Est;62000.0
2017.0;11.0;Aude;76.0;Occitanie;8147.0
2017.0;18.0;Cher;24.0;Centre-Val de Loire;9532.0
2017.0;41.0;Loir-et-Cher;24.0;Centre-Val de Loire;10750.0
2017.0;46.0;Lot;76.0;Occitanie;783.0
2017.0;48.0;Lozère;76.0;Occitanie;0.0
2017.0;49.0;Maine-et-Loire;52.0;Pays de la Loire;30157.260000000002
2012.0;35.0;Ille-et-Vilaine;53.0;Bretagne;14687.0
2012.0;45.0;Loiret;24.0;Centre-Val de Loire;8904.0
2012.0;47.0;Lot-et-Garonne;75.0;Nouvelle-Aquitaine;3364.0
2012.0;971.0;Guadeloupe;1.0;Guadeloupe;0.0
2013.0;6.0;Alpes-Maritimes;93.0;Provence-Alpes-Côte d'Azur;0.0
2013.0;8.0;Ardennes;44.0;Grand Est;0.0
2013.0;33.0;Gironde;75.0;Nouvelle-Aquitaine;7680.33
2013.0;50.0;Manche;28.0;Normandie;13394.0
2013.0;52.0;Haute-Marne;44.0;Grand Est;1613.0
2013.0;59.0;Nord;32.0;Hauts-de-France;276827.0
2013.0;83.0;Var;93.0;Provence-Alpes-Côte d'Azur;11395.0
2014.0;28.0;Eure-et-Loir;24.0;Centre-Val de Loire;13617.0
2014.0;56.0;Morbihan;53.0;Bretagne;8328.0
2015.0;2.0;Aisne;32.0;Hauts-de-France;61828.0
2015.0;28.0;Eure-et-Loir;24.0;Centre-Val de Loire;18866.9
2015.0;38.0;Isère;84.0;Auvergne-Rhône-Alpes;64799.0
2015.0;64.0;Pyrénées-Atlantiques;75.0;Nouvelle-Aquitaine;5658.0
2015.0;974.0;La Réunion;4.0;La Réunion;0.0
2016.0;4.0;Alpes-de-Haute-Provence;93.0;Provence-Alpes-Côte d'Azur;1481.0
2016.0;43.0;Haute-Loire;84.0;Auvergne-Rhône-Alpes;1956.0
2016.0;47.0;Lot-et-Garonne;75.0;Nouvelle-Aquitaine;5580.0
2016.0;55.0;Meuse;44.0;Grand Est;8837.0
2016.0;61.0;Orne;28.0;Normandie;31447.0
2017.0;1.0;Ain;84.0;Auvergne-Rhône-Alpes;24588.0
2017.0;14.0;Calvados;28.0;Normandie;20749.0
2017.0;29.0;Finistère;53.0;Bretagne;68112.0
2017.0;51.0;Marne;44.0;Grand Est;39259.0
2017.0;68.0;Haut-Rhin;44.0;Grand Est;74895.62
2012.0;86.0;Vienne;75.0;Nouvelle-Aquitaine;2682.0
2013.0;65.0;Hautes-Pyrénées;76.0;Occitanie;3609.0
2013.0;974.0;La Réunion;4.0;La Réunion;0.0
2014.0;31.0;Haute-Garonne;76.0;Occitanie;21477.0
2015.0;89.0;Yonne;27.0;Bourgogne-Franche-Comté;6561.0
2016.0;36.0;Indre;24.0;Centre-Val de Loire;8408.17
2017.0;25.0;Doubs;27.0;Bourgogne-Franche-Comté;61100.0
2017.0;39.0;Jura;27.0;Bourgogne-Franche-Comté;9716.0
2017.0;78.0;Yvelines;11.0;Île-de-France;225988.0
2012.0;7.0;Ardèche;84.0;Auvergne-Rhône-Alpes;0.0
2012.0;51.0;Marne;44.0;Grand Est;25899.0
2012.0;63.0;Puy-de-Dôme;84.0;Auvergne-Rhône-Alpes;736.0
2013.0;49.0;Maine-et-Loire;52.0;Pays de la Loire;16856.0
2014.0;17.0;Charente-Maritime;75.0;Nouvelle-Aquitaine;27560.0
2014.0;37.0;Indre-et-Loire;24.0;Centre-Val de Loire;25298.0
2014.0;67.0;Bas-Rhin;44.0;Grand Est;16971.0
2015.0;19.0;Corrèze;75.0;Nouvelle-Aquitaine;973.0
2015.0;43.0;Haute-Loire;84.0;Auvergne-Rhône-Alpes;2082.0
2013.0;28.0;Eure-et-Loir;24.0;Centre-Val de Loire;9162.0
2013.0;53.0;Mayenne;52.0;Pays de la Loire;4137.0
2013.0;87.0;Haute-Vienne;75.0;Nouvelle-Aquitaine;3240.0
2014.0;49.0;Maine-et-Loire;52.0;Pays de la Loire;17012.0
2014.0;973.0;Guyane;3.0;Guyane;0.0
2015.0;4.0;Alpes-de-Haute-Provence;93.0;Provence-Alpes-Côte d'Azur;544.0
2015.0;27.0;Eure;28.0;Normandie;16145.0
2015.0;79.0;Deux-Sèvres;75.0;Nouvelle-Aquitaine;1128.0
2015.0;80.0;Somme;32.0;Hauts-de-France;14470.0
2016.0;24.0;Dordogne;75.0;Nouvelle-Aquitaine;4323.0
2016.0;64.0;Pyrénées-Atlantiques;75.0;Nouvelle-Aquitaine;6109.0
2016.0;73.0;Savoie;84.0;Auvergne-Rhône-Alpes;13844.0
2016.0;86.0;Vienne;75.0;Nouvelle-Aquitaine;111993.06
2016.0;93.0;Seine-Saint-Denis;11.0;Île-de-France;257276.0
2017.0;21.0;Côte-d'Or;27.0;Bourgogne-Franche-Comté;77728.0
2017.0;2B;Haute-Corse;94.0;Corse;0.0
2017.0;50.0;Manche;28.0;Normandie;12278.0
2017.0;73.0;Savoie;84.0;Auvergne-Rhône-Alpes;18468.0
2012.0;39.0;Jura;27.0;Bourgogne-Franche-Comté;10133.0
2012.0;59.0;Nord;32.0;Hauts-de-France;242491.0
2012.0;93.0;Seine-Saint-Denis;11.0;Île-de-France;203232.0
2013.0;13.0;Bouches-du-Rhône;93.0;Provence-Alpes-Côte d'Azur;206924.0
2013.0;58.0;Nièvre;27.0;Bourgogne-Franche-Comté;1499.0
2013.0;89.0;Yonne;27.0;Bourgogne-Franche-Comté;4304.0
2013.0;972.0;Martinique;2.0;Martinique;0.0
2014.0;58.0;Nièvre;27.0;Bourgogne-Franche-Comté;835.0
2014.0;72.0;Sarthe;52.0;Pays de la Loire;15909.0
2014.0;84.0;Vaucluse;93.0;Provence-Alpes-Côte d'Azur;15655.0
2014.0;974.0;La Réunion;4.0;La Réunion;0.0
2015.0;37.0;Indre-et-Loire;24.0;Centre-Val de Loire;31308.47
2015.0;58.0;Nièvre;27.0;Bourgogne-Franche-Comté;974.0
2015.0;971.0;Guadeloupe;1.0;Guadeloupe;0.0
2016.0;8.0;Ardennes;44.0;Grand Est;27137.0
2016.0;11.0;Aude;76.0;Occitanie;7421.0
2016.0;13.0;Bouches-du-Rhône;93.0;Provence-Alpes-Côte d'Azur;203144.0
2016.0;17.0;Charente-Maritime;75.0;Nouvelle-Aquitaine;28061.0
2016.0;50.0;Manche;28.0;Normandie;4499.0
2016.0;58.0;Nièvre;27.0;Bourgogne-Franche-Comté;1409.0
2016.0;71.0;Saône-et-Loire;27.0;Bourgogne-Franche-Comté;63657.0
2017.0;5.0;Hautes-Alpes;93.0;Provence-Alpes-Côte d'Azur;2360.0
2017.0;9.0;Ariège;76.0;Occitanie;1627.0
2017.0;23.0;Creuse;75.0;Nouvelle-Aquitaine;3299.0
2017.0;34.0;Hérault;76.0;Occitanie;40542.0
2017.0;61.0;Orne;28.0;Normandie;52856.0
2017.0;77.0;Seine-et-Marne;11.0;Île-de-France;67314.0
2017.0;95.0;Val-d'Oise;11.0;Île-de-France;207748.0
2013.0;41.0;Loir-et-Cher;24.0;Centre-Val de Loire;8489.0
2014.0;63.0;Puy-de-Dôme;84.0;Auvergne-Rhône-Alpes;1027.0
2014.0;79.0;Deux-Sèvres;75.0;Nouvelle-Aquitaine;966.0
2014.0;85.0;Vendée;52.0;Pays de la Loire;27576.0
2015.0;6.0;Alpes-Maritimes;93.0;Provence-Alpes-Côte d'Azur;125285.0
2015.0;36.0;Indre;24.0;Centre-Val de Loire;4086.12
2015.0;41.0;Loir-et-Cher;24.0;Centre-Val de Loire;9846.0
2015.0;94.0;Val-de-Marne;11.0;Île-de-France;361751.0
2016.0;41.0;Loir-et-Cher;24.0;Centre-Val de Loire;10669.0
2016.0;65.0;Hautes-Pyrénées;76.0;Occitanie;5724.0
2016.0;81.0;Tarn;76.0;Occitanie;25282.0
2017.0;973.0;Guyane;3.0;Guyane;0.0
2012.0;4.0;Alpes-de-Haute-Provence;93.0;Provence-Alpes-Côte d'Azur;0.0
2012.0;34.0;Hérault;76.0;Occitanie;30576.0
2012.0;46.0;Lot;76.0;Occitanie;740.0
2012.0;49.0;Maine-et-Loire;52.0;Pays de la Loire;9718.0
2013.0;4.0;Alpes-de-Haute-Provence;93.0;Provence-Alpes-Côte d'Azur;0.0
2013.0;46.0;Lot;76.0;Occitanie;633.0
2013.0;56.0;Morbihan;53.0;Bretagne;8635.0
2013.0;67.0;Bas-Rhin;44.0;Grand Est;11975.0
2013.0;88.0;Vosges;44.0;Grand Est;103343.0
2013.0;93.0;Seine-Saint-Denis;11.0;Île-de-France;216336.0
2014.0;2.0;Aisne;32.0;Hauts-de-France;0.0
2014.0;23.0;Creuse;75.0;Nouvelle-Aquitaine;818.0
2014.0;2A;Corse-du-Sud;94.0;Corse;0.0
2014.0;68.0;Haut-Rhin;44.0;Grand Est;321848.72
2014.0;89.0;Yonne;27.0;Bourgogne-Franche-Comté;5310.0
2015.0;62.0;Pas-de-Calais;32.0;Hauts-de-France;14285.0
2015.0;65.0;Hautes-Pyrénées;76.0;Occitanie;7657.0
2015.0;76.0;Seine-Maritime;28.0;Normandie;55884.0
2015.0;92.0;Hauts-de-Seine;11.0;Île-de-France;199568.0
2016.0;22.0;Côtes-d'Armor;53.0;Bretagne;14632.0
2016.0;23.0;Creuse;75.0;Nouvelle-Aquitaine;3743.0
2016.0;68.0;Haut-Rhin;44.0;Grand Est;58208.58
2016.0;95.0;Val-d'Oise;11.0;Île-de-France;191273.0
2017.0;2A;Corse-du-Sud;94.0;Corse;0.0
2017.0;65.0;Hautes-Pyrénées;76.0;Occitanie;7028.0
2017.0;85.0;Vendée;52.0;Pays de la Loire;94968.23
2012.0;3.0;Allier;84.0;Auvergne-Rhône-Alpes;0.0
2012.0;15.0;Cantal;84.0;Auvergne-Rhône-Alpes;749.0
2012.0;17.0;Charente-Maritime;75.0;Nouvelle-Aquitaine;30618.0
2012.0;25.0;Doubs;27.0;Bourgogne-Franche-Comté;40299.0
2012.0;73.0;Savoie;84.0;Auvergne-Rhône-Alpes;20417.0
2012.0;92.0;Hauts-de-Seine;11.0;Île-de-France;200494.0
2013.0;25.0;Doubs;27.0;Bourgogne-Franche-Comté;41548.0
2013.0;2B;Haute-Corse;94.0;Corse;0.0
2013.0;71.0;Saône-et-Loire;27.0;Bourgogne-Franche-Comté;86799.0
2013.0;72.0;Sarthe;52.0;Pays de la Loire;11512.0
2013.0;92.0;Hauts-de-Seine;11.0;Île-de-France;217748.0
2014.0;5.0;Hautes-Alpes;93.0;Provence-Alpes-Côte d'Azur;0.0
2014.0;15.0;Cantal;84.0;Auvergne-Rhône-Alpes;672.0
2014.0;30.0;Gard;76.0;Occitanie;13752.0
2014.0;35.0;Ille-et-Vilaine;53.0;Bretagne;15192.0
2014.0;43.0;Haute-Loire;84.0;Auvergne-Rhône-Alpes;1726.0
2014.0;65.0;Hautes-Pyrénées;76.0;Occitanie;6400.0
2015.0;1.0;Ain;84.0;Auvergne-Rhône-Alpes;15698.0
2015.0;45.0;Loiret;24.0;Centre-Val de Loire;17919.0
2015.0;59.0;Nord;32.0;Hauts-de-France;261500.0
2015.0;78.0;Yvelines;11.0;Île-de-France;219404.0
2015.0;86.0;Vienne;75.0;Nouvelle-Aquitaine;90228.82
2016.0;26.0;Drôme;84.0;Auvergne-Rhône-Alpes;47828.0
2016.0;51.0;Marne;44.0;Grand Est;28448.0
2016.0;79.0;Deux-Sèvres;75.0;Nouvelle-Aquitaine;1190.0
2017.0;31.0;Haute-Garonne;76.0;Occitanie;45168.0
2017.0;40.0;Landes;75.0;Nouvelle-Aquitaine;27143.0
2017.0;64.0;Pyrénées-Atlantiques;75.0;Nouvelle-Aquitaine;6395.0
2012.0;62.0;Pas-de-Calais;32.0;Hauts-de-France;21821.0
2012.0;76.0;Seine-Maritime;28.0;Normandie;57181.0
2012.0;87.0;Haute-Vienne;75.0;Nouvelle-Aquitaine;2454.0
2013.0;1.0;Ain;84.0;Auvergne-Rhône-Alpes;0.0
2013.0;54.0;Meurthe-et-Moselle;44.0;Grand Est;116092.0
2013.0;66.0;Pyrénées-Orientales;76.0;Occitanie;3408.0
2013.0;971.0;Guadeloupe;1.0;Guadeloupe;0.0
2015.0;82.0;Tarn-et-Garonne;76.0;Occitanie;3951.0
2016.0;9.0;Ariège;76.0;Occitanie;1259.0
2016.0;28.0;Eure-et-Loir;24.0;Centre-Val de Loire;23935.98
2016.0;2B;Haute-Corse;94.0;Corse;0.0
2016.0;62.0;Pas-de-Calais;32.0;Hauts-de-France;18421.0
2016.0;67.0;Bas-Rhin;44.0;Grand Est;21388.0
2016.0;76.0;Seine-Maritime;28.0;Normandie;64364.0
2016.0;78.0;Yvelines;11.0;Île-de-France;233064.0
2017.0;53.0;Mayenne;52.0;Pays de la Loire;7751.0
2017.0;87.0;Haute-Vienne;75.0;Nouvelle-Aquitaine;5482.0
2017.0;90.0;Territoire de Belfort;27.0;Bourgogne-Franche-Comté;25338.0
2017.0;972.0;Martinique;2.0;Martinique;0.0
2012.0;16.0;Charente;75.0;Nouvelle-Aquitaine;797.0
2012.0;26.0;Drôme;84.0;Auvergne-Rhône-Alpes;38431.0
2012.0;30.0;Gard;76.0;Occitanie;16385.0
2012.0;41.0;Loir-et-Cher;24.0;Centre-Val de Loire;8199.0
2012.0;48.0;Lozère;76.0;Occitanie;0.0
2012.0;66.0;Pyrénées-Orientales;76.0;Occitanie;2945.0
2012.0;80.0;Somme;32.0;Hauts-de-France;15260.0
2012.0;91.0;Essonne;11.0;Île-de-France;113331.0
2013.0;24.0;Dordogne;75.0;Nouvelle-Aquitaine;4767.0
2013.0;27.0;Eure;28.0;Normandie;14171.0
2013.0;45.0;Loiret;24.0;Centre-Val de Loire;11412.0
2013.0;90.0;Territoire de Belfort;27.0;Bourgogne-Franche-Comté;18061.0
2014.0;2B;Haute-Corse;94.0;Corse;0.0
2014.0;71.0;Saône-et-Loire;27.0;Bourgogne-Franche-Comté;25762.0
2014.0;80.0;Somme;32.0;Hauts-de-France;12093.0
2014.0;94.0;Val-de-Marne;11.0;Île-de-France;207283.0
2015.0;21.0;Côte-d'Or;27.0;Bourgogne-Franche-Comté;53221.0
2015.0;46.0;Lot;76.0;Occitanie;799.0
2015.0;972.0;Martinique;2.0;Martinique;0.0
2016.0;14.0;Calvados;28.0;Normandie;17751.0
2016.0;39.0;Jura;27.0;Bourgogne-Franche-Comté;9784.0
2016.0;69.0;Rhône;84.0;Auvergne-Rhône-Alpes;151868.0
2016.0;976.0;Mayotte;6.0;Mayotte;0.0
2017.0;36.0;Indre;24.0;Centre-Val de Loire;9006.27
2017.0;38.0;Isère;84.0;Auvergne-Rhône-Alpes;55069.0
2017.0;84.0;Vaucluse;93.0;Provence-Alpes-Côte d'Azur;43626.0
2012.0;56.0;Morbihan;53.0;Bretagne;9181.0
2012.0;61.0;Orne;28.0;Normandie;18373.0
2012.0;65.0;Hautes-Pyrénées;76.0;Occitanie;1907.0
2012.0;85.0;Vendée;52.0;Pays de la Loire;38724.0
2013.0;12.0;Aveyron;76.0;Occitanie;3523.0
2017.0;81.0;Tarn;76.0;Occitanie;26382.0
2012.0;78.0;Yvelines;11.0;Île-de-France;195574.0
2012.0;79.0;Deux-Sèvres;75.0;Nouvelle-Aquitaine;381.0
2012.0;95.0;Val-d'Oise;11.0;Île-de-France;194738.0
2013.0;29.0;Finistère;53.0;Bretagne;2852.0
2013.0;63.0;Puy-de-Dôme;84.0;Auvergne-Rhône-Alpes;1562.0
2013.0;74.0;Haute-Savoie;84.0;Auvergne-Rhône-Alpes;17539.0
2014.0;19.0;Corrèze;75.0;Nouvelle-Aquitaine;949.0
2014.0;27.0;Eure;28.0;Normandie;13358.0
2014.0;69.0;Rhône;84.0;Auvergne-Rhône-Alpes;90778.0
2014.0;93.0;Seine-Saint-Denis;11.0;Île-de-France;173599.0
2015.0;39.0;Jura;27.0;Bourgogne-Franche-Comté;9060.0
2015.0;40.0;Landes;75.0;Nouvelle-Aquitaine;646.0
2015.0;66.0;Pyrénées-Orientales;76.0;Occitanie;3025.0
2015.0;95.0;Val-d'Oise;11.0;Île-de-France;155616.0
2016.0;6.0;Alpes-Maritimes;93.0;Provence-Alpes-Côte d'Azur;127485.0
2016.0;75.0;Paris;11.0;Île-de-France;640928.0
2016.0;94.0;Val-de-Marne;11.0;Île-de-France;391458.0
2017.0;2.0;Aisne;32.0;Hauts-de-France;67971.0
2017.0;10.0;Aube;44.0;Grand Est;78142.0
2017.0;12.0;Aveyron;76.0;Occitanie;5469.0
2017.0;19.0;Corrèze;75.0;Nouvelle-Aquitaine;1005.0
2017.0;55.0;Meuse;44.0;Grand Est;9274.0
2013.0;2A;Corse-du-Sud;94.0;Corse;0.0
2013.0;61.0;Orne;28.0;Normandie;20177.0
2013.0;76.0;Seine-Maritime;28.0;Normandie;82101.0
2013.0;86.0;Vienne;75.0;Nouvelle-Aquitaine;3272.0
2014.0;12.0;Aveyron;76.0;Occitanie;3213.0
2014.0;64.0;Pyrénées-Atlantiques;75.0;Nouvelle-Aquitaine;5341.0
2015.0;8.0;Ardennes;44.0;Grand Est;7481.0
2015.0;16.0;Charente;75.0;Nouvelle-Aquitaine;3627.0
2015.0;42.0;Loire;84.0;Auvergne-Rhône-Alpes;49639.0
2015.0;84.0;Vaucluse;93.0;Provence-Alpes-Côte d'Azur;15655.0
2016.0;31.0;Haute-Garonne;76.0;Occitanie;38829.0
2016.0;38.0;Isère;84.0;Auvergne-Rhône-Alpes;38464.0
2012.0;19.0;Corrèze;75.0;Nouvelle-Aquitaine;1280.0
2012.0;55.0;Meuse;44.0;Grand Est;628.0
2012.0;60.0;Oise;32.0;Hauts-de-France;143138.0
2012.0;82.0;Tarn-et-Garonne;76.0;Occitanie;2344.0
2013.0;39.0;Jura;27.0;Bourgogne-Franche-Comté;10693.0
2014.0;57.0;Moselle;44.0;Grand Est;79031.0
2014.0;95.0;Val-d'Oise;11.0;Île-de-France;133750.0
2016.0;12.0;Aveyron;76.0;Occitanie;5236.0
2016.0;56.0;Morbihan;53.0;Bretagne;10914.0
2016.0;84.0;Vaucluse;93.0;Provence-Alpes-Côte d'Azur;25648.0
2012.0;8.0;Ardennes;44.0;Grand Est;0.0
2012.0;68.0;Haut-Rhin;44.0;Grand Est;73724.40000000001
2012.0;77.0;Seine-et-Marne;11.0;Île-de-France;56162.0
2013.0;5.0;Hautes-Alpes;93.0;Provence-Alpes-Côte d'Azur;0.0
2012.0;14.0;Calvados;28.0;Normandie;5894.0
2012.0;64.0;Pyrénées-Atlantiques;75.0;Nouvelle-Aquitaine;2520.0
2013.0;48.0;Lozère;76.0;Occitanie;0.0
2013.0;64.0;Pyrénées-Atlantiques;75.0;Nouvelle-Aquitaine;5821.0
2013.0;84.0;Vaucluse;93.0;Provence-Alpes-Côte d'Azur;15930.0
2013.0;95.0;Val-d'Oise;11.0;Île-de-France;209138.0
2014.0;14.0;Calvados;28.0;Normandie;8011.0
2014.0;16.0;Charente;75.0;Nouvelle-Aquitaine;1857.0
2014.0;46.0;Lot;76.0;Occitanie;334.0
2014.0;88.0;Vosges;44.0;Grand Est;95556.0
2015.0;11.0;Aude;76.0;Occitanie;6853.0
2015.0;14.0;Calvados;28.0;Normandie;13770.0
2012.0;81.0;Tarn;76.0;Occitanie;85236.0
2013.0;40.0;Landes;75.0;Nouvelle-Aquitaine;1006.0
2013.0;60.0;Oise;32.0;Hauts-de-France;144568.0
2013.0;973.0;Guyane;3.0;Guyane;0.0
2015.0;52.0;Haute-Marne;44.0;Grand Est;1020.0
2015.0;61.0;Orne;28.0;Normandie;18599.0
2015.0;90.0;Territoire de Belfort;27.0;Bourgogne-Franche-Comté;16722.0
2016.0;48.0;Lozère;76.0;Occitanie;0.0
2017.0;54.0;Meurthe-et-Moselle;44.0;Grand Est;110391.0
2017.0;71.0;Saône-et-Loire;27.0;Bourgogne-Franche-Comté;75838.0
2012.0;50.0;Manche;28.0;Normandie;16023.0
2012.0;57.0;Moselle;44.0;Grand Est;137485.0
2014.0;55.0;Meuse;44.0;Grand Est;723.0
2014.0;90.0;Territoire de Belfort;27.0;Bourgogne-Franche-Comté;13311.0
2016.0;83.0;Var;93.0;Provence-Alpes-Côte d'Azur;12881.0
2017.0;22.0;Côtes-d'Armor;53.0;Bretagne;47761.0
2012.0;12.0;Aveyron;76.0;Occitanie;2848.0
2012.0;54.0;Meurthe-et-Moselle;44.0;Grand Est;94814.0
2012.0;75.0;Paris;11.0;Île-de-France;227858.0
2013.0;2.0;Aisne;32.0;Hauts-de-France;0.0
2013.0;10.0;Aube;44.0;Grand Est;103053.0
2013.0;15.0;Cantal;84.0;Auvergne-Rhône-Alpes;867.0
2016.0;971.0;Guadeloupe;1.0;Guadeloupe;0.0
2016.0;974.0;La Réunion;4.0;La Réunion;0.0
2017.0;42.0;Loire;84.0;Auvergne-Rhône-Alpes;53879.0
2017.0;57.0;Moselle;44.0;Grand Est;116373.0
2017.0;94.0;Val-de-Marne;11.0;Île-de-France;346134.0
2017.0;974.0;La Réunion;4.0;La Réunion;0.0
2017.0;976.0;Mayotte;6.0;Mayotte;0.0
2013.0;35.0;Ille-et-Vilaine;53.0;Bretagne;17640.0
2013.0;75.0;Paris;11.0;Île-de-France;242942.0
2013.0;82.0;Tarn-et-Garonne;76.0;Occitanie;3001.0
2014.0;33.0;Gironde;75.0;Nouvelle-Aquitaine;6388.0599999999995
2014.0;86.0;Vienne;75.0;Nouvelle-Aquitaine;6462.0
2015.0;5.0;Hautes-Alpes;93.0;Provence-Alpes-Côte d'Azur;2231.0
2015.0;9.0;Ariège;76.0;Occitanie;1287.0
2015.0;22.0;Côtes-d'Armor;53.0;Bretagne;558.0
2015.0;2A;Corse-du-Sud;94.0;Corse;0.0
2015.0;32.0;Gers;76.0;Occitanie;315.0
2015.0;71.0;Saône-et-Loire;27.0;Bourgogne-Franche-Comté;42448.0
2016.0;1.0;Ain;84.0;Auvergne-Rhône-Alpes;20353.0
2016.0;46.0;Lot;76.0;Occitanie;1013.0
2016.0;60.0;Oise;32.0;Hauts-de-France;141398.0
2016.0;87.0;Haute-Vienne;75.0;Nouvelle-Aquitaine;3643.0
2016.0;92.0;Hauts-de-Seine;11.0;Île-de-France;218756.0
2017.0;33.0;Gironde;75.0;Nouvelle-Aquitaine;9218.119999999999
2017.0;74.0;Haute-Savoie;84.0;Auvergne-Rhône-Alpes;42551.0
2017.0;82.0;Tarn-et-Garonne;76.0;Occitanie;4947.0
2017.0;83.0;Var;93.0;Provence-Alpes-Côte d'Azur;14289.0
2013.0;94.0;Val-de-Marne;11.0;Île-de-France;263364.0
2014.0;1.0;Ain;84.0;Auvergne-Rhône-Alpes;0.0
2014.0;22.0;Côtes-d'Armor;53.0;Bretagne;729.0
2014.0;40.0;Landes;75.0;Nouvelle-Aquitaine;529.0
2014.0;52.0;Haute-Marne;44.0;Grand Est;877.0
2014.0;74.0;Haute-Savoie;84.0;Auvergne-Rhône-Alpes;35542.0
2014.0;76.0;Seine-Maritime;28.0;Normandie;48364.0
2015.0;12.0;Aveyron;76.0;Occitanie;4237.0
2015.0;44.0;Loire-Atlantique;52.0;Pays de la Loire;44822.0
2016.0;16.0;Charente;75.0;Nouvelle-Aquitaine;4137.0
2016.0;44.0;Loire-Atlantique;52.0;Pays de la Loire;49275.0
2016.0;59.0;Nord;32.0;Hauts-de-France;232611.0
2016.0;63.0;Puy-de-Dôme;84.0;Auvergne-Rhône-Alpes;7815.0
2017.0;43.0;Haute-Loire;84.0;Auvergne-Rhône-Alpes;2475.0
2012.0;5.0;Hautes-Alpes;93.0;Provence-Alpes-Côte d'Azur;0.0
2012.0;58.0;Nièvre;27.0;Bourgogne-Franche-Comté;1258.0
2013.0;11.0;Aude;76.0;Occitanie;7717.0
2013.0;23.0;Creuse;75.0;Nouvelle-Aquitaine;1411.0
2013.0;31.0;Haute-Garonne;76.0;Occitanie;23442.0
2013.0;51.0;Marne;44.0;Grand Est;27535.0
2013.0;70.0;Haute-Saône;27.0;Bourgogne-Franche-Comté;7221.0
2014.0;26.0;Drôme;84.0;Auvergne-Rhône-Alpes;31417.0
2014.0;54.0;Meurthe-et-Moselle;44.0;Grand Est;65583.0
2014.0;61.0;Orne;28.0;Normandie;19962.0
2014.0;77.0;Seine-et-Marne;11.0;Île-de-France;37100.0
2014.0;81.0;Tarn;76.0;Occitanie;29686.0
2015.0;30.0;Gard;76.0;Occitanie;13029.0
2015.0;31.0;Haute-Garonne;76.0;Occitanie;32470.0
2015.0;35.0;Ille-et-Vilaine;53.0;Bretagne;18417.0
2015.0;63.0;Puy-de-Dôme;84.0;Auvergne-Rhône-Alpes;4604.0
2015.0;85.0;Vendée;52.0;Pays de la Loire;65431.03
2016.0;27.0;Eure;28.0;Normandie;17326.0
2016.0;35.0;Ille-et-Vilaine;53.0;Bretagne;31489.0
2016.0;66.0;Pyrénées-Orientales;76.0;Occitanie;3014.0
2016.0;77.0;Seine-et-Marne;11.0;Île-de-France;55661.0
2016.0;91.0;Essonne;11.0;Île-de-France;152706.0
2017.0;6.0;Alpes-Maritimes;93.0;Provence-Alpes-Côte d'Azur;129948.0
2017.0;28.0;Eure-et-Loir;24.0;Centre-Val de Loire;26083.82
2017.0;44.0;Loire-Atlantique;52.0;Pays de la Loire;53843.0
2017.0;45.0;Loiret;24.0;Centre-Val de Loire;22116.0
2017.0;89.0;Yonne;27.0;Bourgogne-Franche-Comté;11112.0
2017.0;93.0;Seine-Saint-Denis;11.0;Île-de-France;303179.0
2013.0;44.0;Loire-Atlantique;52.0;Pays de la Loire;47394.0
2014.0;7.0;Ardèche;84.0;Auvergne-Rhône-Alpes;0.0
2014.0;10.0;Aube;44.0;Grand Est;85843.0
2014.0;18.0;Cher;24.0;Centre-Val de Loire;8773.0
2014.0;24.0;Dordogne;75.0;Nouvelle-Aquitaine;4347.0
2014.0;34.0;Hérault;76.0;Occitanie;30037.0
2014.0;47.0;Lot-et-Garonne;75.0;Nouvelle-Aquitaine;3185.0
2014.0;53.0;Mayenne;52.0;Pays de la Loire;2145.0
2015.0;13.0;Bouches-du-Rhône;93.0;Provence-Alpes-Côte d'Azur;190775.0
2015.0;49.0;Maine-et-Loire;52.0;Pays de la Loire;21311.24
2015.0;69.0;Rhône;84.0;Auvergne-Rhône-Alpes;103795.0
2016.0;5.0;Hautes-Alpes;93.0;Provence-Alpes-Côte d'Azur;2314.0
2016.0;10.0;Aube;44.0;Grand Est;83871.0
2016.0;15.0;Cantal;84.0;Auvergne-Rhône-Alpes;4338.0
2017.0;35.0;Ille-et-Vilaine;53.0;Bretagne;61562.0
2017.0;59.0;Nord;32.0;Hauts-de-France;240328.0
2017.0;60.0;Oise;32.0;Hauts-de-France;142208.0
2017.0;91.0;Essonne;11.0;Île-de-France;160386.0
2012.0;13.0;Bouches-du-Rhône;93.0;Provence-Alpes-Côte d'Azur;208454.0
2012.0;2A;Corse-du-Sud;94.0;Corse;0.0
2012.0;32.0;Gers;76.0;Occitanie;0.0
2012.0;44.0;Loire-Atlantique;52.0;Pays de la Loire;46795.0
2012.0;53.0;Mayenne;52.0;Pays de la Loire;1955.0
2012.0;69.0;Rhône;84.0;Auvergne-Rhône-Alpes;98821.0
2012.0;972.0;Martinique;2.0;Martinique;0.0
2013.0;17.0;Charente-Maritime;75.0;Nouvelle-Aquitaine;29616.0
2013.0;57.0;Moselle;44.0;Grand Est;88930.0
2013.0;78.0;Yvelines;11.0;Île-de-France;221408.0
2013.0;91.0;Essonne;11.0;Île-de-France;114093.0
2014.0;13.0;Bouches-du-Rhône;93.0;Provence-Alpes-Côte d'Azur;167387.0
2014.0;39.0;Jura;27.0;Bourgogne-Franche-Comté;8183.0
2014.0;50.0;Manche;28.0;Normandie;5106.0
2014.0;51.0;Marne;44.0;Grand Est;22007.0
2014.0;82.0;Tarn-et-Garonne;76.0;Occitanie;3112.0
2015.0;3.0;Allier;84.0;Auvergne-Rhône-Alpes;9153.0
2015.0;26.0;Drôme;84.0;Auvergne-Rhône-Alpes;38805.0
2015.0;47.0;Lot-et-Garonne;75.0;Nouvelle-Aquitaine;5155.0
2015.0;57.0;Moselle;44.0;Grand Est;89908.0
2016.0;29.0;Finistère;53.0;Bretagne;19700.0
2016.0;82.0;Tarn-et-Garonne;76.0;Occitanie;3735.0
2017.0;16.0;Charente;75.0;Nouvelle-Aquitaine;5063.0
2017.0;24.0;Dordogne;75.0;Nouvelle-Aquitaine;4394.0
2017.0;30.0;Gard;76.0;Occitanie;14278.0
2017.0;37.0;Indre-et-Loire;24.0;Centre-Val de Loire;130426.08
2012.0;29.0;Finistère;53.0;Bretagne;1568.0
2013.0;37.0;Indre-et-Loire;24.0;Centre-Val de Loire;84433.0
2013.0;47.0;Lot-et-Garonne;75.0;Nouvelle-Aquitaine;3240.0
2014.0;6.0;Alpes-Maritimes;93.0;Provence-Alpes-Côte d'Azur;0.0
2014.0;41.0;Loir-et-Cher;24.0;Centre-Val de Loire;8175.0
2014.0;42.0;Loire;84.0;Auvergne-Rhône-Alpes;44761.0
2015.0;50.0;Manche;28.0;Normandie;2334.0
2015.0;73.0;Savoie;84.0;Auvergne-Rhône-Alpes;14063.0
2015.0;93.0;Seine-Saint-Denis;11.0;Île-de-France;215997.0
2017.0;56.0;Morbihan;53.0;Bretagne;18711.0
2017.0;70.0;Haute-Saône;27.0;Bourgogne-Franche-Comté;4675.0
2017.0;75.0;Paris;11.0;Île-de-France;694221.0
2012.0;22.0;Côtes-d'Armor;53.0;Bretagne;900.0
2012.0;28.0;Eure-et-Loir;24.0;Centre-Val de Loire;8896.0
2013.0;7.0;Ardèche;84.0;Auvergne-Rhône-Alpes;0.0
2013.0;16.0;Charente;75.0;Nouvelle-Aquitaine;1090.0
2013.0;18.0;Cher;24.0;Centre-Val de Loire;9598.0
2013.0;69.0;Rhône;84.0;Auvergne-Rhône-Alpes;112398.0
2013.0;73.0;Savoie;84.0;Auvergne-Rhône-Alpes;21354.0
2014.0;3.0;Allier;84.0;Auvergne-Rhône-Alpes;0.0
2014.0;8.0;Ardennes;44.0;Grand Est;0.0
2014.0;25.0;Doubs;27.0;Bourgogne-Franche-Comté;33813.0
2014.0;78.0;Yvelines;11.0;Île-de-France;204625.0
2014.0;91.0;Essonne;11.0;Île-de-France;108911.0
2014.0;971.0;Guadeloupe;1.0;Guadeloupe;0.0
2015.0;7.0;Ardèche;84.0;Auvergne-Rhône-Alpes;10354.0
2016.0;33.0;Gironde;75.0;Nouvelle-Aquitaine;30741.69
2016.0;37.0;Indre-et-Loire;24.0;Centre-Val de Loire;57408.2
2016.0;90.0;Territoire de Belfort;27.0;Bourgogne-Franche-Comté;21355.0
2017.0;67.0;Bas-Rhin;44.0;Grand Est;20580.690000000002
2012.0;6.0;Alpes-Maritimes;93.0;Provence-Alpes-Côte d'Azur;0.0
2012.0;21.0;Côte-d'Or;27.0;Bourgogne-Franche-Comté;18689.0
2012.0;37.0;Indre-et-Loire;24.0;Centre-Val de Loire;63554.0
2012.0;70.0;Haute-Saône;27.0;Bourgogne-Franche-Comté;6153.0
2012.0;71.0;Saône-et-Loire;27.0;Bourgogne-Franche-Comté;66380.0
2012.0;90.0;Territoire de Belfort;27.0;Bourgogne-Franche-Comté;18034.0
2012.0;973.0;Guyane;3.0;Guyane;0.0
2013.0;9.0;Ariège;76.0;Occitanie;0.0
2013.0;22.0;Côtes-d'Armor;53.0;Bretagne;867.0
2014.0;9.0;Ariège;76.0;Occitanie;0.0
2014.0;48.0;Lozère;76.0;Occitanie;0.0
2014.0;60.0;Oise;32.0;Hauts-de-France;131741.0
2014.0;972.0;Martinique;2.0;Martinique;0.0
2015.0;34.0;Hérault;76.0;Occitanie;34821.0
2015.0;51.0;Marne;44.0;Grand Est;25942.0
2015.0;55.0;Meuse;44.0;Grand Est;8188.0
2015.0;72.0;Sarthe;52.0;Pays de la Loire;20661.0
2016.0;7.0;Ardèche;84.0;Auvergne-Rhône-Alpes;10482.0
2016.0;32.0;Gers;76.0;Occitanie;250.0
2016.0;52.0;Haute-Marne;44.0;Grand Est;1055.0
2016.0;74.0;Haute-Savoie;84.0;Auvergne-Rhône-Alpes;36852.0
2016.0;85.0;Vendée;52.0;Pays de la Loire;97828.58
2016.0;972.0;Martinique;2.0;Martinique;0.0
2017.0;62.0;Pas-de-Calais;32.0;Hauts-de-France;43850.0
2017.0;72.0;Sarthe;52.0;Pays de la Loire;17909.0
2017.0;76.0;Seine-Maritime;28.0;Normandie;115813.0
2017.0;86.0;Vienne;75.0;Nouvelle-Aquitaine;132946.4
2017.0;971.0;Guadeloupe;1.0;Guadeloupe;0.0
2012.0;67.0;Bas-Rhin;44.0;Grand Est;361.0
2012.0;74.0;Haute-Savoie;84.0;Auvergne-Rhône-Alpes;15364.0
2012.0;83.0;Var;93.0;Provence-Alpes-Côte d'Azur;9648.0
2012.0;94.0;Val-de-Marne;11.0;Île-de-France;250102.0
2013.0;3.0;Allier;84.0;Auvergne-Rhône-Alpes;0.0
2013.0;30.0;Gard;76.0;Occitanie;16925.0
2013.0;38.0;Isère;84.0;Auvergne-Rhône-Alpes;71379.0
2013.0;81.0;Tarn;76.0;Occitanie;33562.0
2014.0;32.0;Gers;76.0;Occitanie;580.0
2014.0;87.0;Haute-Vienne;75.0;Nouvelle-Aquitaine;2134.0
2015.0;67.0;Bas-Rhin;44.0;Grand Est;22708.0
2015.0;81.0;Tarn;76.0;Occitanie;23662.0
2015.0;973.0;Guyane;3.0;Guyane;0.0
2016.0;2A;Corse-du-Sud;94.0;Corse;0.0
2016.0;54.0;Meurthe-et-Moselle;44.0;Grand Est;111709.0
2017.0;13.0;Bouches-du-Rhône;93.0;Provence-Alpes-Côte d'Azur;249775.0
2017.0;17.0;Charente-Maritime;75.0;Nouvelle-Aquitaine;31700.0
2012.0;1.0;Ain;84.0;Auvergne-Rhône-Alpes;0.0
2012.0;18.0;Cher;24.0;Centre-Val de Loire;6983.0
2012.0;40.0;Landes;75.0;Nouvelle-Aquitaine;685.0
2012.0;43.0;Haute-Loire;84.0;Auvergne-Rhône-Alpes;1864.0
2012.0;72.0;Sarthe;52.0;Pays de la Loire;10568.0
2013.0;21.0;Côte-d'Or;27.0;Bourgogne-Franche-Comté;24303.0
2013.0;42.0;Loire;84.0;Auvergne-Rhône-Alpes;55469.0
2013.0;62.0;Pas-de-Calais;32.0;Hauts-de-France;26096.0
2013.0;77.0;Seine-et-Marne;11.0;Île-de-France;40142.0
2014.0;70.0;Haute-Saône;27.0;Bourgogne-Franche-Comté;5796.0
2015.0;24.0;Dordogne;75.0;Nouvelle-Aquitaine;4283.0
2015.0;53.0;Mayenne;52.0;Pays de la Loire;2109.0
2015.0;68.0;Haut-Rhin;44.0;Grand Est;431541.98999999993
2015.0;91.0;Essonne;11.0;Île-de-France;125180.0
2016.0;19.0;Corrèze;75.0;Nouvelle-Aquitaine;984.0
2016.0;30.0;Gard;76.0;Occitanie;13071.0
2016.0;40.0;Landes;75.0;Nouvelle-Aquitaine;10504.0
2016.0;49.0;Maine-et-Loire;52.0;Pays de la Loire;28488.98
2017.0;7.0;Ardèche;84.0;Auvergne-Rhône-Alpes;11385.0
2017.0;32.0;Gers;76.0;Occitanie;823.0
2017.0;52.0;Haute-Marne;44.0;Grand Est;993.0
2017.0;63.0;Puy-de-Dôme;84.0;Auvergne-Rhône-Alpes;8746.0
2017.0;79.0;Deux-Sèvres;75.0;Nouvelle-Aquitaine;1488.0
2017.0;80.0;Somme;32.0;Hauts-de-France;15666.0
2017.0;92.0;Hauts-de-Seine;11.0;Île-de-France;216411.0
2012.0;11.0;Aude;76.0;Occitanie;7303.0
2012.0;24.0;Dordogne;75.0;Nouvelle-Aquitaine;4685.0
2012.0;2B;Haute-Corse;94.0;Corse;0.0
2012.0;31.0;Haute-Garonne;76.0;Occitanie;20430.0
2013.0;32.0;Gers;76.0;Occitanie;0.0
2014.0;38.0;Isère;84.0;Auvergne-Rhône-Alpes;56377.0
2014.0;45.0;Loiret;24.0;Centre-Val de Loire;13647.0
2014.0;62.0;Pas-de-Calais;32.0;Hauts-de-France;14791.0
2014.0;73.0;Savoie;84.0;Auvergne-Rhône-Alpes;15360.0
2014.0;75.0;Paris;11.0;Île-de-France;197667.0
2015.0;10.0;Aube;44.0;Grand Est;77817.0
2015.0;17.0;Charente-Maritime;75.0;Nouvelle-Aquitaine;26888.0
2015.0;23.0;Creuse;75.0;Nouvelle-Aquitaine;757.0
2015.0;48.0;Lozère;76.0;Occitanie;0.0
2015.0;77.0;Seine-et-Marne;11.0;Île-de-France;50400.0
2015.0;83.0;Var;93.0;Provence-Alpes-Côte d'Azur;11606.0
2015.0;87.0;Haute-Vienne;75.0;Nouvelle-Aquitaine;2830.0
2015.0;976.0;Mayotte;6.0;Mayotte;0.0
2016.0;25.0;Doubs;27.0;Bourgogne-Franche-Comté;46078.0
2016.0;45.0;Loiret;24.0;Centre-Val de Loire;19067.0
2016.0;80.0;Somme;32.0;Hauts-de-France;16548.0
2016.0;89.0;Yonne;27.0;Bourgogne-Franche-Comté;7701.0
2017.0;26.0;Drôme;84.0;Auvergne-Rhône-Alpes;54039.0
2017.0;27.0;Eure;28.0;Normandie;138119.0
2017.0;58.0;Nièvre;27.0;Bourgogne-Franche-Comté;2341.0
2017.0;88.0;Vosges;44.0;Grand Est;37004.0
2012.0;2.0;Aisne;32.0;Hauts-de-France;0.0
2012.0;23.0;Creuse;75.0;Nouvelle-Aquitaine;1483.0
2012.0;27.0;Eure;28.0;Normandie;12134.0
2012.0;42.0;Loire;84.0;Auvergne-Rhône-Alpes;51311.0
2012.0;974.0;La Réunion;4.0;La Réunion;0.0
2013.0;19.0;Corrèze;75.0;Nouvelle-Aquitaine;1357.0
2013.0;34.0;Hérault;76.0;Occitanie;33277.0
2013.0;43.0;Haute-Loire;84.0;Auvergne-Rhône-Alpes;2026.0
2013.0;55.0;Meuse;44.0;Grand Est;774.0
2013.0;80.0;Somme;32.0;Hauts-de-France;15217.0
2013.0;85.0;Vendée;52.0;Pays de la Loire;39622.0
2014.0;4.0;Alpes-de-Haute-Provence;93.0;Provence-Alpes-Côte d'Azur;0.0
2014.0;44.0;Loire-Atlantique;52.0;Pays de la Loire;35734.0
2015.0;25.0;Doubs;27.0;Bourgogne-Franche-Comté;39578.0
2015.0;33.0;Gironde;75.0;Nouvelle-Aquitaine;25542.59
2015.0;56.0;Morbihan;53.0;Bretagne;9183.0
2015.0;88.0;Vosges;44.0;Grand Est;82123.0
2016.0;34.0;Hérault;76.0;Occitanie;39736.0
2016.0;70.0;Haute-Saône;27.0;Bourgogne-Franche-Comté;4507.0
2016.0;88.0;Vosges;44.0;Grand Est;31690.0
2017.0;15.0;Cantal;84.0;Auvergne-Rhône-Alpes;4415.0
2017.0;47.0;Lot-et-Garonne;75.0;Nouvelle-Aquitaine;9740.0
2017.0;69.0;Rhône;84.0;Auvergne-Rhône-Alpes;224768.0
2012.0;33.0;Gironde;75.0;Nouvelle-Aquitaine;2968.67
2012.0;36.0;Indre;24.0;Centre-Val de Loire;7271.0
2014.0;59.0;Nord;32.0;Hauts-de-France;251880.0
2014.0;66.0;Pyrénées-Orientales;76.0;Occitanie;2616.0
2014.0;83.0;Var;93.0;Provence-Alpes-Côte d'Azur;9336.0
2014.0;92.0;Hauts-de-Seine;11.0;Île-de-France;178750.0
2015.0;60.0;Oise;32.0;Hauts-de-France;101479.0
2015.0;70.0;Haute-Saône;27.0;Bourgogne-Franche-Comté;3720.0
2015.0;74.0;Haute-Savoie;84.0;Auvergne-Rhône-Alpes;38261.0
2012.0;52.0;Haute-Marne;44.0;Grand Est;800.0
2012.0;89.0;Yonne;27.0;Bourgogne-Franche-Comté;4455.0
2013.0;14.0;Calvados;28.0;Normandie;7248.0
2013.0;26.0;Drôme;84.0;Auvergne-Rhône-Alpes;40804.0
2013.0;79.0;Deux-Sèvres;75.0;Nouvelle-Aquitaine;1123.0
2015.0;15.0;Cantal;84.0;Auvergne-Rhône-Alpes;3797.0
2015.0;18.0;Cher;24.0;Centre-Val de Loire;9048.0
2015.0;54.0;Meurthe-et-Moselle;44.0;Grand Est;87650.0
2016.0;2.0;Aisne;32.0;Hauts-de-France;72948.0
2016.0;18.0;Cher;24.0;Centre-Val de Loire;9669.0
2016.0;21.0;Côte-d'Or;27.0;Bourgogne-Franche-Comté;64992.0
2016.0;53.0;Mayenne;52.0;Pays de la Loire;4998.0
2017.0;66.0;Pyrénées-Orientales;76.0;Occitanie;2811.0
2024.0;976.0;Mayotte;6.0;Mayotte;0.0
2020.0;63.0;Puy-de-Dôme;84.0;Auvergne-Rhône-Alpes;0.0
2024.0;28.0;Eure-et-Loir;24.0;Centre-Val de Loire;32833.75794
2019.0;29.0;Finistère;53.0;Bretagne;11363.88155
2018.0;31.0;Haute-Garonne;76.0;Occitanie;1224.911
2024.0;42.0;Loire;84.0;Auvergne-Rhône-Alpes;3069.67236
2021.0;37.0;Indre-et-Loire;24.0;Centre-Val de Loire;0.0
2023.0;74.0;Haute-Savoie;84.0;Auvergne-Rhône-Alpes;1421.03486
2022.0;95.0;Val-d'Oise;11.0;Île-de-France;1113.32221
2020.0;93.0;Seine-Saint-Denis;11.0;Île-de-France;0.0
2024.0;1.0;Ain;84.0;Auvergne-Rhône-Alpes;12052.15643
2020.0;974.0;La Réunion;4.0;La Réunion;0.0
2019.0;10.0;Aube;44.0;Grand Est;1442.67958
2023.0;976.0;Mayotte;6.0;Mayotte;0.0
2018.0;39.0;Jura;27.0;Bourgogne-Franche-Comté;46.48149
2020.0;52.0;Haute-Marne;44.0;Grand Est;0.0
2019.0;28.0;Eure-et-Loir;24.0;Centre-Val de Loire;32156.30304
2020.0;43.0;Haute-Loire;84.0;Auvergne-Rhône-Alpes;0.0
2018.0;53.0;Mayenne;52.0;Pays de la Loire;155.40295
2023.0;30.0;Gard;76.0;Occitanie;0.0
2021.0;73.0;Savoie;84.0;Auvergne-Rhône-Alpes;0.0
2021.0;8.0;Ardennes;44.0;Grand Est;0.0
2021.0;26.0;Drôme;84.0;Auvergne-Rhône-Alpes;0.0
2024.0;17.0;Charente-Maritime;75.0;Nouvelle-Aquitaine;888.289
2019.0;91.0;Essonne;11.0;Île-de-France;5443.68605
2019.0;86.0;Vienne;75.0;Nouvelle-Aquitaine;1035.57394
2024.0;50.0;Manche;28.0;Normandie;19978.817
2024.0;53.0;Mayenne;52.0;Pays de la Loire;0.0
2021.0;42.0;Loire;84.0;Auvergne-Rhône-Alpes;250.99075
2023.0;55.0;Meuse;44.0;Grand Est;468.32259
2022.0;974.0;La Réunion;4.0;La Réunion;0.0
2018.0;47.0;Lot-et-Garonne;75.0;Nouvelle-Aquitaine;225.69997
2022.0;56.0;Morbihan;53.0;Bretagne;358.68355
2021.0;18.0;Cher;24.0;Centre-Val de Loire;0.0
2022.0;18.0;Cher;24.0;Centre-Val de Loire;0.0
2021.0;2A;Corse-du-Sud;94.0;Corse;0.0
2021.0;81.0;Tarn;76.0;Occitanie;19564.556
2021.0;3.0;Allier;84.0;Auvergne-Rhône-Alpes;0.0
2019.0;32.0;Gers;76.0;Occitanie;427.24791
2022.0;57.0;Moselle;44.0;Grand Est;127003.65986
2022.0;42.0;Loire;84.0;Auvergne-Rhône-Alpes;320.04994
2022.0;90.0;Territoire de Belfort;27.0;Bourgogne-Franche-Comté;235.48611
2022.0;43.0;Haute-Loire;84.0;Auvergne-Rhône-Alpes;0.0
2021.0;9.0;Ariège;76.0;Occitanie;0.0
2018.0;85.0;Vendée;52.0;Pays de la Loire;142.91876
2018.0;48.0;Lozère;76.0;Occitanie;0.0
2020.0;15.0;Cantal;84.0;Auvergne-Rhône-Alpes;0.0
2023.0;59.0;Nord;32.0;Hauts-de-France;11002.74858
2018.0;59.0;Nord;32.0;Hauts-de-France;4295.11988
2022.0;81.0;Tarn;76.0;Occitanie;11808.995
2019.0;14.0;Calvados;28.0;Normandie;1719.36693
2020.0;72.0;Sarthe;52.0;Pays de la Loire;0.0
2019.0;71.0;Saône-et-Loire;27.0;Bourgogne-Franche-Comté;4121.09144
2024.0;15.0;Cantal;84.0;Auvergne-Rhône-Alpes;0.0
2022.0;88.0;Vosges;44.0;Grand Est;0.0
2020.0;69.0;Rhône;84.0;Auvergne-Rhône-Alpes;365.2362
2023.0;4.0;Alpes-de-Haute-Provence;93.0;Provence-Alpes-Côte d'Azur;0.0
2022.0;7.0;Ardèche;84.0;Auvergne-Rhône-Alpes;708.703
2022.0;1.0;Ain;84.0;Auvergne-Rhône-Alpes;651.8187
2020.0;16.0;Charente;75.0;Nouvelle-Aquitaine;0.0
2023.0;75.0;Paris;11.0;Île-de-France;657.04957
2018.0;41.0;Loir-et-Cher;24.0;Centre-Val de Loire;260.82225
2020.0;53.0;Mayenne;52.0;Pays de la Loire;0.0
2020.0;91.0;Essonne;11.0;Île-de-France;0.0
2020.0;77.0;Seine-et-Marne;11.0;Île-de-France;0.0
2018.0;93.0;Seine-Saint-Denis;11.0;Île-de-France;1849.25615
2019.0;973.0;Guyane;3.0;Guyane;0.0
2019.0;93.0;Seine-Saint-Denis;11.0;Île-de-France;7839.66471
2020.0;81.0;Tarn;76.0;Occitanie;8647.654
2021.0;60.0;Oise;32.0;Hauts-de-France;0.0
2022.0;51.0;Marne;44.0;Grand Est;4442.00757
2023.0;34.0;Hérault;76.0;Occitanie;0.0
2023.0;29.0;Finistère;53.0;Bretagne;0.0
2022.0;64.0;Pyrénées-Atlantiques;75.0;Nouvelle-Aquitaine;4084.892
2019.0;19.0;Corrèze;75.0;Nouvelle-Aquitaine;855.94312
2018.0;80.0;Somme;32.0;Hauts-de-France;15645.42298
2022.0;49.0;Maine-et-Loire;52.0;Pays de la Loire;314.84647
2018.0;22.0;Côtes-d'Armor;53.0;Bretagne;204.21409
2022.0;76.0;Seine-Maritime;28.0;Normandie;27358.283
2023.0;32.0;Gers;76.0;Occitanie;395.773
2019.0;72.0;Sarthe;52.0;Pays de la Loire;632.31838
2023.0;22.0;Côtes-d'Armor;53.0;Bretagne;13403.70768
2024.0;73.0;Savoie;84.0;Auvergne-Rhône-Alpes;0.0
2022.0;4.0;Alpes-de-Haute-Provence;93.0;Provence-Alpes-Côte d'Azur;0.0
2019.0;65.0;Hautes-Pyrénées;76.0;Occitanie;2203.40662
2022.0;77.0;Seine-et-Marne;11.0;Île-de-France;493.37327
2022.0;35.0;Ille-et-Vilaine;53.0;Bretagne;40825.50182
2020.0;76.0;Seine-Maritime;28.0;Normandie;0.0
2023.0;44.0;Loire-Atlantique;52.0;Pays de la Loire;1880.36144
2023.0;27.0;Eure;28.0;Normandie;6668.893
2024.0;83.0;Var;93.0;Provence-Alpes-Côte d'Azur;374.11823
2019.0;22.0;Côtes-d'Armor;53.0;Bretagne;18136.32065
2022.0;87.0;Haute-Vienne;75.0;Nouvelle-Aquitaine;0.0
2024.0;48.0;Lozère;76.0;Occitanie;0.0
2019.0;69.0;Rhône;84.0;Auvergne-Rhône-Alpes;11613.69695
2023.0;51.0;Marne;44.0;Grand Est;45452.45777
2020.0;87.0;Haute-Vienne;75.0;Nouvelle-Aquitaine;0.0
2023.0;49.0;Maine-et-Loire;52.0;Pays de la Loire;3101.0
2019.0;85.0;Vendée;52.0;Pays de la Loire;8105.05677
2020.0;89.0;Yonne;27.0;Bourgogne-Franche-Comté;0.0
2019.0;56.0;Morbihan;53.0;Bretagne;832.12759
2023.0;73.0;Savoie;84.0;Auvergne-Rhône-Alpes;0.0
2019.0;33.0;Gironde;75.0;Nouvelle-Aquitaine;5436.94145
2021.0;62.0;Pas-de-Calais;32.0;Hauts-de-France;0.0
2018.0;55.0;Meuse;44.0;Grand Est;106.33726
2021.0;83.0;Var;93.0;Provence-Alpes-Côte d'Azur;0.0
2022.0;17.0;Charente-Maritime;75.0;Nouvelle-Aquitaine;0.0
2020.0;50.0;Manche;28.0;Normandie;0.0
2023.0;38.0;Isère;84.0;Auvergne-Rhône-Alpes;85485.97338
2022.0;83.0;Var;93.0;Provence-Alpes-Côte d'Azur;231.54677
2018.0;2B;Haute-Corse;94.0;Corse;0.0
2019.0;37.0;Indre-et-Loire;24.0;Centre-Val de Loire;897.6215
2020.0;67.0;Bas-Rhin;44.0;Grand Est;282083.0
2020.0;47.0;Lot-et-Garonne;75.0;Nouvelle-Aquitaine;0.0
2019.0;38.0;Isère;84.0;Auvergne-Rhône-Alpes;2080.64296
2019.0;46.0;Lot;76.0;Occitanie;348.45922
2018.0;9.0;Ariège;76.0;Occitanie;75.33194
2023.0;40.0;Landes;75.0;Nouvelle-Aquitaine;59281.347
2020.0;41.0;Loir-et-Cher;24.0;Centre-Val de Loire;0.0
2023.0;39.0;Jura;27.0;Bourgogne-Franche-Comté;435.58521
2020.0;57.0;Moselle;44.0;Grand Est;3865.46955
2022.0;94.0;Val-de-Marne;11.0;Île-de-France;895.54344
2021.0;80.0;Somme;32.0;Hauts-de-France;39433.28953
2023.0;26.0;Drôme;84.0;Auvergne-Rhône-Alpes;1882.82811
2020.0;59.0;Nord;32.0;Hauts-de-France;0.0
2022.0;73.0;Savoie;84.0;Auvergne-Rhône-Alpes;0.0
2024.0;29.0;Finistère;53.0;Bretagne;790.69402
2024.0;55.0;Meuse;44.0;Grand Est;0.0
2024.0;51.0;Marne;44.0;Grand Est;1550.69828
2021.0;46.0;Lot;76.0;Occitanie;0.0
2018.0;67.0;Bas-Rhin;44.0;Grand Est;22625.15091
2023.0;92.0;Hauts-de-Seine;11.0;Île-de-France;1774.96725
2024.0;62.0;Pas-de-Calais;32.0;Hauts-de-France;15737.879
2022.0;13.0;Bouches-du-Rhône;93.0;Provence-Alpes-Côte d'Azur;67160.827
2018.0;2.0;Aisne;32.0;Hauts-de-France;496.28367
2019.0;90.0;Territoire de Belfort;27.0;Bourgogne-Franche-Comté;375.94182
2021.0;48.0;Lozère;76.0;Occitanie;0.0
2024.0;5.0;Hautes-Alpes;93.0;Provence-Alpes-Côte d'Azur;0.0
2020.0;2A;Corse-du-Sud;94.0;Corse;0.0
2019.0;34.0;Hérault;76.0;Occitanie;2541.47088
2024.0;14.0;Calvados;28.0;Normandie;1429.69913
2022.0;22.0;Côtes-d'Armor;53.0;Bretagne;20288.521
2024.0;89.0;Yonne;27.0;Bourgogne-Franche-Comté;0.0
2018.0;974.0;La Réunion;4.0;La Réunion;0.0
2024.0;84.0;Vaucluse;93.0;Provence-Alpes-Côte d'Azur;234.89464
2022.0;61.0;Orne;28.0;Normandie;422.40253
2021.0;61.0;Orne;28.0;Normandie;0.0
2024.0;57.0;Moselle;44.0;Grand Est;27053.56686
2018.0;46.0;Lot;76.0;Occitanie;58.88317
2018.0;3.0;Allier;84.0;Auvergne-Rhône-Alpes;365.86994
2019.0;55.0;Meuse;44.0;Grand Est;339.59437
2019.0;49.0;Maine-et-Loire;52.0;Pays de la Loire;840.26735
2022.0;11.0;Aude;76.0;Occitanie;0.0
2021.0;47.0;Lot-et-Garonne;75.0;Nouvelle-Aquitaine;0.0
2019.0;61.0;Orne;28.0;Normandie;796.97403
2021.0;75.0;Paris;11.0;Île-de-France;0.0
2022.0;30.0;Gard;76.0;Occitanie;0.0
2022.0;14.0;Calvados;28.0;Normandie;12937.63725
2019.0;2.0;Aisne;32.0;Hauts-de-France;666.80962
2020.0;94.0;Val-de-Marne;11.0;Île-de-France;0.0
2022.0;34.0;Hérault;76.0;Occitanie;254.83291
2024.0;52.0;Haute-Marne;44.0;Grand Est;2339.40807
2024.0;76.0;Seine-Maritime;28.0;Normandie;59048.57941
2020.0;42.0;Loire;84.0;Auvergne-Rhône-Alpes;0.0
2024.0;971.0;Guadeloupe;1.0;Guadeloupe;0.0
2019.0;50.0;Manche;28.0;Normandie;69433.15518
2023.0;50.0;Manche;28.0;Normandie;631.056
2024.0;94.0;Val-de-Marne;11.0;Île-de-France;733.33034
2021.0;28.0;Eure-et-Loir;24.0;Centre-Val de Loire;249.14838
2019.0;52.0;Haute-Marne;44.0;Grand Est;154.6446
2024.0;27.0;Eure;28.0;Normandie;8162.777
2021.0;68.0;Haut-Rhin;44.0;Grand Est;263087.31391
2024.0;23.0;Creuse;75.0;Nouvelle-Aquitaine;0.0
2021.0;23.0;Creuse;75.0;Nouvelle-Aquitaine;0.0
2022.0;89.0;Yonne;27.0;Bourgogne-Franche-Comté;0.0
2018.0;27.0;Eure;28.0;Normandie;251.24215
2020.0;44.0;Loire-Atlantique;52.0;Pays de la Loire;2296.129
2023.0;87.0;Haute-Vienne;75.0;Nouvelle-Aquitaine;0.0
2020.0;54.0;Meurthe-et-Moselle;44.0;Grand Est;0.0
2019.0;23.0;Creuse;75.0;Nouvelle-Aquitaine;63.87673
2022.0;5.0;Hautes-Alpes;93.0;Provence-Alpes-Côte d'Azur;0.0
2023.0;54.0;Meurthe-et-Moselle;44.0;Grand Est;569.70874
2023.0;66.0;Pyrénées-Orientales;76.0;Occitanie;389.02852
2024.0;11.0;Aude;76.0;Occitanie;0.0
2018.0;42.0;Loire;84.0;Auvergne-Rhône-Alpes;738.25003
2019.0;31.0;Haute-Garonne;76.0;Occitanie;6440.58729
2020.0;90.0;Territoire de Belfort;27.0;Bourgogne-Franche-Comté;0.0
2024.0;71.0;Saône-et-Loire;27.0;Bourgogne-Franche-Comté;235.305
2023.0;17.0;Charente-Maritime;75.0;Nouvelle-Aquitaine;0.0
2022.0;52.0;Haute-Marne;44.0;Grand Est;353.79232
2018.0;70.0;Haute-Saône;27.0;Bourgogne-Franche-Comté;86.10357
2020.0;95.0;Val-d'Oise;11.0;Île-de-France;441.83309
2021.0;63.0;Puy-de-Dôme;84.0;Auvergne-Rhône-Alpes;209.10635
2024.0;2B;Haute-Corse;94.0;Corse;0.0
2021.0;16.0;Charente;75.0;Nouvelle-Aquitaine;0.0
2019.0;95.0;Val-d'Oise;11.0;Île-de-France;7032.97926
2024.0;4.0;Alpes-de-Haute-Provence;93.0;Provence-Alpes-Côte d'Azur;0.0
2023.0;8.0;Ardennes;44.0;Grand Est;0.0
2018.0;17.0;Charente-Maritime;75.0;Nouvelle-Aquitaine;161.08234
2021.0;82.0;Tarn-et-Garonne;76.0;Occitanie;0.0
2019.0;47.0;Lot-et-Garonne;75.0;Nouvelle-Aquitaine;263.96782
2021.0;93.0;Seine-Saint-Denis;11.0;Île-de-France;989.7441
2021.0;29.0;Finistère;53.0;Bretagne;0.0
2021.0;14.0;Calvados;28.0;Normandie;11715.873
2018.0;2A;Corse-du-Sud;94.0;Corse;0.0
2018.0;4.0;Alpes-de-Haute-Provence;93.0;Provence-Alpes-Côte d'Azur;141.09656
2019.0;13.0;Bouches-du-Rhône;93.0;Provence-Alpes-Côte d'Azur;20121.87178
2022.0;70.0;Haute-Saône;27.0;Bourgogne-Franche-Comté;110.0
2020.0;10.0;Aube;44.0;Grand Est;0.0
2024.0;26.0;Drôme;84.0;Auvergne-Rhône-Alpes;1776.71922
2021.0;15.0;Cantal;84.0;Auvergne-Rhône-Alpes;0.0
2020.0;58.0;Nièvre;27.0;Bourgogne-Franche-Comté;0.0
2019.0;94.0;Val-de-Marne;11.0;Île-de-France;6008.57121
2023.0;89.0;Yonne;27.0;Bourgogne-Franche-Comté;0.0
2022.0;12.0;Aveyron;76.0;Occitanie;0.0
2022.0;15.0;Cantal;84.0;Auvergne-Rhône-Alpes;0.0
2024.0;75.0;Paris;11.0;Île-de-France;1641.6266
2020.0;73.0;Savoie;84.0;Auvergne-Rhône-Alpes;0.0
2020.0;35.0;Ille-et-Vilaine;53.0;Bretagne;0.0
2023.0;69.0;Rhône;84.0;Auvergne-Rhône-Alpes;1841.8433
2023.0;973.0;Guyane;3.0;Guyane;0.0
2022.0;72.0;Sarthe;52.0;Pays de la Loire;0.0
2018.0;36.0;Indre;24.0;Centre-Val de Loire;86.13142
2021.0;71.0;Saône-et-Loire;27.0;Bourgogne-Franche-Comté;0.0
2018.0;92.0;Hauts-de-Seine;11.0;Île-de-France;2710.78366
2019.0;4.0;Alpes-de-Haute-Provence;93.0;Provence-Alpes-Côte d'Azur;2276.35559
2024.0;35.0;Ille-et-Vilaine;53.0;Bretagne;42501.603
2021.0;92.0;Hauts-de-Seine;11.0;Île-de-France;512.29713
2024.0;63.0;Puy-de-Dôme;84.0;Auvergne-Rhône-Alpes;272.45628
2022.0;66.0;Pyrénées-Orientales;76.0;Occitanie;368.51919
2022.0;84.0;Vaucluse;93.0;Provence-Alpes-Côte d'Azur;755.43172
2018.0;45.0;Loiret;24.0;Centre-Val de Loire;573.10237
2019.0;35.0;Ille-et-Vilaine;53.0;Bretagne;5865.93023
2020.0;5.0;Hautes-Alpes;93.0;Provence-Alpes-Côte d'Azur;0.0
2023.0;80.0;Somme;32.0;Hauts-de-France;32783.3065
2023.0;971.0;Guadeloupe;1.0;Guadeloupe;0.0
2019.0;976.0;Mayotte;6.0;Mayotte;0.0
2022.0;32.0;Gers;76.0;Occitanie;327.777
2018.0;63.0;Puy-de-Dôme;84.0;Auvergne-Rhône-Alpes;449.32691
2022.0;41.0;Loir-et-Cher;24.0;Centre-Val de Loire;0.0
2020.0;49.0;Maine-et-Loire;52.0;Pays de la Loire;0.0
2024.0;6.0;Alpes-Maritimes;93.0;Provence-Alpes-Côte d'Azur;0.0
2019.0;92.0;Hauts-de-Seine;11.0;Île-de-France;10730.11295
2023.0;76.0;Seine-Maritime;28.0;Normandie;78358.20736
2019.0;60.0;Oise;32.0;Hauts-de-France;2906.30359
2019.0;88.0;Vosges;44.0;Grand Est;1055.48378
2022.0;2.0;Aisne;32.0;Hauts-de-France;374.05925
2020.0;65.0;Hautes-Pyrénées;76.0;Occitanie;1080.041
2022.0;46.0;Lot;76.0;Occitanie;0.0
2023.0;68.0;Haut-Rhin;44.0;Grand Est;142762.05262
2023.0;2B;Haute-Corse;94.0;Corse;0.0
2018.0;79.0;Deux-Sèvres;75.0;Nouvelle-Aquitaine;111.75729
2020.0;71.0;Saône-et-Loire;27.0;Bourgogne-Franche-Comté;0.0
2019.0;79.0;Deux-Sèvres;75.0;Nouvelle-Aquitaine;803.33937
2022.0;33.0;Gironde;75.0;Nouvelle-Aquitaine;44939.09483
2022.0;86.0;Vienne;75.0;Nouvelle-Aquitaine;409.0
2021.0;43.0;Haute-Loire;84.0;Auvergne-Rhône-Alpes;0.0
2020.0;56.0;Morbihan;53.0;Bretagne;0.0
2023.0;86.0;Vienne;75.0;Nouvelle-Aquitaine;7520.44852
2024.0;31.0;Haute-Garonne;76.0;Occitanie;5515.89991
2022.0;39.0;Jura;27.0;Bourgogne-Franche-Comté;0.0
2018.0;84.0;Vaucluse;93.0;Provence-Alpes-Côte d'Azur;328.17291
2020.0;66.0;Pyrénées-Orientales;76.0;Occitanie;0.0
2024.0;69.0;Rhône;84.0;Auvergne-Rhône-Alpes;2338.64969
2022.0;3.0;Allier;84.0;Auvergne-Rhône-Alpes;0.0
2024.0;68.0;Haut-Rhin;44.0;Grand Est;132651.05755
2018.0;973.0;Guyane;3.0;Guyane;0.0
2022.0;93.0;Seine-Saint-Denis;11.0;Île-de-France;3558.23658
2019.0;89.0;Yonne;27.0;Bourgogne-Franche-Comté;1148.88323
2022.0;9.0;Ariège;76.0;Occitanie;0.0
2018.0;65.0;Hautes-Pyrénées;76.0;Occitanie;100.98561
2019.0;51.0;Marne;44.0;Grand Est;631.83908
2022.0;48.0;Lozère;76.0;Occitanie;0.0
2024.0;7.0;Ardèche;84.0;Auvergne-Rhône-Alpes;0.0
2021.0;21.0;Côte-d'Or;27.0;Bourgogne-Franche-Comté;0.0
2021.0;72.0;Sarthe;52.0;Pays de la Loire;0.0
2023.0;62.0;Pas-de-Calais;32.0;Hauts-de-France;1109.075
2021.0;53.0;Mayenne;52.0;Pays de la Loire;0.0
2020.0;55.0;Meuse;44.0;Grand Est;0.0
2023.0;91.0;Essonne;11.0;Île-de-France;274.15105
2022.0;63.0;Puy-de-Dôme;84.0;Auvergne-Rhône-Alpes;406.33581
2022.0;74.0;Haute-Savoie;84.0;Auvergne-Rhône-Alpes;3664.66937
2020.0;32.0;Gers;76.0;Occitanie;5978.121
2019.0;75.0;Paris;11.0;Île-de-France;10541.27298
2023.0;31.0;Haute-Garonne;76.0;Occitanie;5830.65667
2023.0;33.0;Gironde;75.0;Nouvelle-Aquitaine;33764.44466
2022.0;44.0;Loire-Atlantique;52.0;Pays de la Loire;615.28075
2018.0;77.0;Seine-et-Marne;11.0;Île-de-France;2228.35595
2018.0;43.0;Haute-Loire;84.0;Auvergne-Rhône-Alpes;82.45501
2021.0;2B;Haute-Corse;94.0;Corse;0.0
2019.0;68.0;Haut-Rhin;44.0;Grand Est;101806.1375
2023.0;35.0;Ille-et-Vilaine;53.0;Bretagne;44413.94696
2018.0;971.0;Guadeloupe;1.0;Guadeloupe;0.0
2018.0;81.0;Tarn;76.0;Occitanie;5985.21857
2021.0;85.0;Vendée;52.0;Pays de la Loire;72.0
2020.0;971.0;Guadeloupe;1.0;Guadeloupe;0.0
2018.0;66.0;Pyrénées-Orientales;76.0;Occitanie;84.26945
2022.0;26.0;Drôme;84.0;Auvergne-Rhône-Alpes;3308.53357
2023.0;71.0;Saône-et-Loire;27.0;Bourgogne-Franche-Comté;210.866
2023.0;56.0;Morbihan;53.0;Bretagne;1269.34874
2018.0;25.0;Doubs;27.0;Bourgogne-Franche-Comté;441.17969
2021.0;32.0;Gers;76.0;Occitanie;304.97
2019.0;21.0;Côte-d'Or;27.0;Bourgogne-Franche-Comté;1041.89885
2019.0;25.0;Doubs;27.0;Bourgogne-Franche-Comté;763.00294
2022.0;6.0;Alpes-Maritimes;93.0;Provence-Alpes-Côte d'Azur;404.68708
2024.0;37.0;Indre-et-Loire;24.0;Centre-Val de Loire;0.0
2019.0;74.0;Haute-Savoie;84.0;Auvergne-Rhône-Alpes;6336.53944
2022.0;27.0;Eure;28.0;Normandie;9098.936
2020.0;14.0;Calvados;28.0;Normandie;3511.0
2024.0;9.0;Ariège;76.0;Occitanie;0.0
2022.0;24.0;Dordogne;75.0;Nouvelle-Aquitaine;0.0
2018.0;52.0;Haute-Marne;44.0;Grand Est;118.00148
2023.0;84.0;Vaucluse;93.0;Provence-Alpes-Côte d'Azur;213.73474
2024.0;972.0;Martinique;2.0;Martinique;0.0
2022.0;31.0;Haute-Garonne;76.0;Occitanie;510.48688
2022.0;62.0;Pas-de-Calais;32.0;Hauts-de-France;0.0
2022.0;82.0;Tarn-et-Garonne;76.0;Occitanie;0.0
2023.0;93.0;Seine-Saint-Denis;11.0;Île-de-France;2232.35561
2021.0;24.0;Dordogne;75.0;Nouvelle-Aquitaine;0.0
2023.0;53.0;Mayenne;52.0;Pays de la Loire;0.0
2020.0;40.0;Landes;75.0;Nouvelle-Aquitaine;43510.952
2020.0;60.0;Oise;32.0;Hauts-de-France;0.0
2023.0;23.0;Creuse;75.0;Nouvelle-Aquitaine;0.0
2019.0;971.0;Guadeloupe;1.0;Guadeloupe;0.0
2018.0;7.0;Ardèche;84.0;Auvergne-Rhône-Alpes;21.65429
2024.0;33.0;Gironde;75.0;Nouvelle-Aquitaine;25891.6128
2021.0;74.0;Haute-Savoie;84.0;Auvergne-Rhône-Alpes;79912.81491
2021.0;11.0;Aude;76.0;Occitanie;0.0
2020.0;61.0;Orne;28.0;Normandie;0.0
2019.0;81.0;Tarn;76.0;Occitanie;7396.34509
2019.0;83.0;Var;93.0;Provence-Alpes-Côte d'Azur;23478.85562
2023.0;7.0;Ardèche;84.0;Auvergne-Rhône-Alpes;208.00647
2020.0;79.0;Deux-Sèvres;75.0;Nouvelle-Aquitaine;0.0
2021.0;4.0;Alpes-de-Haute-Provence;93.0;Provence-Alpes-Côte d'Azur;0.0
2018.0;56.0;Morbihan;53.0;Bretagne;369.89346
2021.0;971.0;Guadeloupe;1.0;Guadeloupe;0.0
2018.0;34.0;Hérault;76.0;Occitanie;724.94921
2019.0;26.0;Drôme;84.0;Auvergne-Rhône-Alpes;1889.76116
2024.0;40.0;Landes;75.0;Nouvelle-Aquitaine;56178.90633
2020.0;39.0;Jura;27.0;Bourgogne-Franche-Comté;0.0
2022.0;21.0;Côte-d'Or;27.0;Bourgogne-Franche-Comté;0.0
2021.0;974.0;La Réunion;4.0;La Réunion;0.0
2020.0;38.0;Isère;84.0;Auvergne-Rhône-Alpes;78624.228
2019.0;17.0;Charente-Maritime;75.0;Nouvelle-Aquitaine;824.19327
2024.0;66.0;Pyrénées-Orientales;76.0;Occitanie;377.35651
2023.0;77.0;Seine-et-Marne;11.0;Île-de-France;592.46258
2019.0;84.0;Vaucluse;93.0;Provence-Alpes-Côte d'Azur;1917.70685
2023.0;11.0;Aude;76.0;Occitanie;202.94487
2021.0;58.0;Nièvre;27.0;Bourgogne-Franche-Comté;0.0
2021.0;10.0;Aube;44.0;Grand Est;0.0
2022.0;36.0;Indre;24.0;Centre-Val de Loire;0.0
2018.0;68.0;Haut-Rhin;44.0;Grand Est;108590.55937
2019.0;40.0;Landes;75.0;Nouvelle-Aquitaine;2082.89557
2021.0;45.0;Loiret;24.0;Centre-Val de Loire;0.0
2024.0;74.0;Haute-Savoie;84.0;Auvergne-Rhône-Alpes;6158.32079
2021.0;36.0;Indre;24.0;Centre-Val de Loire;242.53165
2019.0;9.0;Ariège;76.0;Occitanie;553.5359
2020.0;82.0;Tarn-et-Garonne;76.0;Occitanie;0.0
2020.0;976.0;Mayotte;6.0;Mayotte;0.0
2020.0;2.0;Aisne;32.0;Hauts-de-France;0.0
2018.0;6.0;Alpes-Maritimes;93.0;Provence-Alpes-Côte d'Azur;1405.07509
2019.0;42.0;Loire;84.0;Auvergne-Rhône-Alpes;5944.21747
2021.0;35.0;Ille-et-Vilaine;53.0;Bretagne;18411.119
2019.0;15.0;Cantal;84.0;Auvergne-Rhône-Alpes;12.96834
2021.0;5.0;Hautes-Alpes;93.0;Provence-Alpes-Côte d'Azur;0.0
2018.0;57.0;Moselle;44.0;Grand Est;5162.50888
2022.0;75.0;Paris;11.0;Île-de-France;261.11406
2023.0;65.0;Hautes-Pyrénées;76.0;Occitanie;1264.376
2018.0;86.0;Vienne;75.0;Nouvelle-Aquitaine;192.23149
2020.0;74.0;Haute-Savoie;84.0;Auvergne-Rhône-Alpes;70132.21741
2021.0;973.0;Guyane;3.0;Guyane;0.0
2024.0;64.0;Pyrénées-Atlantiques;75.0;Nouvelle-Aquitaine;2712.94281
2023.0;47.0;Lot-et-Garonne;75.0;Nouvelle-Aquitaine;0.0
2018.0;49.0;Maine-et-Loire;52.0;Pays de la Loire;278.55699
2020.0;28.0;Eure-et-Loir;24.0;Centre-Val de Loire;31735.399
2024.0;46.0;Lot;76.0;Occitanie;0.0
2024.0;82.0;Tarn-et-Garonne;76.0;Occitanie;0.0
2022.0;71.0;Saône-et-Loire;27.0;Bourgogne-Franche-Comté;2135.42545
2024.0;58.0;Nièvre;27.0;Bourgogne-Franche-Comté;0.0
2019.0;44.0;Loire-Atlantique;52.0;Pays de la Loire;9517.63059
2024.0;36.0;Indre;24.0;Centre-Val de Loire;0.0
2023.0;972.0;Martinique;2.0;Martinique;0.0
2024.0;85.0;Vendée;52.0;Pays de la Loire;21011.85226
2024.0;44.0;Loire-Atlantique;52.0;Pays de la Loire;394.454
2024.0;88.0;Vosges;44.0;Grand Est;591.00823
2021.0;38.0;Isère;84.0;Auvergne-Rhône-Alpes;100270.04259
2023.0;37.0;Indre-et-Loire;24.0;Centre-Val de Loire;224.41116
2023.0;28.0;Eure-et-Loir;24.0;Centre-Val de Loire;33329.578
2024.0;59.0;Nord;32.0;Hauts-de-France;138162.14988
2022.0;79.0;Deux-Sèvres;75.0;Nouvelle-Aquitaine;853.9318
2018.0;11.0;Aude;76.0;Occitanie;125.81361
2019.0;82.0;Tarn-et-Garonne;76.0;Occitanie;211.82665
2024.0;38.0;Isère;84.0;Auvergne-Rhône-Alpes;89006.73679
2022.0;92.0;Hauts-de-Seine;11.0;Île-de-France;1046.74146
2023.0;974.0;La Réunion;4.0;La Réunion;0.0
2021.0;79.0;Deux-Sèvres;75.0;Nouvelle-Aquitaine;0.0
2024.0;54.0;Meurthe-et-Moselle;44.0;Grand Est;896.64882
2018.0;61.0;Orne;28.0;Normandie;446.22417
2018.0;40.0;Landes;75.0;Nouvelle-Aquitaine;370.95984
2018.0;18.0;Cher;24.0;Centre-Val de Loire;173.06827
2018.0;29.0;Finistère;53.0;Bretagne;646.05249
2024.0;39.0;Jura;27.0;Bourgogne-Franche-Comté;2467.19676
2021.0;40.0;Landes;75.0;Nouvelle-Aquitaine;67625.977
2024.0;24.0;Dordogne;75.0;Nouvelle-Aquitaine;0.0
2023.0;10.0;Aube;44.0;Grand Est;448.07256
2019.0;62.0;Pas-de-Calais;32.0;Hauts-de-France;59718.67588
2024.0;2A;Corse-du-Sud;94.0;Corse;0.0
2018.0;15.0;Cantal;84.0;Auvergne-Rhône-Alpes;9.97529
2018.0;14.0;Calvados;28.0;Normandie;499.95652
2018.0;91.0;Essonne;11.0;Île-de-France;2005.60601
2023.0;2A;Corse-du-Sud;94.0;Corse;0.0
2021.0;7.0;Ardèche;84.0;Auvergne-Rhône-Alpes;0.0
2019.0;3.0;Allier;84.0;Auvergne-Rhône-Alpes;4246.36052
2024.0;93.0;Seine-Saint-Denis;11.0;Île-de-France;1817.9019
2023.0;78.0;Yvelines;11.0;Île-de-France;3759.36623
2020.0;2B;Haute-Corse;94.0;Corse;0.0
2024.0;61.0;Orne;28.0;Normandie;397.46277
2018.0;12.0;Aveyron;76.0;Occitanie;109.70105
2021.0;27.0;Eure;28.0;Normandie;3643.43848
2021.0;77.0;Seine-et-Marne;11.0;Île-de-France;826.93657
2022.0;65.0;Hautes-Pyrénées;76.0;Occitanie;2674.514
2024.0;92.0;Hauts-de-Seine;11.0;Île-de-France;1439.71186
2018.0;71.0;Saône-et-Loire;27.0;Bourgogne-Franche-Comté;1762.88409
2023.0;61.0;Orne;28.0;Normandie;390.51192
2020.0;8.0;Ardennes;44.0;Grand Est;0.0
2021.0;12.0;Aveyron;76.0;Occitanie;0.0
2021.0;30.0;Gard;76.0;Occitanie;0.0
2024.0;77.0;Seine-et-Marne;11.0;Île-de-France;443.1021
2024.0;22.0;Côtes-d'Armor;53.0;Bretagne;16040.49699
2024.0;70.0;Haute-Saône;27.0;Bourgogne-Franche-Comté;0.0
2022.0;40.0;Landes;75.0;Nouvelle-Aquitaine;62022.526
2019.0;12.0;Aveyron;76.0;Occitanie;194.97414
2024.0;13.0;Bouches-du-Rhône;93.0;Provence-Alpes-Côte d'Azur;66329.05668
2023.0;90.0;Territoire de Belfort;27.0;Bourgogne-Franche-Comté;6335.61511
2019.0;59.0;Nord;32.0;Hauts-de-France;10123.84729
2022.0;85.0;Vendée;52.0;Pays de la Loire;0.0
2022.0;60.0;Oise;32.0;Hauts-de-France;0.0
2023.0;25.0;Doubs;27.0;Bourgogne-Franche-Comté;1166.58955
2019.0;6.0;Alpes-Maritimes;93.0;Provence-Alpes-Côte d'Azur;3872.02037
2021.0;6.0;Alpes-Maritimes;93.0;Provence-Alpes-Côte d'Azur;659.09471
2021.0;52.0;Haute-Marne;44.0;Grand Est;0.0
2023.0;24.0;Dordogne;75.0;Nouvelle-Aquitaine;0.0
2024.0;60.0;Oise;32.0;Hauts-de-France;776.23195
2021.0;13.0;Bouches-du-Rhône;93.0;Provence-Alpes-Côte d'Azur;19791.81
2024.0;3.0;Allier;84.0;Auvergne-Rhône-Alpes;745.19734
2024.0;45.0;Loiret;24.0;Centre-Val de Loire;267.91933
2023.0;41.0;Loir-et-Cher;24.0;Centre-Val de Loire;0.0
2018.0;87.0;Haute-Vienne;75.0;Nouvelle-Aquitaine;301.1636
2019.0;2A;Corse-du-Sud;94.0;Corse;0.0
2021.0;25.0;Doubs;27.0;Bourgogne-Franche-Comté;0.0
2018.0;50.0;Manche;28.0;Normandie;796.45319
2018.0;75.0;Paris;11.0;Île-de-France;2749.91382
2022.0;971.0;Guadeloupe;1.0;Guadeloupe;0.0
2018.0;28.0;Eure-et-Loir;24.0;Centre-Val de Loire;31641.36871
2024.0;25.0;Doubs;27.0;Bourgogne-Franche-Comté;763.26
2019.0;16.0;Charente;75.0;Nouvelle-Aquitaine;389.50725
2018.0;38.0;Isère;84.0;Auvergne-Rhône-Alpes;580.38875
2018.0;83.0;Var;93.0;Provence-Alpes-Côte d'Azur;312.94059
2023.0;16.0;Charente;75.0;Nouvelle-Aquitaine;0.0
2022.0;28.0;Eure-et-Loir;24.0;Centre-Val de Loire;31869.43
2020.0;21.0;Côte-d'Or;27.0;Bourgogne-Franche-Comté;0.0
2020.0;37.0;Indre-et-Loire;24.0;Centre-Val de Loire;0.0
2020.0;70.0;Haute-Saône;27.0;Bourgogne-Franche-Comté;0.0
2020.0;68.0;Haut-Rhin;44.0;Grand Est;197165.26042
2020.0;27.0;Eure;28.0;Normandie;0.0
2023.0;85.0;Vendée;52.0;Pays de la Loire;21983.34249
2019.0;53.0;Mayenne;52.0;Pays de la Loire;167.10239
2023.0;6.0;Alpes-Maritimes;93.0;Provence-Alpes-Côte d'Azur;261.03989
2022.0;23.0;Creuse;75.0;Nouvelle-Aquitaine;0.0
2018.0;32.0;Gers;76.0;Occitanie;84.58812
2024.0;19.0;Corrèze;75.0;Nouvelle-Aquitaine;2694.133
2020.0;3.0;Allier;84.0;Auvergne-Rhône-Alpes;0.0
2023.0;42.0;Loire;84.0;Auvergne-Rhône-Alpes;320.87136
2020.0;31.0;Haute-Garonne;76.0;Occitanie;0.0
2019.0;78.0;Yvelines;11.0;Île-de-France;6358.74678
2018.0;33.0;Gironde;75.0;Nouvelle-Aquitaine;2824.73093
2021.0;41.0;Loir-et-Cher;24.0;Centre-Val de Loire;0.0
2023.0;52.0;Haute-Marne;44.0;Grand Est;0.0
2024.0;78.0;Yvelines;11.0;Île-de-France;3145.60461
2019.0;58.0;Nièvre;27.0;Bourgogne-Franche-Comté;359.06116
2020.0;22.0;Côtes-d'Armor;53.0;Bretagne;12004.994
2022.0;59.0;Nord;32.0;Hauts-de-France;8516.091
2022.0;58.0;Nièvre;27.0;Bourgogne-Franche-Comté;0.0
2021.0;39.0;Jura;27.0;Bourgogne-Franche-Comté;0.0
2019.0;1.0;Ain;84.0;Auvergne-Rhône-Alpes;1009.69089
2020.0;26.0;Drôme;84.0;Auvergne-Rhône-Alpes;0.0
2019.0;2B;Haute-Corse;94.0;Corse;0.0
2021.0;64.0;Pyrénées-Atlantiques;75.0;Nouvelle-Aquitaine;0.0
2021.0;56.0;Morbihan;53.0;Bretagne;277.317
2021.0;87.0;Haute-Vienne;75.0;Nouvelle-Aquitaine;0.0
2023.0;18.0;Cher;24.0;Centre-Val de Loire;0.0
2020.0;13.0;Bouches-du-Rhône;93.0;Provence-Alpes-Côte d'Azur;0.0
2018.0;64.0;Pyrénées-Atlantiques;75.0;Nouvelle-Aquitaine;315.32453
2018.0;35.0;Ille-et-Vilaine;53.0;Bretagne;8608.91528
2020.0;92.0;Hauts-de-Seine;11.0;Île-de-France;754.24688
2018.0;62.0;Pas-de-Calais;32.0;Hauts-de-France;2434.01617
2018.0;89.0;Yonne;27.0;Bourgogne-Franche-Comté;733.97726
2020.0;83.0;Var;93.0;Provence-Alpes-Côte d'Azur;0.0
2020.0;9.0;Ariège;76.0;Occitanie;0.0
2022.0;45.0;Loiret;24.0;Centre-Val de Loire;2220.72779
2023.0;21.0;Côte-d'Or;27.0;Bourgogne-Franche-Comté;46.619
2019.0;41.0;Loir-et-Cher;24.0;Centre-Val de Loire;2428.89238
2018.0;37.0;Indre-et-Loire;24.0;Centre-Val de Loire;391.14877
2018.0;74.0;Haute-Savoie;84.0;Auvergne-Rhône-Alpes;688.91275
2024.0;47.0;Lot-et-Garonne;75.0;Nouvelle-Aquitaine;1028.471
2019.0;45.0;Loiret;24.0;Centre-Val de Loire;11087.85284
2021.0;19.0;Corrèze;75.0;Nouvelle-Aquitaine;0.0
2020.0;85.0;Vendée;52.0;Pays de la Loire;0.0
2023.0;15.0;Cantal;84.0;Auvergne-Rhône-Alpes;0.0
2020.0;34.0;Hérault;76.0;Occitanie;0.0
2024.0;8.0;Ardennes;44.0;Grand Est;0.0
2021.0;31.0;Haute-Garonne;76.0;Occitanie;0.0
2019.0;36.0;Indre;24.0;Centre-Val de Loire;718.10072
2019.0;76.0;Seine-Maritime;28.0;Normandie;3188.0854
2024.0;86.0;Vienne;75.0;Nouvelle-Aquitaine;6118.47692
2018.0;72.0;Sarthe;52.0;Pays de la Loire;402.81645
2024.0;43.0;Haute-Loire;84.0;Auvergne-Rhône-Alpes;218.74558
2021.0;57.0;Moselle;44.0;Grand Est;98971.42134
2023.0;46.0;Lot;76.0;Occitanie;0.0
2020.0;30.0;Gard;76.0;Occitanie;0.0
2020.0;19.0;Corrèze;75.0;Nouvelle-Aquitaine;0.0
2022.0;973.0;Guyane;3.0;Guyane;0.0
2020.0;973.0;Guyane;3.0;Guyane;0.0
2019.0;63.0;Puy-de-Dôme;84.0;Auvergne-Rhône-Alpes;1245.21114
2023.0;36.0;Indre;24.0;Centre-Val de Loire;613.10351
2018.0;21.0;Côte-d'Or;27.0;Bourgogne-Franche-Comté;509.61712
2023.0;43.0;Haute-Loire;84.0;Auvergne-Rhône-Alpes;0.0
2021.0;90.0;Territoire de Belfort;27.0;Bourgogne-Franche-Comté;0.0
2021.0;95.0;Val-d'Oise;11.0;Île-de-France;0.0
2019.0;974.0;La Réunion;4.0;La Réunion;0.0
2018.0;60.0;Oise;32.0;Hauts-de-France;717.90327
2021.0;70.0;Haute-Saône;27.0;Bourgogne-Franche-Comté;88.0
2023.0;19.0;Corrèze;75.0;Nouvelle-Aquitaine;0.0
2019.0;67.0;Bas-Rhin;44.0;Grand Est;786023.11987
2024.0;21.0;Côte-d'Or;27.0;Bourgogne-Franche-Comté;2493.73
2018.0;24.0;Dordogne;75.0;Nouvelle-Aquitaine;260.27296
2021.0;2.0;Aisne;32.0;Hauts-de-France;0.0
2018.0;54.0;Meurthe-et-Moselle;44.0;Grand Est;1019.69405
2020.0;972.0;Martinique;2.0;Martinique;0.0
2022.0;37.0;Indre-et-Loire;24.0;Centre-Val de Loire;227.95163
2024.0;973.0;Guyane;3.0;Guyane;0.0
2021.0;1.0;Ain;84.0;Auvergne-Rhône-Alpes;0.0
2020.0;48.0;Lozère;76.0;Occitanie;0.0
2018.0;1.0;Ain;84.0;Auvergne-Rhône-Alpes;444.71799
2020.0;51.0;Marne;44.0;Grand Est;0.0
2018.0;23.0;Creuse;75.0;Nouvelle-Aquitaine;0.0
2019.0;27.0;Eure;28.0;Normandie;3700.79845
2024.0;32.0;Gers;76.0;Occitanie;337.76
2020.0;80.0;Somme;32.0;Hauts-de-France;50575.0
2019.0;18.0;Cher;24.0;Centre-Val de Loire;248.76434
2020.0;7.0;Ardèche;84.0;Auvergne-Rhône-Alpes;0.0
2023.0;12.0;Aveyron;76.0;Occitanie;0.0
2023.0;60.0;Oise;32.0;Hauts-de-France;1102.46761
2023.0;72.0;Sarthe;52.0;Pays de la Loire;0.0
2022.0;47.0;Lot-et-Garonne;75.0;Nouvelle-Aquitaine;0.0
2023.0;58.0;Nièvre;27.0;Bourgogne-Franche-Comté;0.0
2019.0;43.0;Haute-Loire;84.0;Auvergne-Rhône-Alpes;383.51995
2021.0;34.0;Hérault;76.0;Occitanie;0.0
2024.0;79.0;Deux-Sèvres;75.0;Nouvelle-Aquitaine;2688.40833
2023.0;13.0;Bouches-du-Rhône;93.0;Provence-Alpes-Côte d'Azur;58776.23452
2020.0;29.0;Finistère;53.0;Bretagne;0.0
2021.0;76.0;Seine-Maritime;28.0;Normandie;0.0
2020.0;12.0;Aveyron;76.0;Occitanie;0.0
2020.0;46.0;Lot;76.0;Occitanie;0.0
2020.0;23.0;Creuse;75.0;Nouvelle-Aquitaine;0.0
2021.0;86.0;Vienne;75.0;Nouvelle-Aquitaine;759.0
2018.0;13.0;Bouches-du-Rhône;93.0;Provence-Alpes-Côte d'Azur;732.16838
2021.0;49.0;Maine-et-Loire;52.0;Pays de la Loire;0.0
2019.0;7.0;Ardèche;84.0;Auvergne-Rhône-Alpes;53.15694
2023.0;83.0;Var;93.0;Provence-Alpes-Côte d'Azur;604.12368
2020.0;33.0;Gironde;75.0;Nouvelle-Aquitaine;17048.0
2022.0;2B;Haute-Corse;94.0;Corse;0.0
2024.0;81.0;Tarn;76.0;Occitanie;14088.721
2024.0;56.0;Morbihan;53.0;Bretagne;1032.97827
2018.0;10.0;Aube;44.0;Grand Est;130.87143
2024.0;16.0;Charente;75.0;Nouvelle-Aquitaine;0.0
2024.0;34.0;Hérault;76.0;Occitanie;675.44535
2019.0;24.0;Dordogne;75.0;Nouvelle-Aquitaine;251.34911
2018.0;58.0;Nièvre;27.0;Bourgogne-Franche-Comté;163.32854
2024.0;49.0;Maine-et-Loire;52.0;Pays de la Loire;2419.0
2022.0;19.0;Corrèze;75.0;Nouvelle-Aquitaine;0.0
2023.0;57.0;Moselle;44.0;Grand Est;116623.15273
2021.0;972.0;Martinique;2.0;Martinique;0.0
2022.0;78.0;Yvelines;11.0;Île-de-France;2255.39446
2022.0;8.0;Ardennes;44.0;Grand Est;2149.456
2022.0;69.0;Rhône;84.0;Auvergne-Rhône-Alpes;878.13548
2021.0;65.0;Hautes-Pyrénées;76.0;Occitanie;19726.0
2023.0;67.0;Bas-Rhin;44.0;Grand Est;38900.095
2022.0;55.0;Meuse;44.0;Grand Est;234.08621
2022.0;68.0;Haut-Rhin;44.0;Grand Est;213863.97687
2022.0;972.0;Martinique;2.0;Martinique;0.0
2021.0;88.0;Vosges;44.0;Grand Est;0.0
2018.0;82.0;Tarn-et-Garonne;76.0;Occitanie;42.76833
2020.0;24.0;Dordogne;75.0;Nouvelle-Aquitaine;0.0
2024.0;974.0;La Réunion;4.0;La Réunion;0.0
2024.0;80.0;Somme;32.0;Hauts-de-France;32592.31759
2022.0;50.0;Manche;28.0;Normandie;0.0
2023.0;81.0;Tarn;76.0;Occitanie;7215.558
2021.0;69.0;Rhône;84.0;Auvergne-Rhône-Alpes;378.65368
2018.0;69.0;Rhône;84.0;Auvergne-Rhône-Alpes;1722.50496
2020.0;64.0;Pyrénées-Atlantiques;75.0;Nouvelle-Aquitaine;0.0
2023.0;45.0;Loiret;24.0;Centre-Val de Loire;0.0
2022.0;80.0;Somme;32.0;Hauts-de-France;36744.11627
2019.0;73.0;Savoie;84.0;Auvergne-Rhône-Alpes;952.42778
2020.0;17.0;Charente-Maritime;75.0;Nouvelle-Aquitaine;0.0
2021.0;91.0;Essonne;11.0;Île-de-France;653.04817
2024.0;41.0;Loir-et-Cher;24.0;Centre-Val de Loire;537.7333
2023.0;48.0;Lozère;76.0;Occitanie;0.0
2018.0;972.0;Martinique;2.0;Martinique;0.0
2020.0;6.0;Alpes-Maritimes;93.0;Provence-Alpes-Côte d'Azur;720.87087
2023.0;82.0;Tarn-et-Garonne;76.0;Occitanie;0.0
2024.0;12.0;Aveyron;76.0;Occitanie;0.0
2018.0;95.0;Val-d'Oise;11.0;Île-de-France;1621.44327
2020.0;11.0;Aude;76.0;Occitanie;0.0
2023.0;3.0;Allier;84.0;Auvergne-Rhône-Alpes;0.0
2020.0;45.0;Loiret;24.0;Centre-Val de Loire;0.0
2021.0;84.0;Vaucluse;93.0;Provence-Alpes-Côte d'Azur;543.32386
2019.0;57.0;Moselle;44.0;Grand Est;21417.66125
2023.0;63.0;Puy-de-Dôme;84.0;Auvergne-Rhône-Alpes;0.0
2021.0;67.0;Bas-Rhin;44.0;Grand Est;291657.0
2018.0;88.0;Vosges;44.0;Grand Est;893.25818
2022.0;16.0;Charente;75.0;Nouvelle-Aquitaine;2074.41745
2019.0;54.0;Meurthe-et-Moselle;44.0;Grand Est;2710.58774
2019.0;80.0;Somme;32.0;Hauts-de-France;87726.95843
2024.0;2.0;Aisne;32.0;Hauts-de-France;235.76158
2018.0;44.0;Loire-Atlantique;52.0;Pays de la Loire;1421.28137
2022.0;2A;Corse-du-Sud;94.0;Corse;0.0
2024.0;18.0;Cher;24.0;Centre-Val de Loire;0.0
2018.0;73.0;Savoie;84.0;Auvergne-Rhône-Alpes;203.34884
2023.0;64.0;Pyrénées-Atlantiques;75.0;Nouvelle-Aquitaine;232.571
2021.0;94.0;Val-de-Marne;11.0;Île-de-France;519.22428
2019.0;66.0;Pyrénées-Orientales;76.0;Occitanie;203.66299
2020.0;1.0;Ain;84.0;Auvergne-Rhône-Alpes;0.0
2022.0;54.0;Meurthe-et-Moselle;44.0;Grand Est;1433.0078
2020.0;78.0;Yvelines;11.0;Île-de-France;380.38572
2023.0;9.0;Ariège;76.0;Occitanie;0.0
2019.0;11.0;Aude;76.0;Occitanie;452.48031
2023.0;70.0;Haute-Saône;27.0;Bourgogne-Franche-Comté;82.0
2022.0;67.0;Bas-Rhin;44.0;Grand Est;267873.0
2021.0;89.0;Yonne;27.0;Bourgogne-Franche-Comté;0.0
2022.0;38.0;Isère;84.0;Auvergne-Rhône-Alpes;91262.80653
2020.0;62.0;Pas-de-Calais;32.0;Hauts-de-France;0.0
2018.0;8.0;Ardennes;44.0;Grand Est;241.90656
2022.0;29.0;Finistère;53.0;Bretagne;0.0
2020.0;88.0;Vosges;44.0;Grand Est;0.0
2021.0;17.0;Charente-Maritime;75.0;Nouvelle-Aquitaine;0.0
2021.0;55.0;Meuse;44.0;Grand Est;0.0
2022.0;10.0;Aube;44.0;Grand Est;0.0
2022.0;53.0;Mayenne;52.0;Pays de la Loire;0.0
2019.0;77.0;Seine-et-Marne;11.0;Île-de-France;8895.82883
2019.0;5.0;Hautes-Alpes;93.0;Provence-Alpes-Côte d'Azur;436.17406
2024.0;90.0;Territoire de Belfort;27.0;Bourgogne-Franche-Comté;10761.12265
2019.0;39.0;Jura;27.0;Bourgogne-Franche-Comté;646.40274
2019.0;8.0;Ardennes;44.0;Grand Est;962.51013
2021.0;66.0;Pyrénées-Orientales;76.0;Occitanie;177.255
2018.0;5.0;Hautes-Alpes;93.0;Provence-Alpes-Côte d'Azur;61.04746
2018.0;76.0;Seine-Maritime;28.0;Normandie;2356.2048
2018.0;976.0;Mayotte;6.0;Mayotte;0.0
2023.0;88.0;Vosges;44.0;Grand Est;444.00214
2018.0;78.0;Yvelines;11.0;Île-de-France;2398.55985
2018.0;94.0;Val-de-Marne;11.0;Île-de-France;2024.08845
2024.0;87.0;Haute-Vienne;75.0;Nouvelle-Aquitaine;0.0
2019.0;972.0;Martinique;2.0;Martinique;0.0
2019.0;30.0;Gard;76.0;Occitanie;889.1391
2023.0;95.0;Val-d'Oise;11.0;Île-de-France;208.81574
2023.0;14.0;Calvados;28.0;Normandie;5100.93193
2020.0;36.0;Indre;24.0;Centre-Val de Loire;0.0
2018.0;19.0;Corrèze;75.0;Nouvelle-Aquitaine;125.78746
2020.0;75.0;Paris;11.0;Île-de-France;0.0
2021.0;976.0;Mayotte;6.0;Mayotte;0.0
2020.0;84.0;Vaucluse;93.0;Provence-Alpes-Côte d'Azur;222.89127
2019.0;70.0;Haute-Saône;27.0;Bourgogne-Franche-Comté;204.46752
2024.0;30.0;Gard;76.0;Occitanie;0.0
2023.0;79.0;Deux-Sèvres;75.0;Nouvelle-Aquitaine;1948.06646
2023.0;94.0;Val-de-Marne;11.0;Île-de-France;615.99462
2024.0;72.0;Sarthe;52.0;Pays de la Loire;0.0
2019.0;64.0;Pyrénées-Atlantiques;75.0;Nouvelle-Aquitaine;1877.25188
2018.0;90.0;Territoire de Belfort;27.0;Bourgogne-Franche-Comté;135.88962
2020.0;4.0;Alpes-de-Haute-Provence;93.0;Provence-Alpes-Côte d'Azur;0.0
2024.0;95.0;Val-d'Oise;11.0;Île-de-France;7715.84665
2020.0;25.0;Doubs;27.0;Bourgogne-Franche-Comté;0.0
2021.0;22.0;Côtes-d'Armor;53.0;Bretagne;28010.581
2018.0;30.0;Gard;76.0;Occitanie;319.36994
2018.0;51.0;Marne;44.0;Grand Est;592.69846
2021.0;59.0;Nord;32.0;Hauts-de-France;434.73273
2018.0;26.0;Drôme;84.0;Auvergne-Rhône-Alpes;460.14071
2020.0;86.0;Vienne;75.0;Nouvelle-Aquitaine;0.0
2024.0;91.0;Essonne;11.0;Île-de-France;1783.32682
2020.0;18.0;Cher;24.0;Centre-Val de Loire;0.0
2018.0;16.0;Charente;75.0;Nouvelle-Aquitaine;137.71066
2021.0;44.0;Loire-Atlantique;52.0;Pays de la Loire;3618.5214
2021.0;78.0;Yvelines;11.0;Île-de-France;565.76292
2024.0;65.0;Hautes-Pyrénées;76.0;Occitanie;0.0
2021.0;33.0;Gironde;75.0;Nouvelle-Aquitaine;49523.242
2021.0;50.0;Manche;28.0;Normandie;0.0
2023.0;5.0;Hautes-Alpes;93.0;Provence-Alpes-Côte d'Azur;0.0
2024.0;10.0;Aube;44.0;Grand Est;413.79959
2019.0;87.0;Haute-Vienne;75.0;Nouvelle-Aquitaine;598.87513
2023.0;1.0;Ain;84.0;Auvergne-Rhône-Alpes;8510.05661
2023.0;2.0;Aisne;32.0;Hauts-de-France;415.58852
2021.0;51.0;Marne;44.0;Grand Est;0.0
2022.0;25.0;Doubs;27.0;Bourgogne-Franche-Comté;305.37188
2022.0;91.0;Essonne;11.0;Île-de-France;2379.28562
2021.0;54.0;Meurthe-et-Moselle;44.0;Grand Est;468.15958
2024.0;67.0;Bas-Rhin;44.0;Grand Est;40979.981
2019.0;48.0;Lozère;76.0;Occitanie;0.0
2022.0;976.0;Mayotte;6.0;Mayotte;0.0
